Modulo,Tabela,Descricao_Tabela,Coluna,Tipo,Eh_Chave_Primaria,Tabela_Relacionada (Chave Estrangeira),Observacoes
"Estoque / Produtos","A3","Tabela do Sistema Petrus","A3_ID","int(4)","SIM","",""
"Estoque / Produtos","A3","Tabela do Sistema Petrus","S1_ID","int(4)","NAO","S1",""
"Estoque / Produtos","A3","Tabela do Sistema Petrus","A3_DESCRICAO","varchar(50)","NAO","",""
"Estoque / Produtos","A3","Tabela do Sistema Petrus","A3_TIPO","varchar(50)","NAO","",""
"Estoque / Produtos","A3","Tabela do Sistema Petrus","A3_SELECIONE","bit(1)","NAO","",""
"Estoque / Produtos","A3","Tabela do Sistema Petrus","A3_DATA_INCLUSAO","datetime(8)","NAO","",""
"Estoque / Produtos","A3","Tabela do Sistema Petrus","A3_DATA_ALTERACAO","datetime(8)","NAO","",""
"Estoque / Produtos","A3","Tabela do Sistema Petrus","A3_USUARIO_INCLUSAO","varchar(50)","NAO","",""
"Estoque / Produtos","A3","Tabela do Sistema Petrus","A3_USUARIO_ALTERACAO","varchar(50)","NAO","",""
"Estoque / Produtos","A3","Tabela do Sistema Petrus","A3_ENDERECO","varchar(50)","NAO","",""
"Estoque / Produtos","A3","Tabela do Sistema Petrus","A3_ALTURA","numeric(9)","NAO","",""
"Estoque / Produtos","A3","Tabela do Sistema Petrus","A3_LARGURA","numeric(9)","NAO","",""
"Estoque / Produtos","A3","Tabela do Sistema Petrus","A3_COMPRIMENTO","numeric(9)","NAO","",""
"Estoque / Produtos","A3","Tabela do Sistema Petrus","A3_CUBAGEM","numeric(9)","NAO","",""
"Estoque / Produtos","A3","Tabela do Sistema Petrus","A3_STATUS","varchar(20)","NAO","","Máquina de estados (Aberto, Fechado, etc)"
"Estoque / Produtos","A3","Tabela do Sistema Petrus","A3_DATA_BLOQUEIO","datetime(8)","NAO","",""
"Estoque / Produtos","A3","Tabela do Sistema Petrus","A3_DATA_REATIVACAO","datetime(8)","NAO","",""
"Geral / Outros","A5","Tabela do Sistema Petrus","A5_ID","int(4)","SIM","",""
"Geral / Outros","A5","Tabela do Sistema Petrus","S1_ID","int(4)","NAO","S1",""
"Geral / Outros","A5","Tabela do Sistema Petrus","A5_DESCRICAO","varchar(300)","NAO","",""
"Geral / Outros","A5","Tabela do Sistema Petrus","A5_SELECIONE","bit(1)","NAO","",""
"Geral / Outros","A5","Tabela do Sistema Petrus","A5_DATA_INCLUSAO","datetime(8)","NAO","",""
"Geral / Outros","A5","Tabela do Sistema Petrus","A5_DATA_ALTERACAO","datetime(8)","NAO","",""
"Geral / Outros","A5","Tabela do Sistema Petrus","A5_USUARIO_INCLUSAO","varchar(50)","NAO","",""
"Geral / Outros","A5","Tabela do Sistema Petrus","A5_USUARIO_ALTERACAO","varchar(50)","NAO","",""
"Geral / Outros","B1","Tabela do Sistema Petrus","B1_ID","int(4)","SIM","",""
"Geral / Outros","B1","Tabela do Sistema Petrus","S1_ID","int(4)","NAO","S1",""
"Geral / Outros","B1","Tabela do Sistema Petrus","B1_CNH","varchar(20)","NAO","",""
"Geral / Outros","B1","Tabela do Sistema Petrus","B1_DATA_NASCIMENTO","datetime(8)","NAO","",""
"Geral / Outros","B1","Tabela do Sistema Petrus","B1_NOME","varchar(50)","NAO","",""
"Geral / Outros","B1","Tabela do Sistema Petrus","B1_IE_RG","varchar(20)","NAO","",""
"Geral / Outros","B1","Tabela do Sistema Petrus","B1_CNPJ_CPF","varchar(20)","NAO","",""
"Geral / Outros","B1","Tabela do Sistema Petrus","B1_SELECIONE","bit(1)","NAO","",""
"Geral / Outros","B1","Tabela do Sistema Petrus","B1_DATA_INCLUSAO","datetime(8)","NAO","",""
"Geral / Outros","B1","Tabela do Sistema Petrus","B1_DATA_ALTERACAO","datetime(8)","NAO","",""
"Geral / Outros","B1","Tabela do Sistema Petrus","B1_USUARIO_INCLUSAO","varchar(50)","NAO","",""
"Geral / Outros","B1","Tabela do Sistema Petrus","B1_USUARIO_ALTERACAO","varchar(50)","NAO","",""
"Geral / Outros","B1","Tabela do Sistema Petrus","B1_EMAIL","varchar(500)","NAO","",""
"Geral / Outros","B1","Tabela do Sistema Petrus","B1_CONTATO","varchar(50)","NAO","",""
"Geral / Outros","B1","Tabela do Sistema Petrus","B1_LOGRADOURO","varchar(200)","NAO","",""
"Geral / Outros","B1","Tabela do Sistema Petrus","B1_NUMERO","varchar(50)","NAO","",""
"Geral / Outros","B1","Tabela do Sistema Petrus","B1_BAIRRO","varchar(100)","NAO","",""
"Geral / Outros","B1","Tabela do Sistema Petrus","B1_COMPLEMENTO","varchar(100)","NAO","",""
"Geral / Outros","B1","Tabela do Sistema Petrus","B1_CEP","varchar(20)","NAO","",""
"Geral / Outros","B1","Tabela do Sistema Petrus","B1_CODIGO","int(4)","NAO","",""
"Geral / Outros","B1","Tabela do Sistema Petrus","X4_ID","int(4)","NAO","X4",""
"Geral / Outros","B1","Tabela do Sistema Petrus","X12_ID","int(4)","NAO","X12",""
"Geral / Outros","B1","Tabela do Sistema Petrus","B1_FONE_1","varchar(30)","NAO","",""
"Geral / Outros","B1","Tabela do Sistema Petrus","B1_FONE_2","varchar(30)","NAO","",""
"Geral / Outros","B1","Tabela do Sistema Petrus","B1_FONE_3","varchar(30)","NAO","",""
"Estoque / Produtos","B2","Tabela do Sistema Petrus","B2_ID","int(4)","SIM","",""
"Estoque / Produtos","B2","Tabela do Sistema Petrus","S1_ID","int(4)","NAO","S1",""
"Estoque / Produtos","B2","Tabela do Sistema Petrus","B2_DESCRICAO","varchar(50)","NAO","",""
"Estoque / Produtos","B2","Tabela do Sistema Petrus","B2_ALTURA_EXTERNA","numeric(9)","NAO","",""
"Estoque / Produtos","B2","Tabela do Sistema Petrus","B2_ALTURA_INTERNA","numeric(9)","NAO","",""
"Estoque / Produtos","B2","Tabela do Sistema Petrus","B2_ANO_FABRICACAO","int(4)","NAO","",""
"Estoque / Produtos","B2","Tabela do Sistema Petrus","B2_ANO_MODELO","int(4)","NAO","",""
"Estoque / Produtos","B2","Tabela do Sistema Petrus","B2_CAPACIDADE","numeric(9)","NAO","",""
"Estoque / Produtos","B2","Tabela do Sistema Petrus","B2_CHASSI","varchar(17)","NAO","",""
"Estoque / Produtos","B2","Tabela do Sistema Petrus","B2_COMPRIMENTO_EXTERNO","numeric(9)","NAO","",""
"Estoque / Produtos","B2","Tabela do Sistema Petrus","B2_COMPRIMENTO_INTERNO","numeric(9)","NAO","",""
"Estoque / Produtos","B2","Tabela do Sistema Petrus","B2_EIXOS","int(4)","NAO","",""
"Estoque / Produtos","B2","Tabela do Sistema Petrus","B2_LARGURA_EXTERNA","numeric(9)","NAO","",""
"Estoque / Produtos","B2","Tabela do Sistema Petrus","B2_LARGURA_INTERNA","numeric(9)","NAO","",""
"Estoque / Produtos","B2","Tabela do Sistema Petrus","B2_PLACA","varchar(15)","NAO","",""
"Estoque / Produtos","B2","Tabela do Sistema Petrus","B2_RASTREADO","bit(1)","NAO","",""
"Estoque / Produtos","B2","Tabela do Sistema Petrus","X12_ID","int(4)","NAO","X12",""
"Estoque / Produtos","B2","Tabela do Sistema Petrus","X7_ID","int(4)","NAO","X7",""
"Estoque / Produtos","B2","Tabela do Sistema Petrus","I4_ID","int(4)","NAO","I4",""
"Estoque / Produtos","B2","Tabela do Sistema Petrus","G4_ID","int(4)","NAO","G4",""
"Estoque / Produtos","B2","Tabela do Sistema Petrus","G5_ID","int(4)","NAO","G5",""
"Estoque / Produtos","B2","Tabela do Sistema Petrus","B2_VOLUMES","numeric(9)","NAO","",""
"Estoque / Produtos","B2","Tabela do Sistema Petrus","B2_TIPO","varchar(50)","NAO","",""
"Estoque / Produtos","B2","Tabela do Sistema Petrus","B2_SELECIONE","bit(1)","NAO","",""
"Estoque / Produtos","B2","Tabela do Sistema Petrus","B2_DATA_INCLUSAO","datetime(8)","NAO","",""
"Estoque / Produtos","B2","Tabela do Sistema Petrus","B2_DATA_ALTERACAO","datetime(8)","NAO","",""
"Estoque / Produtos","B2","Tabela do Sistema Petrus","B2_USUARIO_INCLUSAO","varchar(50)","NAO","",""
"Estoque / Produtos","B2","Tabela do Sistema Petrus","B2_USUARIO_ALTERACAO","varchar(50)","NAO","",""
"Estoque / Produtos","B2","Tabela do Sistema Petrus","B2_PESO","numeric(9)","NAO","",""
"Estoque / Produtos","B2","Tabela do Sistema Petrus","B2_RENAVAM","varchar(20)","NAO","",""
"Estoque / Produtos","B2","Tabela do Sistema Petrus","B2_RNTRC","varchar(20)","NAO","",""
"Estoque / Produtos","B2","Tabela do Sistema Petrus","B2_TIPO_CARROCERIA","varchar(30)","NAO","",""
"Estoque / Produtos","B2","Tabela do Sistema Petrus","B2_TIPO_PROPRIETARIO","varchar(30)","NAO","",""
"Estoque / Produtos","B2","Tabela do Sistema Petrus","R2_ID","int(4)","NAO","R2",""
"Estoque / Produtos","B2","Tabela do Sistema Petrus","B1_ID","int(4)","NAO","B1",""
"Estoque / Produtos","B2","Tabela do Sistema Petrus","B2_TARA","numeric(9)","NAO","",""
"Estoque / Produtos","B2","Tabela do Sistema Petrus","B2_CUBAGEM","numeric(9)","NAO","",""
"Estoque / Produtos","B2","Tabela do Sistema Petrus","I5_ID","int(4)","NAO","I5",""
"Estoque / Produtos","B2","Tabela do Sistema Petrus","J2_ID","int(4)","NAO","J2",""
"Estoque / Produtos","B2","Tabela do Sistema Petrus","B2_ANTT","varchar(20)","NAO","",""
"Estoque / Produtos","B2","Tabela do Sistema Petrus","B2_MES_LICENCIAMENTO","varchar(20)","NAO","",""
"Geral / Outros","B5","Tabela do Sistema Petrus","B5_ID","int(4)","SIM","",""
"Geral / Outros","B5","Tabela do Sistema Petrus","S1_ID","int(4)","NAO","S1",""
"Geral / Outros","B5","Tabela do Sistema Petrus","B5_NOME","varchar(300)","NAO","",""
"Geral / Outros","B5","Tabela do Sistema Petrus","B5_SELECIONE","bit(1)","NAO","",""
"Geral / Outros","B5","Tabela do Sistema Petrus","B5_DATA_INCLUSAO","datetime(8)","NAO","",""
"Geral / Outros","B5","Tabela do Sistema Petrus","B5_DATA_ALTERACAO","datetime(8)","NAO","",""
"Geral / Outros","B5","Tabela do Sistema Petrus","B5_USUARIO_INCLUSAO","varchar(50)","NAO","",""
"Geral / Outros","B5","Tabela do Sistema Petrus","B5_USUARIO_ALTERACAO","varchar(50)","NAO","",""
"Geral / Outros","B5","Tabela do Sistema Petrus","B5_CNPJ","varchar(20)","NAO","",""
"Geral / Outros","B5","Tabela do Sistema Petrus","B5_APOLICE","varchar(50)","NAO","",""
"Geral / Outros","B5","Tabela do Sistema Petrus","B5_DATA_INICIAL_SEGURO","datetime(8)","NAO","",""
"Geral / Outros","B5","Tabela do Sistema Petrus","B5_DATA_FINAL_SEGURO","datetime(8)","NAO","",""
"Geral / Outros","B5","Tabela do Sistema Petrus","B5_VALOR_FRANQUIA","numeric(9)","NAO","","Campo monetário"
"Geral / Outros","B5","Tabela do Sistema Petrus","B5_VALOR_SEGURO","numeric(9)","NAO","","Campo monetário"
"Geral / Outros","B5","Tabela do Sistema Petrus","B5_DESCRICAO","varchar(300)","NAO","",""
"Geral / Outros","C1","Tabela do Sistema Petrus","C1_ID","int(4)","SIM","",""
"Geral / Outros","C1","Tabela do Sistema Petrus","S1_ID","int(4)","NAO","S1",""
"Geral / Outros","C1","Tabela do Sistema Petrus","C1_NOME","varchar(50)","NAO","",""
"Geral / Outros","C1","Tabela do Sistema Petrus","C1_TIPO","varchar(15)","NAO","",""
"Geral / Outros","C1","Tabela do Sistema Petrus","C1_SELECIONE","bit(1)","NAO","",""
"Geral / Outros","C1","Tabela do Sistema Petrus","C1_DATA_INCLUSAO","datetime(8)","NAO","",""
"Geral / Outros","C1","Tabela do Sistema Petrus","C1_DATA_ALTERACAO","datetime(8)","NAO","",""
"Geral / Outros","C1","Tabela do Sistema Petrus","C1_USUARIO_INCLUSAO","varchar(50)","NAO","",""
"Geral / Outros","C1","Tabela do Sistema Petrus","C1_USUARIO_ALTERACAO","varchar(50)","NAO","",""
"Geral / Outros","C1","Tabela do Sistema Petrus","C1_EMAIL","varchar(500)","NAO","",""
"Geral / Outros","C1","Tabela do Sistema Petrus","C1_TELEFONE","varchar(20)","NAO","",""
"Geral / Outros","C1","Tabela do Sistema Petrus","S2_ID","int(4)","NAO","S2",""
"Geral / Outros","C1","Tabela do Sistema Petrus","C1_NIVEL","int(4)","NAO","",""
"Geral / Outros","C1","Tabela do Sistema Petrus","D10_ID","int(4)","NAO","D10",""
"Geral / Outros","C13","Tabela do Sistema Petrus","C13_ID","int(4)","SIM","",""
"Geral / Outros","C13","Tabela do Sistema Petrus","S1_ID","int(4)","NAO","S1",""
"Geral / Outros","C13","Tabela do Sistema Petrus","C13_DESCRICAO","varchar(50)","NAO","",""
"Geral / Outros","C13","Tabela do Sistema Petrus","C13_SELECIONE","bit(1)","NAO","",""
"Geral / Outros","C13","Tabela do Sistema Petrus","C13_DATA_INCLUSAO","datetime(8)","NAO","",""
"Geral / Outros","C13","Tabela do Sistema Petrus","C13_DATA_ALTERACAO","datetime(8)","NAO","",""
"Geral / Outros","C13","Tabela do Sistema Petrus","C13_USUARIO_INCLUSAO","varchar(50)","NAO","",""
"Geral / Outros","C13","Tabela do Sistema Petrus","C13_USUARIO_ALTERACAO","varchar(50)","NAO","",""
"Geral / Outros","C13","Tabela do Sistema Petrus","C13_TIPO","varchar(50)","NAO","",""
"Geral / Outros","C3","Tabela do Sistema Petrus","C3_ID","int(4)","SIM","",""
"Geral / Outros","C3","Tabela do Sistema Petrus","S1_ID","int(4)","NAO","S1",""
"Geral / Outros","C3","Tabela do Sistema Petrus","C3_DESCRICAO","varchar(300)","NAO","",""
"Geral / Outros","C3","Tabela do Sistema Petrus","C3_SELECIONE","bit(1)","NAO","",""
"Geral / Outros","C3","Tabela do Sistema Petrus","C3_DATA_INCLUSAO","datetime(8)","NAO","",""
"Geral / Outros","C3","Tabela do Sistema Petrus","C3_DATA_ALTERACAO","datetime(8)","NAO","",""
"Geral / Outros","C3","Tabela do Sistema Petrus","C3_USUARIO_INCLUSAO","varchar(50)","NAO","",""
"Geral / Outros","C3","Tabela do Sistema Petrus","C3_USUARIO_ALTERACAO","varchar(50)","NAO","",""
"Geral / Outros","C3","Tabela do Sistema Petrus","C3_PESO","numeric(9)","NAO","",""
"Geral / Outros","C3","Tabela do Sistema Petrus","C13_ID","int(4)","NAO","C13",""
"Geral / Outros","C3","Tabela do Sistema Petrus","V10_ID","int(4)","NAO","V10",""
"Geral / Outros","C3","Tabela do Sistema Petrus","C3_CICLO_PADRAO","numeric(9)","NAO","",""
"Geral / Outros","C3","Tabela do Sistema Petrus","C3_CAVIDADE","int(4)","NAO","",""
"Geral / Outros","C3","Tabela do Sistema Petrus","L10_ID","int(4)","NAO","L10",""
"Geral / Outros","C3","Tabela do Sistema Petrus","C3_CONTADOR","int(4)","NAO","",""
"Geral / Outros","C3","Tabela do Sistema Petrus","C3_REFERENCIA","varchar(50)","NAO","",""
"Geral / Outros","C3","Tabela do Sistema Petrus","C3_TOLERANCIA","numeric(9)","NAO","",""
"Geral / Outros","C3","Tabela do Sistema Petrus","H1_ID","int(4)","NAO","H1",""
"Geral / Outros","C3","Tabela do Sistema Petrus","C3_ATIVO","bit(1)","NAO","",""
"Usuários, Perfis e Acessos","C4","Tabela do Sistema Petrus","C4_ID","int(4)","SIM","",""
"Usuários, Perfis e Acessos","C4","Tabela do Sistema Petrus","S1_ID","int(4)","NAO","S1",""
"Usuários, Perfis e Acessos","C4","Tabela do Sistema Petrus","C4_SELECIONE","bit(1)","NAO","",""
"Usuários, Perfis e Acessos","C4","Tabela do Sistema Petrus","C4_DATA_INCLUSAO","datetime(8)","NAO","",""
"Usuários, Perfis e Acessos","C4","Tabela do Sistema Petrus","C4_DATA_ALTERACAO","datetime(8)","NAO","",""
"Usuários, Perfis e Acessos","C4","Tabela do Sistema Petrus","C4_USUARIO_INCLUSAO","varchar(50)","NAO","",""
"Usuários, Perfis e Acessos","C4","Tabela do Sistema Petrus","C4_USUARIO_ALTERACAO","varchar(50)","NAO","",""
"Usuários, Perfis e Acessos","C4","Tabela do Sistema Petrus","C4_NOME","varchar(50)","NAO","",""
"Usuários, Perfis e Acessos","C4","Tabela do Sistema Petrus","V10_ID","int(4)","NAO","V10",""
"Usuários, Perfis e Acessos","C4","Tabela do Sistema Petrus","C4_MODULO","varchar(50)","NAO","",""
"Usuários, Perfis e Acessos","C4","Tabela do Sistema Petrus","H1_ID","int(4)","NAO","H1",""
"Usuários, Perfis e Acessos","C4","Tabela do Sistema Petrus","C4_HORIMETRO","numeric(9)","NAO","",""
"Usuários, Perfis e Acessos","C4","Tabela do Sistema Petrus","C4_ATIVO","bit(1)","NAO","",""
"Usuários, Perfis e Acessos","C4","Tabela do Sistema Petrus","C4_LIMITADOR","numeric(9)","NAO","",""
"Financeiro / Cobrança","D10","Tabela do Sistema Petrus","D10_ID","int(4)","SIM","",""
"Financeiro / Cobrança","D10","Tabela do Sistema Petrus","S1_ID","int(4)","NAO","S1",""
"Financeiro / Cobrança","D10","Tabela do Sistema Petrus","D10_NOME","varchar(300)","NAO","",""
"Financeiro / Cobrança","D10","Tabela do Sistema Petrus","D10_AFASTADO_FGTS","bit(1)","NAO","",""
"Financeiro / Cobrança","D10","Tabela do Sistema Petrus","D10_APOSENTADO","bit(1)","NAO","",""
"Financeiro / Cobrança","D10","Tabela do Sistema Petrus","D10_CATEGORIA_CNH","varchar(15)","NAO","",""
"Financeiro / Cobrança","D10","Tabela do Sistema Petrus","D10_FONE_2","varchar(20)","NAO","",""
"Financeiro / Cobrança","D10","Tabela do Sistema Petrus","D10_CNH","varchar(20)","NAO","",""
"Financeiro / Cobrança","D10","Tabela do Sistema Petrus","D10_CPF","varchar(30)","NAO","",""
"Financeiro / Cobrança","D10","Tabela do Sistema Petrus","D10_DATA_ADMISSAO","datetime(8)","NAO","",""
"Financeiro / Cobrança","D10","Tabela do Sistema Petrus","D10_DATA_AFASTAMENTO","datetime(8)","NAO","",""
"Financeiro / Cobrança","D10","Tabela do Sistema Petrus","D10_DATA_APOSENTADORIA","datetime(8)","NAO","",""
"Financeiro / Cobrança","D10","Tabela do Sistema Petrus","D10_DATA_RESCISAO","datetime(8)","NAO","",""
"Financeiro / Cobrança","D10","Tabela do Sistema Petrus","D10_DATA_EFETIVACAO","datetime(8)","NAO","",""
"Financeiro / Cobrança","D10","Tabela do Sistema Petrus","D10_DATA_EMISSAO_RG","datetime(8)","NAO","",""
"Financeiro / Cobrança","D10","Tabela do Sistema Petrus","D10_DATA_NASCIMENTO","datetime(8)","NAO","",""
"Financeiro / Cobrança","D10","Tabela do Sistema Petrus","D10_DATA_OPCAO_FGTS","datetime(8)","NAO","",""
"Financeiro / Cobrança","D10","Tabela do Sistema Petrus","D10_DATA_PRIMEIRA_CNH","datetime(8)","NAO","",""
"Financeiro / Cobrança","D10","Tabela do Sistema Petrus","D10_DATA_REINTEGRACAO","datetime(8)","NAO","",""
"Financeiro / Cobrança","D10","Tabela do Sistema Petrus","D10_DATA_TERMINO_CONTRATO","datetime(8)","NAO","",""
"Financeiro / Cobrança","D10","Tabela do Sistema Petrus","D10_DATA_VALIDADE_CNH","datetime(8)","NAO","",""
"Financeiro / Cobrança","D10","Tabela do Sistema Petrus","D10_DEPENDENTES","int(4)","NAO","",""
"Financeiro / Cobrança","D10","Tabela do Sistema Petrus","D10_ESTADO_CIVIL","varchar(15)","NAO","",""
"Financeiro / Cobrança","D10","Tabela do Sistema Petrus","X12_ID_1","int(4)","NAO","",""
"Financeiro / Cobrança","D10","Tabela do Sistema Petrus","X12_ID_3","int(4)","NAO","",""
"Financeiro / Cobrança","D10","Tabela do Sistema Petrus","D10_FOTO","image(16)","NAO","",""
"Financeiro / Cobrança","D10","Tabela do Sistema Petrus","D10_HORAS_DIA","numeric(9)","NAO","",""
"Financeiro / Cobrança","D10","Tabela do Sistema Petrus","D10_HORAS_MES","numeric(9)","NAO","",""
"Financeiro / Cobrança","D10","Tabela do Sistema Petrus","D10_JORNADA_REDUZIDA","bit(1)","NAO","",""
"Financeiro / Cobrança","D10","Tabela do Sistema Petrus","D10_JORNADA_VARIAVEL","bit(1)","NAO","",""
"Financeiro / Cobrança","D10","Tabela do Sistema Petrus","X4_ID_1","int(4)","NAO","",""
"Financeiro / Cobrança","D10","Tabela do Sistema Petrus","D10_NACIONALIDADE","varchar(15)","NAO","",""
"Financeiro / Cobrança","D10","Tabela do Sistema Petrus","X12_ID_2","int(4)","NAO","",""
"Financeiro / Cobrança","D10","Tabela do Sistema Petrus","D10_NOME_MAE","varchar(300)","NAO","",""
"Financeiro / Cobrança","D10","Tabela do Sistema Petrus","D10_NOME_PAI","varchar(300)","NAO","",""
"Financeiro / Cobrança","D10","Tabela do Sistema Petrus","D10_ORGAO_EMISSOR_RG","varchar(20)","NAO","",""
"Financeiro / Cobrança","D10","Tabela do Sistema Petrus","D10_ORGAO_EXPEDICAO_RG","varchar(20)","NAO","",""
"Financeiro / Cobrança","D10","Tabela do Sistema Petrus","D10_HORAS_SEMANA","numeric(9)","NAO","",""
"Financeiro / Cobrança","D10","Tabela do Sistema Petrus","D10_REGIME_PREVIDENCIARIO","varchar(50)","NAO","",""
"Financeiro / Cobrança","D10","Tabela do Sistema Petrus","D10_RG","varchar(20)","NAO","",""
"Financeiro / Cobrança","D10","Tabela do Sistema Petrus","D10_SECAO_ELEITORAL","varchar(20)","NAO","",""
"Financeiro / Cobrança","D10","Tabela do Sistema Petrus","D10_SEXO","varchar(20)","NAO","",""
"Financeiro / Cobrança","D10","Tabela do Sistema Petrus","D10_FONE_1","varchar(20)","NAO","",""
"Financeiro / Cobrança","D10","Tabela do Sistema Petrus","D10_TITULO_ELEITORAL","varchar(20)","NAO","",""
"Financeiro / Cobrança","D10","Tabela do Sistema Petrus","D10_TURNO_TRABALHO","varchar(150)","NAO","",""
"Financeiro / Cobrança","D10","Tabela do Sistema Petrus","D10_DATA_VENCIMENTO_EXPERIENCIA","datetime(8)","NAO","",""
"Financeiro / Cobrança","D10","Tabela do Sistema Petrus","D10_ZONA_ELEITORAL","varchar(20)","NAO","",""
"Financeiro / Cobrança","D10","Tabela do Sistema Petrus","D31_ID","int(4)","NAO","D31",""
"Financeiro / Cobrança","D10","Tabela do Sistema Petrus","D10_TIPO","varchar(15)","NAO","",""
"Financeiro / Cobrança","D10","Tabela do Sistema Petrus","D10_SELECIONE","bit(1)","NAO","",""
"Financeiro / Cobrança","D10","Tabela do Sistema Petrus","D10_DATA_INCLUSAO","datetime(8)","NAO","",""
"Financeiro / Cobrança","D10","Tabela do Sistema Petrus","D10_DATA_ALTERACAO","datetime(8)","NAO","",""
"Financeiro / Cobrança","D10","Tabela do Sistema Petrus","D10_USUARIO_INCLUSAO","varchar(50)","NAO","",""
"Financeiro / Cobrança","D10","Tabela do Sistema Petrus","D10_USUARIO_ALTERACAO","varchar(50)","NAO","",""
"Financeiro / Cobrança","D10","Tabela do Sistema Petrus","D10_EMAIL","varchar(500)","NAO","",""
"Financeiro / Cobrança","D10","Tabela do Sistema Petrus","D10_CONTATO","varchar(50)","NAO","",""
"Financeiro / Cobrança","D10","Tabela do Sistema Petrus","D10_BAIRRO","varchar(100)","NAO","",""
"Financeiro / Cobrança","D10","Tabela do Sistema Petrus","D10_CAIXA_POSTAL","varchar(10)","NAO","",""
"Financeiro / Cobrança","D10","Tabela do Sistema Petrus","D10_CEP","varchar(15)","NAO","",""
"Financeiro / Cobrança","D10","Tabela do Sistema Petrus","X4_ID","int(4)","NAO","X4",""
"Financeiro / Cobrança","D10","Tabela do Sistema Petrus","D10_COMPLEMENTO","varchar(100)","NAO","",""
"Financeiro / Cobrança","D10","Tabela do Sistema Petrus","D10_LOGRADOURO","varchar(200)","NAO","",""
"Financeiro / Cobrança","D10","Tabela do Sistema Petrus","D10_NUMERO","varchar(50)","NAO","",""
"Financeiro / Cobrança","D10","Tabela do Sistema Petrus","X12_ID","int(4)","NAO","X12",""
"Financeiro / Cobrança","D10","Tabela do Sistema Petrus","D10_SALARIO","numeric(9)","NAO","",""
"Financeiro / Cobrança","D10","Tabela do Sistema Petrus","D42_ID","int(4)","NAO","D42",""
"Financeiro / Cobrança","D10","Tabela do Sistema Petrus","D10_OBS","varchar(500)","NAO","",""
"Financeiro / Cobrança","D10","Tabela do Sistema Petrus","D10_FONE_3","varchar(20)","NAO","",""
"Financeiro / Cobrança","D10","Tabela do Sistema Petrus","D10_STATUS","varchar(20)","NAO","","Máquina de estados (Aberto, Fechado, etc)"
"Financeiro / Cobrança","D10","Tabela do Sistema Petrus","D10_PREMIO","numeric(9)","NAO","",""
"Financeiro / Cobrança","D10","Tabela do Sistema Petrus","D10_PCD","bit(1)","NAO","",""
"Financeiro / Cobrança","D10","Tabela do Sistema Petrus","DY8_ID","int(4)","NAO","DY8",""
"Financeiro / Cobrança","D10","Tabela do Sistema Petrus","D10_OBS_PCD","varchar(-1)","NAO","",""
"Geral / Outros","D23","Tabela do Sistema Petrus","D23_ID","int(4)","SIM","",""
"Geral / Outros","D23","Tabela do Sistema Petrus","S1_ID","int(4)","NAO","S1",""
"Geral / Outros","D23","Tabela do Sistema Petrus","D23_NOME","varchar(50)","NAO","",""
"Geral / Outros","D23","Tabela do Sistema Petrus","D23_SELECIONE","bit(1)","NAO","",""
"Geral / Outros","D23","Tabela do Sistema Petrus","D23_DATA_INCLUSAO","datetime(8)","NAO","",""
"Geral / Outros","D23","Tabela do Sistema Petrus","D23_DATA_ALTERACAO","datetime(8)","NAO","",""
"Geral / Outros","D23","Tabela do Sistema Petrus","D23_USUARIO_INCLUSAO","varchar(50)","NAO","",""
"Geral / Outros","D23","Tabela do Sistema Petrus","D23_USUARIO_ALTERACAO","varchar(50)","NAO","",""
"Geral / Outros","D23","Tabela do Sistema Petrus","D10_ID","int(4)","NAO","D10",""
"Geral / Outros","D23","Tabela do Sistema Petrus","S2_ID","int(4)","NAO","S2",""
"Geral / Outros","D29","Tabela do Sistema Petrus","D29_ID","int(4)","SIM","",""
"Geral / Outros","D29","Tabela do Sistema Petrus","S1_ID","int(4)","NAO","S1",""
"Geral / Outros","D29","Tabela do Sistema Petrus","D29_DESCRICAO","varchar(50)","NAO","",""
"Geral / Outros","D29","Tabela do Sistema Petrus","D29_SELECIONE","bit(1)","NAO","",""
"Geral / Outros","D29","Tabela do Sistema Petrus","D29_DATA_INCLUSAO","datetime(8)","NAO","",""
"Geral / Outros","D29","Tabela do Sistema Petrus","D29_DATA_ALTERACAO","datetime(8)","NAO","",""
"Geral / Outros","D29","Tabela do Sistema Petrus","D29_USUARIO_INCLUSAO","varchar(50)","NAO","",""
"Geral / Outros","D29","Tabela do Sistema Petrus","D29_USUARIO_ALTERACAO","varchar(50)","NAO","",""
"Geral / Outros","D29","Tabela do Sistema Petrus","D29_VALOR","numeric(9)","NAO","","Campo monetário"
"Geral / Outros","D31","Tabela do Sistema Petrus","D31_ID","int(4)","SIM","",""
"Geral / Outros","D31","Tabela do Sistema Petrus","S1_ID","int(4)","NAO","S1",""
"Geral / Outros","D31","Tabela do Sistema Petrus","D31_DESCRICAO","varchar(50)","NAO","",""
"Geral / Outros","D31","Tabela do Sistema Petrus","D31_SELECIONE","bit(1)","NAO","",""
"Geral / Outros","D31","Tabela do Sistema Petrus","D31_DATA_INCLUSAO","datetime(8)","NAO","",""
"Geral / Outros","D31","Tabela do Sistema Petrus","D31_DATA_ALTERACAO","datetime(8)","NAO","",""
"Geral / Outros","D31","Tabela do Sistema Petrus","D31_USUARIO_INCLUSAO","varchar(50)","NAO","",""
"Geral / Outros","D31","Tabela do Sistema Petrus","D31_USUARIO_ALTERACAO","varchar(50)","NAO","",""
"Geral / Outros","D31","Tabela do Sistema Petrus","D23_ID","int(4)","NAO","D23",""
"Geral / Outros","D31","Tabela do Sistema Petrus","L10_ID","int(4)","NAO","L10",""
"Geral / Outros","D42","Tabela do Sistema Petrus","D42_ID","int(4)","SIM","",""
"Geral / Outros","D42","Tabela do Sistema Petrus","S1_ID","int(4)","NAO","S1",""
"Geral / Outros","D42","Tabela do Sistema Petrus","D42_DESCRICAO","varchar(50)","NAO","",""
"Geral / Outros","D42","Tabela do Sistema Petrus","D42_SELECIONE","bit(1)","NAO","",""
"Geral / Outros","D42","Tabela do Sistema Petrus","D42_DATA_INCLUSAO","datetime(8)","NAO","",""
"Geral / Outros","D42","Tabela do Sistema Petrus","D42_DATA_ALTERACAO","datetime(8)","NAO","",""
"Geral / Outros","D42","Tabela do Sistema Petrus","D42_USUARIO_INCLUSAO","varchar(50)","NAO","",""
"Geral / Outros","D42","Tabela do Sistema Petrus","D42_USUARIO_ALTERACAO","varchar(50)","NAO","",""
"Geral / Outros","D42","Tabela do Sistema Petrus","D42_HIERARQUIA","varchar(50)","NAO","",""
"Geral / Outros","D42","Tabela do Sistema Petrus","D42_SALARIO_MINIMO","numeric(9)","NAO","",""
"Geral / Outros","D42","Tabela do Sistema Petrus","D31_ID","int(4)","NAO","D31",""
"Geral / Outros","D42","Tabela do Sistema Petrus","D42_ATRIBUICOES","varchar(-1)","NAO","",""
"Geral / Outros","D42","Tabela do Sistema Petrus","D42_CBO","varchar(50)","NAO","",""
"Geral / Outros","D42","Tabela do Sistema Petrus","D42_SALARIO_MAXIMO","numeric(9)","NAO","",""
"Geral / Outros","D42","Tabela do Sistema Petrus","D42_ID_1","int(4)","NAO","",""
"Geral / Outros","D43","Tabela do Sistema Petrus","D43_ID","int(4)","SIM","",""
"Geral / Outros","D43","Tabela do Sistema Petrus","S1_ID","int(4)","NAO","S1",""
"Geral / Outros","D43","Tabela do Sistema Petrus","D43_TIPO","varchar(15)","NAO","",""
"Geral / Outros","D43","Tabela do Sistema Petrus","D43_EMAIL","varchar(500)","NAO","",""
"Geral / Outros","D43","Tabela do Sistema Petrus","D43_CONTATO","varchar(100)","NAO","",""
"Geral / Outros","D43","Tabela do Sistema Petrus","D10_ID","int(4)","NAO","D10",""
"Geral / Outros","D43","Tabela do Sistema Petrus","D43_SELECIONE","bit(1)","NAO","",""
"Geral / Outros","D43","Tabela do Sistema Petrus","D43_DATA_INCLUSAO","datetime(8)","NAO","",""
"Geral / Outros","D43","Tabela do Sistema Petrus","D43_DATA_ALTERACAO","datetime(8)","NAO","",""
"Geral / Outros","D43","Tabela do Sistema Petrus","D43_USUARIO_INCLUSAO","varchar(50)","NAO","",""
"Geral / Outros","D43","Tabela do Sistema Petrus","D43_USUARIO_ALTERACAO","varchar(50)","NAO","",""
"Geral / Outros","D44","Tabela do Sistema Petrus","D44_ID","int(4)","SIM","",""
"Geral / Outros","D44","Tabela do Sistema Petrus","S1_ID","int(4)","NAO","S1",""
"Geral / Outros","D44","Tabela do Sistema Petrus","D44_TIPO","varchar(15)","NAO","",""
"Geral / Outros","D44","Tabela do Sistema Petrus","D44_DDI","varchar(5)","NAO","",""
"Geral / Outros","D44","Tabela do Sistema Petrus","D44_DDD","varchar(5)","NAO","",""
"Geral / Outros","D44","Tabela do Sistema Petrus","D44_TELEFONE","varchar(20)","NAO","",""
"Geral / Outros","D44","Tabela do Sistema Petrus","D44_CONTATO","varchar(20)","NAO","",""
"Geral / Outros","D44","Tabela do Sistema Petrus","D10_ID","int(4)","NAO","D10",""
"Geral / Outros","D44","Tabela do Sistema Petrus","D44_SELECIONE","bit(1)","NAO","",""
"Geral / Outros","D44","Tabela do Sistema Petrus","D44_DATA_INCLUSAO","datetime(8)","NAO","",""
"Geral / Outros","D44","Tabela do Sistema Petrus","D44_DATA_ALTERACAO","datetime(8)","NAO","",""
"Geral / Outros","D44","Tabela do Sistema Petrus","D44_USUARIO_INCLUSAO","varchar(50)","NAO","",""
"Geral / Outros","D44","Tabela do Sistema Petrus","D44_USUARIO_ALTERACAO","varchar(50)","NAO","",""
"Geral / Outros","D45","Tabela do Sistema Petrus","D45_ID","int(4)","SIM","",""
"Geral / Outros","D45","Tabela do Sistema Petrus","S1_ID","int(4)","NAO","S1",""
"Geral / Outros","D45","Tabela do Sistema Petrus","D10_ID","int(4)","NAO","D10",""
"Geral / Outros","D45","Tabela do Sistema Petrus","D45_SELECIONE","bit(1)","NAO","",""
"Geral / Outros","D45","Tabela do Sistema Petrus","D45_DATA_INCLUSAO","datetime(8)","NAO","",""
"Geral / Outros","D45","Tabela do Sistema Petrus","D45_DATA_ALTERACAO","datetime(8)","NAO","",""
"Geral / Outros","D45","Tabela do Sistema Petrus","D45_USUARIO_INCLUSAO","varchar(50)","NAO","",""
"Geral / Outros","D45","Tabela do Sistema Petrus","D45_USUARIO_ALTERACAO","varchar(50)","NAO","",""
"Geral / Outros","D45","Tabela do Sistema Petrus","N1_ID","int(4)","NAO","N1",""
"Geral / Outros","D45","Tabela do Sistema Petrus","D45_AGENCIA","varchar(10)","NAO","",""
"Geral / Outros","D45","Tabela do Sistema Petrus","D45_DV_AGENCIA","varchar(5)","NAO","",""
"Geral / Outros","D45","Tabela do Sistema Petrus","D45_CONTA","varchar(10)","NAO","",""
"Geral / Outros","D45","Tabela do Sistema Petrus","D45_DV_CONTA","varchar(5)","NAO","",""
"Geral / Outros","D45","Tabela do Sistema Petrus","D45_TITULAR","varchar(50)","NAO","",""
"Geral / Outros","D45","Tabela do Sistema Petrus","D45_CNPJ_CPF","varchar(20)","NAO","",""
"Geral / Outros","D45","Tabela do Sistema Petrus","D45_TIPO_PESSOA","varchar(15)","NAO","",""
"Geral / Outros","D45","Tabela do Sistema Petrus","D45_OBS","varchar(100)","NAO","",""
"Geral / Outros","D45","Tabela do Sistema Petrus","D45_TIPO_CONTA","varchar(50)","NAO","",""
"Geral / Outros","D45","Tabela do Sistema Petrus","R55_BANCO","varchar(50)","NAO","",""
"Geral / Outros","D45","Tabela do Sistema Petrus","D45_BANCO","varchar(50)","NAO","",""
"Geral / Outros","D46","Tabela do Sistema Petrus","D46_ID","int(4)","SIM","",""
"Geral / Outros","D46","Tabela do Sistema Petrus","S1_ID","int(4)","NAO","S1",""
"Geral / Outros","D46","Tabela do Sistema Petrus","D46_DESCRICAO","varchar(50)","NAO","",""
"Geral / Outros","D46","Tabela do Sistema Petrus","D46_SELECIONE","bit(1)","NAO","",""
"Geral / Outros","D46","Tabela do Sistema Petrus","D46_DATA_INCLUSAO","datetime(8)","NAO","",""
"Geral / Outros","D46","Tabela do Sistema Petrus","D46_DATA_ALTERACAO","datetime(8)","NAO","",""
"Geral / Outros","D46","Tabela do Sistema Petrus","D46_USUARIO_INCLUSAO","varchar(50)","NAO","",""
"Geral / Outros","D46","Tabela do Sistema Petrus","D46_USUARIO_ALTERACAO","varchar(50)","NAO","",""
"Geral / Outros","D46","Tabela do Sistema Petrus","D29_ID","int(4)","NAO","D29",""
"Geral / Outros","D46","Tabela do Sistema Petrus","D46_VALOR","numeric(9)","NAO","","Campo monetário"
"Geral / Outros","D46","Tabela do Sistema Petrus","D10_ID","int(4)","NAO","D10",""
"Geral / Outros","D48","Tabela do Sistema Petrus","D48_ID","int(4)","SIM","",""
"Geral / Outros","D48","Tabela do Sistema Petrus","S1_ID","int(4)","NAO","S1",""
"Geral / Outros","D48","Tabela do Sistema Petrus","D48_DESCRICAO","varchar(150)","NAO","",""
"Geral / Outros","D48","Tabela do Sistema Petrus","D48_SELECIONE","bit(1)","NAO","",""
"Geral / Outros","D48","Tabela do Sistema Petrus","D48_DATA_INCLUSAO","datetime(8)","NAO","",""
"Geral / Outros","D48","Tabela do Sistema Petrus","D48_DATA_ALTERACAO","datetime(8)","NAO","",""
"Geral / Outros","D48","Tabela do Sistema Petrus","D48_USUARIO_INCLUSAO","varchar(50)","NAO","",""
"Geral / Outros","D48","Tabela do Sistema Petrus","D48_USUARIO_ALTERACAO","varchar(50)","NAO","",""
"Geral / Outros","D48","Tabela do Sistema Petrus","D10_ID","int(4)","NAO","D10",""
"Geral / Outros","D48","Tabela do Sistema Petrus","D48_TIPO","varchar(50)","NAO","",""
"Geral / Outros","D48","Tabela do Sistema Petrus","D48_DATA","datetime(8)","NAO","",""
"Geral / Outros","D49","Tabela do Sistema Petrus","D49_ID","int(4)","SIM","",""
"Geral / Outros","D49","Tabela do Sistema Petrus","S1_ID","int(4)","NAO","S1",""
"Geral / Outros","D49","Tabela do Sistema Petrus","D49_NOME","varchar(150)","NAO","",""
"Geral / Outros","D49","Tabela do Sistema Petrus","D49_SELECIONE","bit(1)","NAO","",""
"Geral / Outros","D49","Tabela do Sistema Petrus","D49_DATA_INCLUSAO","datetime(8)","NAO","",""
"Geral / Outros","D49","Tabela do Sistema Petrus","D49_DATA_ALTERACAO","datetime(8)","NAO","",""
"Geral / Outros","D49","Tabela do Sistema Petrus","D49_USUARIO_INCLUSAO","varchar(50)","NAO","",""
"Geral / Outros","D49","Tabela do Sistema Petrus","D49_USUARIO_ALTERACAO","varchar(50)","NAO","",""
"Geral / Outros","D49","Tabela do Sistema Petrus","D10_ID","int(4)","NAO","D10",""
"Geral / Outros","D49","Tabela do Sistema Petrus","D49_CPF","varchar(30)","NAO","",""
"Geral / Outros","DO1","Tabela do Sistema Petrus","DO1_ID","int(4)","SIM","",""
"Geral / Outros","DO1","Tabela do Sistema Petrus","S1_ID","int(4)","NAO","S1",""
"Geral / Outros","DO1","Tabela do Sistema Petrus","DO1_SELECIONE","bit(1)","NAO","",""
"Geral / Outros","DO1","Tabela do Sistema Petrus","DO1_DATA_INCLUSAO","datetime(8)","NAO","",""
"Geral / Outros","DO1","Tabela do Sistema Petrus","DO1_DATA_ALTERACAO","datetime(8)","NAO","",""
"Geral / Outros","DO1","Tabela do Sistema Petrus","DO1_USUARIO_INCLUSAO","varchar(50)","NAO","",""
"Geral / Outros","DO1","Tabela do Sistema Petrus","DO1_USUARIO_ALTERACAO","varchar(50)","NAO","",""
"Geral / Outros","DO1","Tabela do Sistema Petrus","DO1_NOME","varchar(300)","NAO","",""
"Geral / Outros","DO1","Tabela do Sistema Petrus","DO1_CPF","varchar(20)","NAO","",""
"Geral / Outros","DO1","Tabela do Sistema Petrus","DO1_RG","varchar(20)","NAO","",""
"Geral / Outros","DO1","Tabela do Sistema Petrus","DO1_DATA_NASCIMENTO","datetime(8)","NAO","",""
"Geral / Outros","DO1","Tabela do Sistema Petrus","DO1_TELEFONE","varchar(30)","NAO","",""
"Geral / Outros","DO1","Tabela do Sistema Petrus","DO1_EMAIL","varchar(150)","NAO","",""
"Geral / Outros","DO1","Tabela do Sistema Petrus","X4_ID","int(4)","NAO","X4",""
"Geral / Outros","DO1","Tabela do Sistema Petrus","X12_ID","int(4)","NAO","X12",""
"Geral / Outros","DO1","Tabela do Sistema Petrus","DO1_ESCOLARIDADE","varchar(50)","NAO","",""
"Geral / Outros","DO1","Tabela do Sistema Petrus","DO1_SALARIO","numeric(9)","NAO","",""
"Geral / Outros","DO1","Tabela do Sistema Petrus","DO1_PRETENSAO","varchar(500)","NAO","",""
"Geral / Outros","DO1","Tabela do Sistema Petrus","DO1_EXPERIENCIA","varchar(500)","NAO","",""
"Geral / Outros","DO1","Tabela do Sistema Petrus","DO1_CURRICULO","varchar(150)","NAO","",""
"Geral / Outros","DO1","Tabela do Sistema Petrus","DO1_INTERESSE","bit(1)","NAO","",""
"Geral / Outros","DO2","Tabela do Sistema Petrus","DO2_ID","int(4)","SIM","",""
"Geral / Outros","DO2","Tabela do Sistema Petrus","S1_ID","int(4)","NAO","S1",""
"Geral / Outros","DO2","Tabela do Sistema Petrus","DO2_DESCRICAO","varchar(300)","NAO","",""
"Geral / Outros","DO2","Tabela do Sistema Petrus","DO2_SELECIONE","bit(1)","NAO","",""
"Geral / Outros","DO2","Tabela do Sistema Petrus","DO2_DATA_INCLUSAO","datetime(8)","NAO","",""
"Geral / Outros","DO2","Tabela do Sistema Petrus","DO2_DATA_ALTERACAO","datetime(8)","NAO","",""
"Geral / Outros","DO2","Tabela do Sistema Petrus","DO2_USUARIO_INCLUSAO","varchar(50)","NAO","",""
"Geral / Outros","DO2","Tabela do Sistema Petrus","DO2_USUARIO_ALTERACAO","varchar(50)","NAO","",""
"Geral / Outros","DO2","Tabela do Sistema Petrus","DO3_ID","int(4)","NAO","DO3",""
"Geral / Outros","DO2","Tabela do Sistema Petrus","DO2_DATA","datetime(8)","NAO","",""
"Geral / Outros","DO2","Tabela do Sistema Petrus","DO2_TIPO","varchar(20)","NAO","",""
"Geral / Outros","DO2","Tabela do Sistema Petrus","DO2_NOTA","int(4)","NAO","",""
"Geral / Outros","DO2","Tabela do Sistema Petrus","DO2_RESULTADO","varchar(500)","NAO","",""
"Geral / Outros","DO2","Tabela do Sistema Petrus","DO2_OBS","varchar(500)","NAO","",""
"Geral / Outros","DO2","Tabela do Sistema Petrus","RR1_ID","int(4)","NAO","RR1",""
"Geral / Outros","DO3","Tabela do Sistema Petrus","DO3_ID","int(4)","SIM","",""
"Geral / Outros","DO3","Tabela do Sistema Petrus","S1_ID","int(4)","NAO","S1",""
"Geral / Outros","DO3","Tabela do Sistema Petrus","DO3_DESCRICAO","varchar(300)","NAO","",""
"Geral / Outros","DO3","Tabela do Sistema Petrus","DO3_SELECIONE","bit(1)","NAO","",""
"Geral / Outros","DO3","Tabela do Sistema Petrus","DO3_DATA_INCLUSAO","datetime(8)","NAO","",""
"Geral / Outros","DO3","Tabela do Sistema Petrus","DO3_DATA_ALTERACAO","datetime(8)","NAO","",""
"Geral / Outros","DO3","Tabela do Sistema Petrus","DO3_USUARIO_INCLUSAO","varchar(50)","NAO","",""
"Geral / Outros","DO3","Tabela do Sistema Petrus","DO3_USUARIO_ALTERACAO","varchar(50)","NAO","",""
"Geral / Outros","DO3","Tabela do Sistema Petrus","D31_ID","int(4)","NAO","D31",""
"Geral / Outros","DO3","Tabela do Sistema Petrus","D42_ID","int(4)","NAO","D42",""
"Geral / Outros","DO3","Tabela do Sistema Petrus","DO3_QUANTIDADE","numeric(9)","NAO","",""
"Geral / Outros","DO3","Tabela do Sistema Petrus","DO3_TIPO","varchar(20)","NAO","",""
"Geral / Outros","DO3","Tabela do Sistema Petrus","DO3_REQUISITOS","varchar(500)","NAO","",""
"Geral / Outros","DO3","Tabela do Sistema Petrus","DO3_ATIVO","bit(1)","NAO","",""
"Geral / Outros","DR7","Tabela do Sistema Petrus","DR7_ID","int(4)","SIM","",""
"Geral / Outros","DR7","Tabela do Sistema Petrus","S1_ID","int(4)","NAO","S1",""
"Geral / Outros","DR7","Tabela do Sistema Petrus","DR7_SELECIONE","bit(1)","NAO","",""
"Geral / Outros","DR7","Tabela do Sistema Petrus","DR7_DATA_INCLUSAO","datetime(8)","NAO","",""
"Geral / Outros","DR7","Tabela do Sistema Petrus","DR7_DATA_ALTERACAO","datetime(8)","NAO","",""
"Geral / Outros","DR7","Tabela do Sistema Petrus","DR7_USUARIO_INCLUSAO","varchar(50)","NAO","",""
"Geral / Outros","DR7","Tabela do Sistema Petrus","DR7_USUARIO_ALTERACAO","varchar(50)","NAO","",""
"Geral / Outros","DR7","Tabela do Sistema Petrus","D42_ID","int(4)","NAO","D42",""
"Geral / Outros","DR7","Tabela do Sistema Petrus","D42_ID_1","int(4)","NAO","",""
"Geral / Outros","DR7","Tabela do Sistema Petrus","DR7_INSTANCIA","varchar(20)","NAO","",""
"Geral / Outros","DR7","Tabela do Sistema Petrus","DR7_COR","varchar(20)","NAO","",""
"Geral / Outros","DR7","Tabela do Sistema Petrus","DR7_MODELO","varchar(20)","NAO","",""
"Geral / Outros","DR7","Tabela do Sistema Petrus","DR7_URL","varchar(300)","NAO","",""
"Geral / Outros","DS1","Tabela do Sistema Petrus","DS1_ID","int(4)","SIM","",""
"Geral / Outros","DS1","Tabela do Sistema Petrus","S1_ID","int(4)","NAO","S1",""
"Geral / Outros","DS1","Tabela do Sistema Petrus","DS1_DESCRICAO","varchar(300)","NAO","",""
"Geral / Outros","DS1","Tabela do Sistema Petrus","DS1_SELECIONE","bit(1)","NAO","",""
"Geral / Outros","DS1","Tabela do Sistema Petrus","DS1_DATA_INCLUSAO","datetime(8)","NAO","",""
"Geral / Outros","DS1","Tabela do Sistema Petrus","DS1_DATA_ALTERACAO","datetime(8)","NAO","",""
"Geral / Outros","DS1","Tabela do Sistema Petrus","DS1_USUARIO_INCLUSAO","varchar(50)","NAO","",""
"Geral / Outros","DS1","Tabela do Sistema Petrus","DS1_USUARIO_ALTERACAO","varchar(50)","NAO","",""
"Geral / Outros","DS1","Tabela do Sistema Petrus","G9_ID","int(4)","NAO","G9",""
"Geral / Outros","DS2","Tabela do Sistema Petrus","DS2_ID","int(4)","SIM","",""
"Geral / Outros","DS2","Tabela do Sistema Petrus","S1_ID","int(4)","NAO","S1",""
"Geral / Outros","DS2","Tabela do Sistema Petrus","DS2_SELECIONE","bit(1)","NAO","",""
"Geral / Outros","DS2","Tabela do Sistema Petrus","DS2_DATA_INCLUSAO","datetime(8)","NAO","",""
"Geral / Outros","DS2","Tabela do Sistema Petrus","DS2_DATA_ALTERACAO","datetime(8)","NAO","",""
"Geral / Outros","DS2","Tabela do Sistema Petrus","DS2_USUARIO_INCLUSAO","varchar(50)","NAO","",""
"Geral / Outros","DS2","Tabela do Sistema Petrus","DS2_USUARIO_ALTERACAO","varchar(50)","NAO","",""
"Geral / Outros","DS2","Tabela do Sistema Petrus","DS1_ID","int(4)","NAO","DS1",""
"Geral / Outros","DS2","Tabela do Sistema Petrus","DS2_QUANTIDADE","numeric(9)","NAO","",""
"Geral / Outros","DS2","Tabela do Sistema Petrus","D10_ID","int(4)","NAO","D10",""
"Geral / Outros","DS2","Tabela do Sistema Petrus","DS2_DATA","datetime(8)","NAO","",""
"Geral / Outros","DS2","Tabela do Sistema Petrus","D42_ID","int(4)","NAO","D42",""
"Geral / Outros","DS2","Tabela do Sistema Petrus","DS2_DATA_ADMISSAO","datetime(8)","NAO","",""
"Geral / Outros","DS3","Tabela do Sistema Petrus","DS3_ID","int(4)","SIM","",""
"Geral / Outros","DS3","Tabela do Sistema Petrus","S1_ID","int(4)","NAO","S1",""
"Geral / Outros","DS3","Tabela do Sistema Petrus","DS3_DESCRICAO","varchar(300)","NAO","",""
"Geral / Outros","DS3","Tabela do Sistema Petrus","DS3_SELECIONE","bit(1)","NAO","",""
"Geral / Outros","DS3","Tabela do Sistema Petrus","DS3_DATA_INCLUSAO","datetime(8)","NAO","",""
"Geral / Outros","DS3","Tabela do Sistema Petrus","DS3_DATA_ALTERACAO","datetime(8)","NAO","",""
"Geral / Outros","DS3","Tabela do Sistema Petrus","DS3_USUARIO_INCLUSAO","varchar(50)","NAO","",""
"Geral / Outros","DS3","Tabela do Sistema Petrus","DS3_USUARIO_ALTERACAO","varchar(50)","NAO","",""
"Geral / Outros","DS5","Tabela do Sistema Petrus","DS5_ID","int(4)","SIM","",""
"Geral / Outros","DS5","Tabela do Sistema Petrus","S1_ID","int(4)","NAO","S1",""
"Geral / Outros","DS5","Tabela do Sistema Petrus","DS5_SELECIONE","bit(1)","NAO","",""
"Geral / Outros","DS5","Tabela do Sistema Petrus","DS5_DATA_INCLUSAO","datetime(8)","NAO","",""
"Geral / Outros","DS5","Tabela do Sistema Petrus","DS5_DATA_ALTERACAO","datetime(8)","NAO","",""
"Geral / Outros","DS5","Tabela do Sistema Petrus","DS5_USUARIO_INCLUSAO","varchar(50)","NAO","",""
"Geral / Outros","DS5","Tabela do Sistema Petrus","DS5_USUARIO_ALTERACAO","varchar(50)","NAO","",""
"Geral / Outros","DS5","Tabela do Sistema Petrus","D10_ID","int(4)","NAO","D10",""
"Geral / Outros","DS5","Tabela do Sistema Petrus","DS5_TIPO","varchar(20)","NAO","",""
"Geral / Outros","DS5","Tabela do Sistema Petrus","DS5_CLINICA","varchar(300)","NAO","",""
"Geral / Outros","DS5","Tabela do Sistema Petrus","DS5_MEDICO","varchar(300)","NAO","",""
"Geral / Outros","DS5","Tabela do Sistema Petrus","DS5_DATA","datetime(8)","NAO","",""
"Geral / Outros","DS5","Tabela do Sistema Petrus","DS5_DATA_VALIDADE","datetime(8)","NAO","",""
"Geral / Outros","DS5","Tabela do Sistema Petrus","DS5_RESULTADO","varchar(-1)","NAO","",""
"Geral / Outros","DS5","Tabela do Sistema Petrus","DS5_OBS","varchar(-1)","NAO","",""
"Geral / Outros","DS7","Tabela do Sistema Petrus","DS7_ID","int(4)","SIM","",""
"Geral / Outros","DS7","Tabela do Sistema Petrus","S1_ID","int(4)","NAO","S1",""
"Geral / Outros","DS7","Tabela do Sistema Petrus","DS7_DESCRICAO","varchar(300)","NAO","",""
"Geral / Outros","DS7","Tabela do Sistema Petrus","DS7_SELECIONE","bit(1)","NAO","",""
"Geral / Outros","DS7","Tabela do Sistema Petrus","DS7_DATA_INCLUSAO","datetime(8)","NAO","",""
"Geral / Outros","DS7","Tabela do Sistema Petrus","DS7_DATA_ALTERACAO","datetime(8)","NAO","",""
"Geral / Outros","DS7","Tabela do Sistema Petrus","DS7_USUARIO_INCLUSAO","varchar(50)","NAO","",""
"Geral / Outros","DS7","Tabela do Sistema Petrus","DS7_USUARIO_ALTERACAO","varchar(50)","NAO","",""
"Geral / Outros","DS7","Tabela do Sistema Petrus","DS2_ID","int(4)","NAO","DS2",""
"Geral / Outros","DS7","Tabela do Sistema Petrus","DS1_ID","int(4)","NAO","DS1",""
"Geral / Outros","DS7","Tabela do Sistema Petrus","DS7_QTD","numeric(9)","NAO","",""
"Geral / Outros","DS7","Tabela do Sistema Petrus","DS7_UN","varchar(20)","NAO","",""
"Geral / Outros","DX1","Tabela do Sistema Petrus","DX1_ID","int(4)","SIM","",""
"Geral / Outros","DX1","Tabela do Sistema Petrus","S1_ID","int(4)","NAO","S1",""
"Geral / Outros","DX1","Tabela do Sistema Petrus","DX1_DESCRICAO","varchar(50)","NAO","",""
"Geral / Outros","DX1","Tabela do Sistema Petrus","DX1_SELECIONE","bit(1)","NAO","",""
"Geral / Outros","DX1","Tabela do Sistema Petrus","DX1_DATA_INCLUSAO","datetime(8)","NAO","",""
"Geral / Outros","DX1","Tabela do Sistema Petrus","DX1_DATA_ALTERACAO","datetime(8)","NAO","",""
"Geral / Outros","DX1","Tabela do Sistema Petrus","DX1_USUARIO_INCLUSAO","varchar(50)","NAO","",""
"Geral / Outros","DX1","Tabela do Sistema Petrus","DX1_USUARIO_ALTERACAO","varchar(50)","NAO","",""
"Geral / Outros","DX1","Tabela do Sistema Petrus","DX1_DATA_EMISSAO","datetime(8)","NAO","",""
"Geral / Outros","DX1","Tabela do Sistema Petrus","DX1_DATA_CONCLUSAO","datetime(8)","NAO","",""
"Geral / Outros","DX1","Tabela do Sistema Petrus","D10_ID","int(4)","NAO","D10",""
"Geral / Outros","DX1","Tabela do Sistema Petrus","N9_ID","int(4)","NAO","N9",""
"Geral / Outros","DX1","Tabela do Sistema Petrus","DX1_STATUS","varchar(50)","NAO","","Máquina de estados (Aberto, Fechado, etc)"
"Geral / Outros","DX1","Tabela do Sistema Petrus","DX1_DATA_CANCELAMENTO","datetime(8)","NAO","",""
"Geral / Outros","DX1","Tabela do Sistema Petrus","DX1_VALOR_PROVENTOS","numeric(9)","NAO","","Campo monetário"
"Geral / Outros","DX1","Tabela do Sistema Petrus","DX1_VALOR_DESCONTOS","numeric(9)","NAO","","Campo monetário"
"Geral / Outros","DX1","Tabela do Sistema Petrus","DX1_SALARIO_LIQUIDO","numeric(9)","NAO","",""
"Geral / Outros","DX1","Tabela do Sistema Petrus","DX1_DATA_PAGAMENTO","datetime(8)","NAO","",""
"Geral / Outros","DX1","Tabela do Sistema Petrus","DX1_SALARIO_BASE","numeric(9)","NAO","",""
"Geral / Outros","DX1","Tabela do Sistema Petrus","DX1_OBS","varchar(-1)","NAO","",""
"Geral / Outros","DX1","Tabela do Sistema Petrus","DX1_VALOR_BENEFICIOS","numeric(9)","NAO","","Campo monetário"
"Geral / Outros","DX1","Tabela do Sistema Petrus","L10_ID","int(4)","NAO","L10",""
"Geral / Outros","DX2","Tabela do Sistema Petrus","DX2_ID","int(4)","SIM","",""
"Geral / Outros","DX2","Tabela do Sistema Petrus","S1_ID","int(4)","NAO","S1",""
"Geral / Outros","DX2","Tabela do Sistema Petrus","DX2_SELECIONE","bit(1)","NAO","",""
"Geral / Outros","DX2","Tabela do Sistema Petrus","DX2_DATA_INCLUSAO","datetime(8)","NAO","",""
"Geral / Outros","DX2","Tabela do Sistema Petrus","DX2_DATA_ALTERACAO","datetime(8)","NAO","",""
"Geral / Outros","DX2","Tabela do Sistema Petrus","DX2_USUARIO_INCLUSAO","varchar(50)","NAO","",""
"Geral / Outros","DX2","Tabela do Sistema Petrus","DX2_USUARIO_ALTERACAO","varchar(50)","NAO","",""
"Geral / Outros","DX2","Tabela do Sistema Petrus","DX1_ID","int(4)","NAO","DX1",""
"Geral / Outros","DX2","Tabela do Sistema Petrus","DX2_TIPO","varchar(50)","NAO","",""
"Geral / Outros","DX2","Tabela do Sistema Petrus","DX2_VALOR","numeric(9)","NAO","","Campo monetário"
"Geral / Outros","DX2","Tabela do Sistema Petrus","DX2_OBS","varchar(-1)","NAO","",""
"Geral / Outros","DX3","Tabela do Sistema Petrus","DX3_ID","int(4)","SIM","",""
"Geral / Outros","DX3","Tabela do Sistema Petrus","S1_ID","int(4)","NAO","S1",""
"Geral / Outros","DX3","Tabela do Sistema Petrus","DX3_SELECIONE","bit(1)","NAO","",""
"Geral / Outros","DX3","Tabela do Sistema Petrus","DX3_DATA_INCLUSAO","datetime(8)","NAO","",""
"Geral / Outros","DX3","Tabela do Sistema Petrus","DX3_DATA_ALTERACAO","datetime(8)","NAO","",""
"Geral / Outros","DX3","Tabela do Sistema Petrus","DX3_USUARIO_INCLUSAO","varchar(50)","NAO","",""
"Geral / Outros","DX3","Tabela do Sistema Petrus","DX3_USUARIO_ALTERACAO","varchar(50)","NAO","",""
"Geral / Outros","DX3","Tabela do Sistema Petrus","DX1_ID","int(4)","NAO","DX1",""
"Geral / Outros","DX3","Tabela do Sistema Petrus","DX3_TIPO","varchar(50)","NAO","",""
"Geral / Outros","DX3","Tabela do Sistema Petrus","DX3_VALOR","numeric(9)","NAO","","Campo monetário"
"Geral / Outros","DX3","Tabela do Sistema Petrus","DX3_OBS","varchar(300)","NAO","",""
"Geral / Outros","DX4","Tabela do Sistema Petrus","DX4_ID","int(4)","SIM","",""
"Geral / Outros","DX4","Tabela do Sistema Petrus","S1_ID","int(4)","NAO","S1",""
"Geral / Outros","DX4","Tabela do Sistema Petrus","DX4_DESCRICAO","varchar(300)","NAO","",""
"Geral / Outros","DX4","Tabela do Sistema Petrus","DX4_SELECIONE","bit(1)","NAO","",""
"Geral / Outros","DX4","Tabela do Sistema Petrus","DX4_DATA_INCLUSAO","datetime(8)","NAO","",""
"Geral / Outros","DX4","Tabela do Sistema Petrus","DX4_DATA_ALTERACAO","datetime(8)","NAO","",""
"Geral / Outros","DX4","Tabela do Sistema Petrus","DX4_USUARIO_INCLUSAO","varchar(50)","NAO","",""
"Geral / Outros","DX4","Tabela do Sistema Petrus","DX4_USUARIO_ALTERACAO","varchar(50)","NAO","",""
"Geral / Outros","DX4","Tabela do Sistema Petrus","DX1_ID","int(4)","NAO","DX1",""
"Geral / Outros","DX4","Tabela do Sistema Petrus","D29_ID","int(4)","NAO","D29",""
"Geral / Outros","DX4","Tabela do Sistema Petrus","DX4_VALOR","numeric(9)","NAO","","Campo monetário"
"Geral / Outros","DY1","Tabela do Sistema Petrus","DY1_ID","int(4)","SIM","",""
"Geral / Outros","DY1","Tabela do Sistema Petrus","S1_ID","int(4)","NAO","S1",""
"Geral / Outros","DY1","Tabela do Sistema Petrus","DY1_SELECIONE","bit(1)","NAO","",""
"Geral / Outros","DY1","Tabela do Sistema Petrus","DY1_DATA_INCLUSAO","datetime(8)","NAO","",""
"Geral / Outros","DY1","Tabela do Sistema Petrus","DY1_DATA_ALTERACAO","datetime(8)","NAO","",""
"Geral / Outros","DY1","Tabela do Sistema Petrus","DY1_USUARIO_INCLUSAO","varchar(50)","NAO","",""
"Geral / Outros","DY1","Tabela do Sistema Petrus","DY1_USUARIO_ALTERACAO","varchar(50)","NAO","",""
"Geral / Outros","DY1","Tabela do Sistema Petrus","DY1_DATA_EMISSAO","datetime(8)","NAO","",""
"Geral / Outros","DY1","Tabela do Sistema Petrus","DY1_TIPO","varchar(30)","NAO","",""
"Geral / Outros","DY1","Tabela do Sistema Petrus","DY1_SALARIO_INICIAL","numeric(9)","NAO","",""
"Geral / Outros","DY1","Tabela do Sistema Petrus","D42_ID","int(4)","NAO","D42",""
"Geral / Outros","DY1","Tabela do Sistema Petrus","D31_ID","int(4)","NAO","D31",""
"Geral / Outros","DY1","Tabela do Sistema Petrus","DZ1_ID","int(4)","NAO","DZ1",""
"Geral / Outros","DY1","Tabela do Sistema Petrus","DY1_OBS","varchar(-1)","NAO","",""
"Geral / Outros","DY1","Tabela do Sistema Petrus","D10_ID","int(4)","NAO","D10",""
"Geral / Outros","DY10","Tabela do Sistema Petrus","DY10_ID","int(4)","SIM","",""
"Geral / Outros","DY10","Tabela do Sistema Petrus","S1_ID","int(4)","NAO","S1",""
"Geral / Outros","DY10","Tabela do Sistema Petrus","DY10_SELECIONE","bit(1)","NAO","",""
"Geral / Outros","DY10","Tabela do Sistema Petrus","DY10_DATA_INCLUSAO","datetime(8)","NAO","",""
"Geral / Outros","DY10","Tabela do Sistema Petrus","DY10_DATA_ALTERACAO","datetime(8)","NAO","",""
"Geral / Outros","DY10","Tabela do Sistema Petrus","DY10_USUARIO_INCLUSAO","varchar(50)","NAO","",""
"Geral / Outros","DY10","Tabela do Sistema Petrus","DY10_USUARIO_ALTERACAO","varchar(50)","NAO","",""
"Geral / Outros","DY10","Tabela do Sistema Petrus","D10_ID","int(4)","NAO","D10",""
"Geral / Outros","DY10","Tabela do Sistema Petrus","DY10_TIPO","varchar(20)","NAO","",""
"Geral / Outros","DY10","Tabela do Sistema Petrus","DY10_GRAVIDADE","varchar(20)","NAO","",""
"Geral / Outros","DY10","Tabela do Sistema Petrus","DY10_DATA","datetime(8)","NAO","",""
"Geral / Outros","DY10","Tabela do Sistema Petrus","DY10_OBS","varchar(-1)","NAO","",""
"Geral / Outros","DY11","Tabela do Sistema Petrus","DY11_ID","int(4)","SIM","",""
"Geral / Outros","DY11","Tabela do Sistema Petrus","S1_ID","int(4)","NAO","S1",""
"Geral / Outros","DY11","Tabela do Sistema Petrus","DY11_SELECIONE","bit(1)","NAO","",""
"Geral / Outros","DY11","Tabela do Sistema Petrus","DY11_DATA_INCLUSAO","datetime(8)","NAO","",""
"Geral / Outros","DY11","Tabela do Sistema Petrus","DY11_DATA_ALTERACAO","datetime(8)","NAO","",""
"Geral / Outros","DY11","Tabela do Sistema Petrus","DY11_USUARIO_INCLUSAO","varchar(50)","NAO","",""
"Geral / Outros","DY11","Tabela do Sistema Petrus","DY11_USUARIO_ALTERACAO","varchar(50)","NAO","",""
"Geral / Outros","DY11","Tabela do Sistema Petrus","DY11_VALOR_HORA","numeric(9)","NAO","","Campo monetário"
"Geral / Outros","DY11","Tabela do Sistema Petrus","DY11_QUANTIDADE","numeric(9)","NAO","",""
"Geral / Outros","DY11","Tabela do Sistema Petrus","DY11_ADICIONAL","varchar(20)","NAO","",""
"Geral / Outros","DY11","Tabela do Sistema Petrus","D10_ID","int(4)","NAO","D10",""
"Geral / Outros","DY11","Tabela do Sistema Petrus","DY11_VALOR_TOTAL","numeric(9)","NAO","","Campo monetário"
"Geral / Outros","DY11","Tabela do Sistema Petrus","DY11_DATA","datetime(8)","NAO","",""
"Geral / Outros","DY15","Tabela do Sistema Petrus","DY15_ID","int(4)","SIM","",""
"Geral / Outros","DY15","Tabela do Sistema Petrus","S1_ID","int(4)","NAO","S1",""
"Geral / Outros","DY15","Tabela do Sistema Petrus","DY15_DESCRICAO","varchar(300)","NAO","",""
"Geral / Outros","DY15","Tabela do Sistema Petrus","DY15_SELECIONE","bit(1)","NAO","",""
"Geral / Outros","DY15","Tabela do Sistema Petrus","DY15_DATA_INCLUSAO","datetime(8)","NAO","",""
"Geral / Outros","DY15","Tabela do Sistema Petrus","DY15_DATA_ALTERACAO","datetime(8)","NAO","",""
"Geral / Outros","DY15","Tabela do Sistema Petrus","DY15_USUARIO_INCLUSAO","varchar(50)","NAO","",""
"Geral / Outros","DY15","Tabela do Sistema Petrus","DY15_USUARIO_ALTERACAO","varchar(50)","NAO","",""
"Geral / Outros","DY2","Tabela do Sistema Petrus","DY2_ID","int(4)","SIM","",""
"Geral / Outros","DY2","Tabela do Sistema Petrus","S1_ID","int(4)","NAO","S1",""
"Geral / Outros","DY2","Tabela do Sistema Petrus","DY2_SELECIONE","bit(1)","NAO","",""
"Geral / Outros","DY2","Tabela do Sistema Petrus","DY2_DATA_INCLUSAO","datetime(8)","NAO","",""
"Geral / Outros","DY2","Tabela do Sistema Petrus","DY2_DATA_ALTERACAO","datetime(8)","NAO","",""
"Geral / Outros","DY2","Tabela do Sistema Petrus","DY2_USUARIO_INCLUSAO","varchar(50)","NAO","",""
"Geral / Outros","DY2","Tabela do Sistema Petrus","DY2_USUARIO_ALTERACAO","varchar(50)","NAO","",""
"Geral / Outros","DY2","Tabela do Sistema Petrus","DY2_DATA_EMISSAO","datetime(8)","NAO","",""
"Geral / Outros","DY2","Tabela do Sistema Petrus","DY2_TIPO","varchar(50)","NAO","",""
"Geral / Outros","DY2","Tabela do Sistema Petrus","DZ2_ID","int(4)","NAO","DZ2",""
"Geral / Outros","DY2","Tabela do Sistema Petrus","DY2_VALOR","numeric(9)","NAO","","Campo monetário"
"Geral / Outros","DY2","Tabela do Sistema Petrus","DY2_OBS","varchar(-1)","NAO","",""
"Geral / Outros","DY2","Tabela do Sistema Petrus","D10_ID","int(4)","NAO","D10",""
"Geral / Outros","DY3","Tabela do Sistema Petrus","DY3_ID","int(4)","SIM","",""
"Geral / Outros","DY3","Tabela do Sistema Petrus","S1_ID","int(4)","NAO","S1",""
"Geral / Outros","DY3","Tabela do Sistema Petrus","DY3_SELECIONE","bit(1)","NAO","",""
"Geral / Outros","DY3","Tabela do Sistema Petrus","DY3_DATA_INCLUSAO","datetime(8)","NAO","",""
"Geral / Outros","DY3","Tabela do Sistema Petrus","DY3_DATA_ALTERACAO","datetime(8)","NAO","",""
"Geral / Outros","DY3","Tabela do Sistema Petrus","DY3_USUARIO_INCLUSAO","varchar(50)","NAO","",""
"Geral / Outros","DY3","Tabela do Sistema Petrus","DY3_USUARIO_ALTERACAO","varchar(50)","NAO","",""
"Geral / Outros","DY3","Tabela do Sistema Petrus","DY3_DATA_EMISSAO","datetime(8)","NAO","",""
"Geral / Outros","DY3","Tabela do Sistema Petrus","DZ5_ID","int(4)","NAO","DZ5",""
"Geral / Outros","DY3","Tabela do Sistema Petrus","D42_ID","int(4)","NAO","D42",""
"Geral / Outros","DY3","Tabela do Sistema Petrus","D42_ID_1","int(4)","NAO","",""
"Geral / Outros","DY3","Tabela do Sistema Petrus","DY3_SALARIO_ANTERIOR","numeric(9)","NAO","",""
"Geral / Outros","DY3","Tabela do Sistema Petrus","DY3_SALARIO_ATUAL","numeric(9)","NAO","",""
"Geral / Outros","DY3","Tabela do Sistema Petrus","DY3_OBS","varchar(-1)","NAO","",""
"Geral / Outros","DY3","Tabela do Sistema Petrus","D10_ID","int(4)","NAO","D10",""
"Geral / Outros","DY5","Tabela do Sistema Petrus","DY5_ID","int(4)","SIM","",""
"Geral / Outros","DY5","Tabela do Sistema Petrus","S1_ID","int(4)","NAO","S1",""
"Geral / Outros","DY5","Tabela do Sistema Petrus","DY5_SELECIONE","bit(1)","NAO","",""
"Geral / Outros","DY5","Tabela do Sistema Petrus","DY5_DATA_INCLUSAO","datetime(8)","NAO","",""
"Geral / Outros","DY5","Tabela do Sistema Petrus","DY5_DATA_ALTERACAO","datetime(8)","NAO","",""
"Geral / Outros","DY5","Tabela do Sistema Petrus","DY5_USUARIO_INCLUSAO","varchar(50)","NAO","",""
"Geral / Outros","DY5","Tabela do Sistema Petrus","DY5_USUARIO_ALTERACAO","varchar(50)","NAO","",""
"Geral / Outros","DY5","Tabela do Sistema Petrus","DY5_DATA_INICIAL","datetime(8)","NAO","",""
"Geral / Outros","DY5","Tabela do Sistema Petrus","DY5_DATA_FINAL","datetime(8)","NAO","",""
"Geral / Outros","DY5","Tabela do Sistema Petrus","DY5_OBS","varchar(-1)","NAO","",""
"Geral / Outros","DY5","Tabela do Sistema Petrus","D10_ID","int(4)","NAO","D10",""
"Geral / Outros","DY5","Tabela do Sistema Petrus","DY5_PROGRAMADO","bit(1)","NAO","",""
"Geral / Outros","DY5","Tabela do Sistema Petrus","DY5_DIAS","int(4)","NAO","",""
"Geral / Outros","DY7","Tabela do Sistema Petrus","DY7_ID","int(4)","SIM","",""
"Geral / Outros","DY7","Tabela do Sistema Petrus","S1_ID","int(4)","NAO","S1",""
"Geral / Outros","DY7","Tabela do Sistema Petrus","DY7_SELECIONE","bit(1)","NAO","",""
"Geral / Outros","DY7","Tabela do Sistema Petrus","DY7_DATA_INCLUSAO","datetime(8)","NAO","",""
"Geral / Outros","DY7","Tabela do Sistema Petrus","DY7_DATA_ALTERACAO","datetime(8)","NAO","",""
"Geral / Outros","DY7","Tabela do Sistema Petrus","DY7_USUARIO_INCLUSAO","varchar(50)","NAO","",""
"Geral / Outros","DY7","Tabela do Sistema Petrus","DY7_USUARIO_ALTERACAO","varchar(50)","NAO","",""
"Geral / Outros","DY7","Tabela do Sistema Petrus","DY7_DATA_INICIAL","datetime(8)","NAO","",""
"Geral / Outros","DY7","Tabela do Sistema Petrus","DY7_DATA_FINAL","datetime(8)","NAO","",""
"Geral / Outros","DY7","Tabela do Sistema Petrus","DZ3_ID","int(4)","NAO","DZ3",""
"Geral / Outros","DY7","Tabela do Sistema Petrus","DY7_OBS","varchar(-1)","NAO","",""
"Geral / Outros","DY7","Tabela do Sistema Petrus","D10_ID","int(4)","NAO","D10",""
"Geral / Outros","DY8","Tabela do Sistema Petrus","DY8_ID","int(4)","SIM","",""
"Geral / Outros","DY8","Tabela do Sistema Petrus","S1_ID","int(4)","NAO","S1",""
"Geral / Outros","DY8","Tabela do Sistema Petrus","DY8_DESCRICAO","varchar(300)","NAO","",""
"Geral / Outros","DY8","Tabela do Sistema Petrus","DY8_SELECIONE","bit(1)","NAO","",""
"Geral / Outros","DY8","Tabela do Sistema Petrus","DY8_DATA_INCLUSAO","datetime(8)","NAO","",""
"Geral / Outros","DY8","Tabela do Sistema Petrus","DY8_DATA_ALTERACAO","datetime(8)","NAO","",""
"Geral / Outros","DY8","Tabela do Sistema Petrus","DY8_USUARIO_INCLUSAO","varchar(50)","NAO","",""
"Geral / Outros","DY8","Tabela do Sistema Petrus","DY8_USUARIO_ALTERACAO","varchar(50)","NAO","",""
"Geral / Outros","DY8","Tabela do Sistema Petrus","DY8_CODIGO","varchar(20)","NAO","",""
"Geral / Outros","DY9","Tabela do Sistema Petrus","DY9_ID","int(4)","SIM","",""
"Geral / Outros","DY9","Tabela do Sistema Petrus","S1_ID","int(4)","NAO","S1",""
"Geral / Outros","DY9","Tabela do Sistema Petrus","DY9_SELECIONE","bit(1)","NAO","",""
"Geral / Outros","DY9","Tabela do Sistema Petrus","DY9_DATA_INCLUSAO","datetime(8)","NAO","",""
"Geral / Outros","DY9","Tabela do Sistema Petrus","DY9_DATA_ALTERACAO","datetime(8)","NAO","",""
"Geral / Outros","DY9","Tabela do Sistema Petrus","DY9_USUARIO_INCLUSAO","varchar(50)","NAO","",""
"Geral / Outros","DY9","Tabela do Sistema Petrus","DY9_USUARIO_ALTERACAO","varchar(50)","NAO","",""
"Geral / Outros","DY9","Tabela do Sistema Petrus","D10_ID","int(4)","NAO","D10",""
"Geral / Outros","DY9","Tabela do Sistema Petrus","DY9_DATA","datetime(8)","NAO","",""
"Geral / Outros","DY9","Tabela do Sistema Petrus","DY9_TIPO","varchar(20)","NAO","",""
"Geral / Outros","DY9","Tabela do Sistema Petrus","DY8_ID","int(4)","NAO","DY8",""
"Geral / Outros","DY9","Tabela do Sistema Petrus","DY9_OBS","varchar(-1)","NAO","",""
"Geral / Outros","DY9","Tabela do Sistema Petrus","DY9_ATESTADO","varchar(150)","NAO","",""
"Geral / Outros","DY9","Tabela do Sistema Petrus","DY9_PERIODO","varchar(20)","NAO","",""
"Geral / Outros","DY9","Tabela do Sistema Petrus","DY9_QUANTIDADE","numeric(9)","NAO","",""
"Geral / Outros","DZ1","Tabela do Sistema Petrus","DZ1_ID","int(4)","SIM","",""
"Geral / Outros","DZ1","Tabela do Sistema Petrus","S1_ID","int(4)","NAO","S1",""
"Geral / Outros","DZ1","Tabela do Sistema Petrus","DZ1_DESCRICAO","varchar(50)","NAO","",""
"Geral / Outros","DZ1","Tabela do Sistema Petrus","DZ1_SELECIONE","bit(1)","NAO","",""
"Geral / Outros","DZ1","Tabela do Sistema Petrus","DZ1_DATA_INCLUSAO","datetime(8)","NAO","",""
"Geral / Outros","DZ1","Tabela do Sistema Petrus","DZ1_DATA_ALTERACAO","datetime(8)","NAO","",""
"Geral / Outros","DZ1","Tabela do Sistema Petrus","DZ1_USUARIO_INCLUSAO","varchar(50)","NAO","",""
"Geral / Outros","DZ1","Tabela do Sistema Petrus","DZ1_USUARIO_ALTERACAO","varchar(50)","NAO","",""
"Geral / Outros","DZ2","Tabela do Sistema Petrus","DZ2_ID","int(4)","SIM","",""
"Geral / Outros","DZ2","Tabela do Sistema Petrus","S1_ID","int(4)","NAO","S1",""
"Geral / Outros","DZ2","Tabela do Sistema Petrus","DZ2_DESCRICAO","varchar(50)","NAO","",""
"Geral / Outros","DZ2","Tabela do Sistema Petrus","DZ2_SELECIONE","bit(1)","NAO","",""
"Geral / Outros","DZ2","Tabela do Sistema Petrus","DZ2_DATA_INCLUSAO","datetime(8)","NAO","",""
"Geral / Outros","DZ2","Tabela do Sistema Petrus","DZ2_DATA_ALTERACAO","datetime(8)","NAO","",""
"Geral / Outros","DZ2","Tabela do Sistema Petrus","DZ2_USUARIO_INCLUSAO","varchar(50)","NAO","",""
"Geral / Outros","DZ2","Tabela do Sistema Petrus","DZ2_USUARIO_ALTERACAO","varchar(50)","NAO","",""
"Geral / Outros","DZ3","Tabela do Sistema Petrus","DZ3_ID","int(4)","SIM","",""
"Geral / Outros","DZ3","Tabela do Sistema Petrus","S1_ID","int(4)","NAO","S1",""
"Geral / Outros","DZ3","Tabela do Sistema Petrus","DZ3_DESCRICAO","varchar(50)","NAO","",""
"Geral / Outros","DZ3","Tabela do Sistema Petrus","DZ3_SELECIONE","bit(1)","NAO","",""
"Geral / Outros","DZ3","Tabela do Sistema Petrus","DZ3_DATA_INCLUSAO","datetime(8)","NAO","",""
"Geral / Outros","DZ3","Tabela do Sistema Petrus","DZ3_DATA_ALTERACAO","datetime(8)","NAO","",""
"Geral / Outros","DZ3","Tabela do Sistema Petrus","DZ3_USUARIO_INCLUSAO","varchar(50)","NAO","",""
"Geral / Outros","DZ3","Tabela do Sistema Petrus","DZ3_USUARIO_ALTERACAO","varchar(50)","NAO","",""
"Geral / Outros","DZ5","Tabela do Sistema Petrus","DZ5_ID","int(4)","SIM","",""
"Geral / Outros","DZ5","Tabela do Sistema Petrus","S1_ID","int(4)","NAO","S1",""
"Geral / Outros","DZ5","Tabela do Sistema Petrus","DZ5_DESCRICAO","varchar(50)","NAO","",""
"Geral / Outros","DZ5","Tabela do Sistema Petrus","DZ5_SELECIONE","bit(1)","NAO","",""
"Geral / Outros","DZ5","Tabela do Sistema Petrus","DZ5_DATA_INCLUSAO","datetime(8)","NAO","",""
"Geral / Outros","DZ5","Tabela do Sistema Petrus","DZ5_DATA_ALTERACAO","datetime(8)","NAO","",""
"Geral / Outros","DZ5","Tabela do Sistema Petrus","DZ5_USUARIO_INCLUSAO","varchar(50)","NAO","",""
"Geral / Outros","DZ5","Tabela do Sistema Petrus","DZ5_USUARIO_ALTERACAO","varchar(50)","NAO","",""
"Estoque / Produtos","G17","Movimentação de Estoque (Kardex)","G17_ID","int(4)","SIM","",""
"Estoque / Produtos","G17","Movimentação de Estoque (Kardex)","S1_ID","int(4)","NAO","S1",""
"Estoque / Produtos","G17","Movimentação de Estoque (Kardex)","G17_TIPO","varchar(15)","NAO","",""
"Estoque / Produtos","G17","Movimentação de Estoque (Kardex)","G17_SELECIONE","bit(1)","NAO","",""
"Estoque / Produtos","G17","Movimentação de Estoque (Kardex)","G17_DATA_INCLUSAO","datetime(8)","NAO","",""
"Estoque / Produtos","G17","Movimentação de Estoque (Kardex)","G17_DATA_ALTERACAO","datetime(8)","NAO","",""
"Estoque / Produtos","G17","Movimentação de Estoque (Kardex)","G17_USUARIO_INCLUSAO","varchar(50)","NAO","",""
"Estoque / Produtos","G17","Movimentação de Estoque (Kardex)","G17_USUARIO_ALTERACAO","varchar(50)","NAO","",""
"Estoque / Produtos","G17","Movimentação de Estoque (Kardex)","G17_DATA","datetime(8)","NAO","",""
"Estoque / Produtos","G17","Movimentação de Estoque (Kardex)","G17_ORIGEM","varchar(20)","NAO","",""
"Estoque / Produtos","G17","Movimentação de Estoque (Kardex)","G6_ID","int(4)","NAO","G6",""
"Estoque / Produtos","G17","Movimentação de Estoque (Kardex)","G17_REFERENCIA","varchar(50)","NAO","",""
"Estoque / Produtos","G17","Movimentação de Estoque (Kardex)","G17_DESCRICAO","varchar(150)","NAO","",""
"Estoque / Produtos","G17","Movimentação de Estoque (Kardex)","R49_ID","int(4)","NAO","R49",""
"Estoque / Produtos","G17","Movimentação de Estoque (Kardex)","G17_QTD","numeric(9)","NAO","",""
"Estoque / Produtos","G17","Movimentação de Estoque (Kardex)","R13_ID","int(4)","NAO","R13",""
"Estoque / Produtos","G17","Movimentação de Estoque (Kardex)","R7_ID","int(4)","NAO","R7",""
"Estoque / Produtos","G17","Movimentação de Estoque (Kardex)","I14_ID","int(4)","NAO","I14",""
"Estoque / Produtos","G17","Movimentação de Estoque (Kardex)","I11_ID","int(4)","NAO","I11",""
"Estoque / Produtos","G17","Movimentação de Estoque (Kardex)","R57_ID","int(4)","NAO","R57",""
"Estoque / Produtos","G17","Movimentação de Estoque (Kardex)","I46_ID","int(4)","NAO","I46",""
"Estoque / Produtos","G17","Movimentação de Estoque (Kardex)","I43_ID","int(4)","NAO","I43",""
"Estoque / Produtos","G17","Movimentação de Estoque (Kardex)","V1_ID","int(4)","NAO","V1",""
"Estoque / Produtos","G17","Movimentação de Estoque (Kardex)","V3_ID","int(4)","NAO","V3",""
"Estoque / Produtos","G17","Movimentação de Estoque (Kardex)","A3_ID","int(4)","NAO","A3",""
"Estoque / Produtos","G17","Movimentação de Estoque (Kardex)","G22_ID","int(4)","NAO","G22",""
"Estoque / Produtos","G17","Movimentação de Estoque (Kardex)","I57_ID","int(4)","NAO","I57",""
"Estoque / Produtos","G17","Movimentação de Estoque (Kardex)","I58_ID","int(4)","NAO","I58",""
"Estoque / Produtos","G17","Movimentação de Estoque (Kardex)","G17_ESTORNADO","bit(1)","NAO","",""
"Estoque / Produtos","G17","Movimentação de Estoque (Kardex)","G17_STATUS","varchar(20)","NAO","","Máquina de estados (Aberto, Fechado, etc)"
"Geral / Outros","G20","Tabela do Sistema Petrus","G20_ID","int(4)","SIM","",""
"Geral / Outros","G20","Tabela do Sistema Petrus","S1_ID","int(4)","NAO","S1",""
"Geral / Outros","G20","Tabela do Sistema Petrus","G20_DESCRICAO","varchar(50)","NAO","",""
"Geral / Outros","G20","Tabela do Sistema Petrus","G20_SELECIONE","bit(1)","NAO","",""
"Geral / Outros","G20","Tabela do Sistema Petrus","G20_DATA_INCLUSAO","datetime(8)","NAO","",""
"Geral / Outros","G20","Tabela do Sistema Petrus","G20_DATA_ALTERACAO","datetime(8)","NAO","",""
"Geral / Outros","G20","Tabela do Sistema Petrus","G20_USUARIO_INCLUSAO","varchar(50)","NAO","",""
"Geral / Outros","G20","Tabela do Sistema Petrus","G20_USUARIO_ALTERACAO","varchar(50)","NAO","",""
"Geral / Outros","G22","Tabela do Sistema Petrus","G22_ID","int(4)","SIM","",""
"Geral / Outros","G22","Tabela do Sistema Petrus","S1_ID","int(4)","NAO","S1",""
"Geral / Outros","G22","Tabela do Sistema Petrus","G22_DESCRICAO","varchar(50)","NAO","",""
"Geral / Outros","G22","Tabela do Sistema Petrus","G22_SELECIONE","bit(1)","NAO","",""
"Geral / Outros","G22","Tabela do Sistema Petrus","G22_DATA_INCLUSAO","datetime(8)","NAO","",""
"Geral / Outros","G22","Tabela do Sistema Petrus","G22_DATA_ALTERACAO","datetime(8)","NAO","",""
"Geral / Outros","G22","Tabela do Sistema Petrus","G22_USUARIO_INCLUSAO","varchar(50)","NAO","",""
"Geral / Outros","G22","Tabela do Sistema Petrus","G22_USUARIO_ALTERACAO","varchar(50)","NAO","",""
"Geral / Outros","G22","Tabela do Sistema Petrus","G22_CAPACIDADE","numeric(9)","NAO","",""
"Geral / Outros","G22","Tabela do Sistema Petrus","G22_ALTURA","numeric(9)","NAO","",""
"Geral / Outros","G22","Tabela do Sistema Petrus","G22_LARGURA","numeric(9)","NAO","",""
"Geral / Outros","G22","Tabela do Sistema Petrus","G22_COMPRIMENTO","numeric(9)","NAO","",""
"Geral / Outros","G22","Tabela do Sistema Petrus","A3_ID","int(4)","NAO","A3",""
"Geral / Outros","G22","Tabela do Sistema Petrus","G9_ID","int(4)","NAO","G9",""
"Geral / Outros","G24","Tabela do Sistema Petrus","G24_ID","int(4)","SIM","",""
"Geral / Outros","G24","Tabela do Sistema Petrus","S1_ID","int(4)","NAO","S1",""
"Geral / Outros","G24","Tabela do Sistema Petrus","G24_DESCRICAO","varchar(50)","NAO","",""
"Geral / Outros","G24","Tabela do Sistema Petrus","G24_SELECIONE","bit(1)","NAO","",""
"Geral / Outros","G24","Tabela do Sistema Petrus","G24_DATA_INCLUSAO","datetime(8)","NAO","",""
"Geral / Outros","G24","Tabela do Sistema Petrus","G24_DATA_ALTERACAO","datetime(8)","NAO","",""
"Geral / Outros","G24","Tabela do Sistema Petrus","G24_USUARIO_INCLUSAO","varchar(50)","NAO","",""
"Geral / Outros","G24","Tabela do Sistema Petrus","G24_USUARIO_ALTERACAO","varchar(50)","NAO","",""
"Geral / Outros","G25","Tabela do Sistema Petrus","G25_ID","int(4)","SIM","",""
"Geral / Outros","G25","Tabela do Sistema Petrus","S1_ID","int(4)","NAO","S1",""
"Geral / Outros","G25","Tabela do Sistema Petrus","G25_DESCRICAO","varchar(100)","NAO","",""
"Geral / Outros","G25","Tabela do Sistema Petrus","G25_SELECIONE","bit(1)","NAO","",""
"Geral / Outros","G25","Tabela do Sistema Petrus","G25_DATA_INCLUSAO","datetime(8)","NAO","",""
"Geral / Outros","G25","Tabela do Sistema Petrus","G25_DATA_ALTERACAO","datetime(8)","NAO","",""
"Geral / Outros","G25","Tabela do Sistema Petrus","G25_USUARIO_INCLUSAO","varchar(50)","NAO","",""
"Geral / Outros","G25","Tabela do Sistema Petrus","G25_USUARIO_ALTERACAO","varchar(50)","NAO","",""
"Geral / Outros","G25","Tabela do Sistema Petrus","G25_ID_1","int(4)","NAO","",""
"Estoque / Produtos","G32","Tabela do Sistema Petrus","G32_ID","int(4)","SIM","",""
"Estoque / Produtos","G32","Tabela do Sistema Petrus","S1_ID","int(4)","NAO","S1",""
"Estoque / Produtos","G32","Tabela do Sistema Petrus","G32_DESCRICAO","varchar(300)","NAO","",""
"Estoque / Produtos","G32","Tabela do Sistema Petrus","G32_SELECIONE","bit(1)","NAO","",""
"Estoque / Produtos","G32","Tabela do Sistema Petrus","G32_DATA_INCLUSAO","datetime(8)","NAO","",""
"Estoque / Produtos","G32","Tabela do Sistema Petrus","G32_DATA_ALTERACAO","datetime(8)","NAO","",""
"Estoque / Produtos","G32","Tabela do Sistema Petrus","G32_USUARIO_INCLUSAO","varchar(50)","NAO","",""
"Estoque / Produtos","G32","Tabela do Sistema Petrus","G32_USUARIO_ALTERACAO","varchar(50)","NAO","",""
"Estoque / Produtos","G32","Tabela do Sistema Petrus","G6_ID_1","int(4)","NAO","",""
"Estoque / Produtos","G32","Tabela do Sistema Petrus","G32_UN","varchar(50)","NAO","",""
"Estoque / Produtos","G32","Tabela do Sistema Petrus","G32_QTD","numeric(9)","NAO","",""
"Estoque / Produtos","G32","Tabela do Sistema Petrus","G6_ID","int(4)","NAO","G6",""
"Estoque / Produtos","G32","Tabela do Sistema Petrus","G32_PRODUTO","varchar(50)","NAO","",""
"Estoque / Produtos","G32","Tabela do Sistema Petrus","G32_FATOR_DIVISOR","numeric(9)","NAO","",""
"Estoque / Produtos","G32","Tabela do Sistema Petrus","G32_PERDA","numeric(9)","NAO","",""
"Estoque / Produtos","G32","Tabela do Sistema Petrus","G32_MOVIMENTA_ESTOQUE","bit(1)","NAO","","Controla quantidade física"
"Estoque / Produtos","G32","Tabela do Sistema Petrus","G32_CONVERSAO_KG_MT","bit(1)","NAO","",""
"Estoque / Produtos","G32","Tabela do Sistema Petrus","G32_ADICIONAL","bit(1)","NAO","",""
"Estoque / Produtos","G32","Tabela do Sistema Petrus","G32_EXPORTAR_ORDEM_SEPARACAO","bit(1)","NAO","",""
"Geral / Outros","G36","Tabela do Sistema Petrus","G36_ID","int(4)","SIM","",""
"Geral / Outros","G36","Tabela do Sistema Petrus","S1_ID","int(4)","NAO","S1",""
"Geral / Outros","G36","Tabela do Sistema Petrus","G36_SELECIONE","bit(1)","NAO","",""
"Geral / Outros","G36","Tabela do Sistema Petrus","G36_DATA_INCLUSAO","datetime(8)","NAO","",""
"Geral / Outros","G36","Tabela do Sistema Petrus","G36_DATA_ALTERACAO","datetime(8)","NAO","",""
"Geral / Outros","G36","Tabela do Sistema Petrus","G36_USUARIO_INCLUSAO","varchar(50)","NAO","",""
"Geral / Outros","G36","Tabela do Sistema Petrus","G36_USUARIO_ALTERACAO","varchar(50)","NAO","",""
"Geral / Outros","G36","Tabela do Sistema Petrus","G6_ID","int(4)","NAO","G6",""
"Geral / Outros","G36","Tabela do Sistema Petrus","I5_ID","int(4)","NAO","I5",""
"Geral / Outros","G36","Tabela do Sistema Petrus","G36_REFERENCIA","varchar(50)","NAO","",""
"Geral / Outros","G36","Tabela do Sistema Petrus","G36_NOME","varchar(300)","NAO","",""
"Geral / Outros","G36","Tabela do Sistema Petrus","G36_VALOR","numeric(9)","NAO","","Campo monetário"
"Geral / Outros","G39","Tabela do Sistema Petrus","G39_ID","int(4)","SIM","",""
"Geral / Outros","G39","Tabela do Sistema Petrus","S1_ID","int(4)","NAO","S1",""
"Geral / Outros","G39","Tabela do Sistema Petrus","G39_SELECIONE","bit(1)","NAO","",""
"Geral / Outros","G39","Tabela do Sistema Petrus","G39_DATA_INCLUSAO","datetime(8)","NAO","",""
"Geral / Outros","G39","Tabela do Sistema Petrus","G39_DATA_ALTERACAO","datetime(8)","NAO","",""
"Geral / Outros","G39","Tabela do Sistema Petrus","G39_USUARIO_INCLUSAO","varchar(50)","NAO","",""
"Geral / Outros","G39","Tabela do Sistema Petrus","G39_USUARIO_ALTERACAO","varchar(50)","NAO","",""
"Geral / Outros","G39","Tabela do Sistema Petrus","G39_DATA_LOTE","datetime(8)","NAO","",""
"Geral / Outros","G39","Tabela do Sistema Petrus","G39_DATA_VALIDADE","datetime(8)","NAO","",""
"Geral / Outros","G39","Tabela do Sistema Petrus","G39_QUANTIDADE","numeric(9)","NAO","",""
"Geral / Outros","G39","Tabela do Sistema Petrus","A3_ID","int(4)","NAO","A3",""
"Geral / Outros","G39","Tabela do Sistema Petrus","G39_OBS","varchar(150)","NAO","",""
"Geral / Outros","G39","Tabela do Sistema Petrus","G6_ID","int(4)","NAO","G6",""
"Geral / Outros","G4","Tabela do Sistema Petrus","G4_ID","int(4)","SIM","",""
"Geral / Outros","G4","Tabela do Sistema Petrus","S1_ID","int(4)","NAO","S1",""
"Geral / Outros","G4","Tabela do Sistema Petrus","G4_NOME","varchar(50)","NAO","",""
"Geral / Outros","G4","Tabela do Sistema Petrus","G4_SELECIONE","bit(1)","NAO","",""
"Geral / Outros","G4","Tabela do Sistema Petrus","G4_DATA_INCLUSAO","datetime(8)","NAO","",""
"Geral / Outros","G4","Tabela do Sistema Petrus","G4_DATA_ALTERACAO","datetime(8)","NAO","",""
"Geral / Outros","G4","Tabela do Sistema Petrus","G4_USUARIO_INCLUSAO","varchar(50)","NAO","",""
"Geral / Outros","G4","Tabela do Sistema Petrus","G4_USUARIO_ALTERACAO","varchar(50)","NAO","",""
"Geral / Outros","G41","Tabela do Sistema Petrus","G41_ID","int(4)","SIM","",""
"Geral / Outros","G41","Tabela do Sistema Petrus","S1_ID","int(4)","NAO","S1",""
"Geral / Outros","G41","Tabela do Sistema Petrus","G41_SELECIONE","bit(1)","NAO","",""
"Geral / Outros","G41","Tabela do Sistema Petrus","G41_DATA_INCLUSAO","datetime(8)","NAO","",""
"Geral / Outros","G41","Tabela do Sistema Petrus","G41_DATA_ALTERACAO","datetime(8)","NAO","",""
"Geral / Outros","G41","Tabela do Sistema Petrus","G41_USUARIO_INCLUSAO","varchar(50)","NAO","",""
"Geral / Outros","G41","Tabela do Sistema Petrus","G41_USUARIO_ALTERACAO","varchar(50)","NAO","",""
"Geral / Outros","G41","Tabela do Sistema Petrus","G47_ID","int(4)","NAO","G47",""
"Geral / Outros","G41","Tabela do Sistema Petrus","G41_VALOR","numeric(9)","NAO","","Campo monetário"
"Geral / Outros","G41","Tabela do Sistema Petrus","G6_ID","int(4)","NAO","G6",""
"Geral / Outros","G41","Tabela do Sistema Petrus","G41_DESCRICAO","varchar(50)","NAO","",""
"Geral / Outros","G41","Tabela do Sistema Petrus","G41_DATA","datetime(8)","NAO","",""
"Geral / Outros","G45","Tabela do Sistema Petrus","G45_ID","int(4)","SIM","",""
"Geral / Outros","G45","Tabela do Sistema Petrus","S1_ID","int(4)","NAO","S1",""
"Geral / Outros","G45","Tabela do Sistema Petrus","G45_DESCRICAO","varchar(50)","NAO","",""
"Geral / Outros","G45","Tabela do Sistema Petrus","G45_SELECIONE","bit(1)","NAO","",""
"Geral / Outros","G45","Tabela do Sistema Petrus","G45_DATA_INCLUSAO","datetime(8)","NAO","",""
"Geral / Outros","G45","Tabela do Sistema Petrus","G45_DATA_ALTERACAO","datetime(8)","NAO","",""
"Geral / Outros","G45","Tabela do Sistema Petrus","G45_USUARIO_INCLUSAO","varchar(50)","NAO","",""
"Geral / Outros","G45","Tabela do Sistema Petrus","G45_USUARIO_ALTERACAO","varchar(50)","NAO","",""
"Geral / Outros","G45","Tabela do Sistema Petrus","G6_ID","int(4)","NAO","G6",""
"Geral / Outros","G45","Tabela do Sistema Petrus","V17_ID","int(4)","NAO","V17",""
"Geral / Outros","G45","Tabela do Sistema Petrus","G45_PECAS_HORAS","numeric(9)","NAO","",""
"Geral / Outros","G45","Tabela do Sistema Petrus","G45_CICLO_PADRAO","numeric(9)","NAO","",""
"Geral / Outros","G45","Tabela do Sistema Petrus","G45_CAVIDADES","numeric(9)","NAO","",""
"Geral / Outros","G47","Tabela do Sistema Petrus","G47_ID","int(4)","SIM","",""
"Geral / Outros","G47","Tabela do Sistema Petrus","S1_ID","int(4)","NAO","S1",""
"Geral / Outros","G47","Tabela do Sistema Petrus","G47_DESCRICAO","varchar(50)","NAO","",""
"Geral / Outros","G47","Tabela do Sistema Petrus","G47_SELECIONE","bit(1)","NAO","",""
"Geral / Outros","G47","Tabela do Sistema Petrus","G47_DATA_INCLUSAO","datetime(8)","NAO","",""
"Geral / Outros","G47","Tabela do Sistema Petrus","G47_DATA_ALTERACAO","datetime(8)","NAO","",""
"Geral / Outros","G47","Tabela do Sistema Petrus","G47_USUARIO_INCLUSAO","varchar(50)","NAO","",""
"Geral / Outros","G47","Tabela do Sistema Petrus","G47_USUARIO_ALTERACAO","varchar(50)","NAO","",""
"Geral / Outros","G48","Tabela do Sistema Petrus","G48_ID","int(4)","SIM","",""
"Geral / Outros","G48","Tabela do Sistema Petrus","S1_ID","int(4)","NAO","S1",""
"Geral / Outros","G48","Tabela do Sistema Petrus","G48_DESCRICAO","varchar(100)","NAO","",""
"Geral / Outros","G48","Tabela do Sistema Petrus","G48_SELECIONE","bit(1)","NAO","",""
"Geral / Outros","G48","Tabela do Sistema Petrus","G48_DATA_INCLUSAO","datetime(8)","NAO","",""
"Geral / Outros","G48","Tabela do Sistema Petrus","G48_DATA_ALTERACAO","datetime(8)","NAO","",""
"Geral / Outros","G48","Tabela do Sistema Petrus","G48_USUARIO_INCLUSAO","varchar(50)","NAO","",""
"Geral / Outros","G48","Tabela do Sistema Petrus","G48_USUARIO_ALTERACAO","varchar(50)","NAO","",""
"Geral / Outros","G48","Tabela do Sistema Petrus","G6_ID","int(4)","NAO","G6",""
"Geral / Outros","G48","Tabela do Sistema Petrus","L10_ID","int(4)","NAO","L10",""
"Geral / Outros","G48","Tabela do Sistema Petrus","G48_PORCENTAGEM","numeric(9)","NAO","",""
"Geral / Outros","G48","Tabela do Sistema Petrus","G48_CODIGO","varchar(20)","NAO","",""
"Geral / Outros","G48","Tabela do Sistema Petrus","G48_CLASSIFICACAO","varchar(50)","NAO","",""
"Geral / Outros","G48","Tabela do Sistema Petrus","G48_TIPO","varchar(50)","NAO","",""
"Geral / Outros","G5","Tabela do Sistema Petrus","G5_ID","int(4)","SIM","",""
"Geral / Outros","G5","Tabela do Sistema Petrus","S1_ID","int(4)","NAO","S1",""
"Geral / Outros","G5","Tabela do Sistema Petrus","G5_NOME","varchar(50)","NAO","",""
"Geral / Outros","G5","Tabela do Sistema Petrus","G5_SELECIONE","bit(1)","NAO","",""
"Geral / Outros","G5","Tabela do Sistema Petrus","G5_DATA_INCLUSAO","datetime(8)","NAO","",""
"Geral / Outros","G5","Tabela do Sistema Petrus","G5_DATA_ALTERACAO","datetime(8)","NAO","",""
"Geral / Outros","G5","Tabela do Sistema Petrus","G5_USUARIO_INCLUSAO","varchar(50)","NAO","",""
"Geral / Outros","G5","Tabela do Sistema Petrus","G5_USUARIO_ALTERACAO","varchar(50)","NAO","",""
"Geral / Outros","G50","Tabela do Sistema Petrus","G50_ID","int(4)","SIM","",""
"Geral / Outros","G50","Tabela do Sistema Petrus","S1_ID","int(4)","NAO","S1",""
"Geral / Outros","G50","Tabela do Sistema Petrus","G50_SIGLA","varchar(50)","NAO","",""
"Geral / Outros","G50","Tabela do Sistema Petrus","G50_SELECIONE","bit(1)","NAO","",""
"Geral / Outros","G50","Tabela do Sistema Petrus","G50_DATA_INCLUSAO","datetime(8)","NAO","",""
"Geral / Outros","G50","Tabela do Sistema Petrus","G50_DATA_ALTERACAO","datetime(8)","NAO","",""
"Geral / Outros","G50","Tabela do Sistema Petrus","G50_USUARIO_INCLUSAO","varchar(50)","NAO","",""
"Geral / Outros","G50","Tabela do Sistema Petrus","G50_USUARIO_ALTERACAO","varchar(50)","NAO","",""
"Geral / Outros","G50","Tabela do Sistema Petrus","G6_ID","int(4)","NAO","G6",""
"Geral / Outros","G50","Tabela do Sistema Petrus","S1_ID_1","int(4)","NAO","",""
"Estoque / Produtos","G6","Cadastro de Produtos","G6_ID","int(4)","SIM","",""
"Estoque / Produtos","G6","Cadastro de Produtos","S1_ID","int(4)","NAO","S1",""
"Estoque / Produtos","G6","Cadastro de Produtos","G6_DESCRICAO","varchar(300)","NAO","",""
"Estoque / Produtos","G6","Cadastro de Produtos","X7_ID","int(4)","NAO","X7",""
"Estoque / Produtos","G6","Cadastro de Produtos","G6_CUBAGEM","numeric(9)","NAO","",""
"Estoque / Produtos","G6","Cadastro de Produtos","G6_EAN13_GTIN","varchar(50)","NAO","",""
"Estoque / Produtos","G6","Cadastro de Produtos","G6_ESTOQUE_MAXIMO","numeric(9)","NAO","","Controla quantidade física"
"Estoque / Produtos","G6","Cadastro de Produtos","G6_ESTOQUE_MINIMO","numeric(9)","NAO","","Controla quantidade física"
"Estoque / Produtos","G6","Cadastro de Produtos","I4_ID","int(4)","NAO","I4",""
"Estoque / Produtos","G6","Cadastro de Produtos","G6_LARGURA","numeric(9)","NAO","",""
"Estoque / Produtos","G6","Cadastro de Produtos","G6_LOTE","int(4)","NAO","",""
"Estoque / Produtos","G6","Cadastro de Produtos","G4_ID","int(4)","NAO","G4",""
"Estoque / Produtos","G6","Cadastro de Produtos","G5_ID","int(4)","NAO","G5",""
"Estoque / Produtos","G6","Cadastro de Produtos","G6_PESO_BRUTO","numeric(9)","NAO","",""
"Estoque / Produtos","G6","Cadastro de Produtos","G6_PESO_LIQUIDO","numeric(9)","NAO","",""
"Estoque / Produtos","G6","Cadastro de Produtos","G6_PRECO_CUSTO","numeric(9)","NAO","",""
"Estoque / Produtos","G6","Cadastro de Produtos","G6_QTD_EMB","numeric(9)","NAO","",""
"Estoque / Produtos","G6","Cadastro de Produtos","G6_REFERENCIA","varchar(50)","NAO","",""
"Estoque / Produtos","G6","Cadastro de Produtos","G9_ID","int(4)","NAO","G9",""
"Estoque / Produtos","G6","Cadastro de Produtos","G6_TIPO","varchar(50)","NAO","",""
"Estoque / Produtos","G6","Cadastro de Produtos","G6_FOTO","varchar(500)","NAO","",""
"Estoque / Produtos","G6","Cadastro de Produtos","G6_SELECIONE","bit(1)","NAO","",""
"Estoque / Produtos","G6","Cadastro de Produtos","X8_ID","int(4)","NAO","X8",""
"Estoque / Produtos","G6","Cadastro de Produtos","G6_ALTURA","numeric(9)","NAO","",""
"Estoque / Produtos","G6","Cadastro de Produtos","G6_COMPRIMENTO","numeric(9)","NAO","",""
"Estoque / Produtos","G6","Cadastro de Produtos","G6_OBS","varchar(500)","NAO","",""
"Estoque / Produtos","G6","Cadastro de Produtos","G20_ID","int(4)","NAO","G20",""
"Estoque / Produtos","G6","Cadastro de Produtos","A3_ID","int(4)","NAO","A3",""
"Estoque / Produtos","G6","Cadastro de Produtos","G22_ID","int(4)","NAO","G22",""
"Estoque / Produtos","G6","Cadastro de Produtos","G25_ID","int(4)","NAO","G25",""
"Estoque / Produtos","G6","Cadastro de Produtos","G6_DATA_INCLUSAO","datetime(8)","NAO","",""
"Estoque / Produtos","G6","Cadastro de Produtos","G6_DATA_ALTERACAO","datetime(8)","NAO","",""
"Estoque / Produtos","G6","Cadastro de Produtos","G6_USUARIO_INCLUSAO","varchar(50)","NAO","",""
"Estoque / Produtos","G6","Cadastro de Produtos","G6_USUARIO_ALTERACAO","varchar(50)","NAO","",""
"Estoque / Produtos","G6","Cadastro de Produtos","G6_ESTOQUE_INICIAL","numeric(9)","NAO","","Controla quantidade física"
"Estoque / Produtos","G6","Cadastro de Produtos","G6_CEST","varchar(20)","NAO","",""
"Estoque / Produtos","G6","Cadastro de Produtos","G6_INFORMACOES_ADICIONAIS","varchar(300)","NAO","",""
"Estoque / Produtos","G6","Cadastro de Produtos","G6_FORMATO","varchar(20)","NAO","",""
"Estoque / Produtos","G6","Cadastro de Produtos","G17_ID","int(4)","NAO","G17",""
"Estoque / Produtos","G6","Cadastro de Produtos","G9_ID_1","int(4)","NAO","",""
"Estoque / Produtos","G6","Cadastro de Produtos","G6_EAN13_GTIN_TRIBUTAVEL","varchar(50)","NAO","",""
"Estoque / Produtos","G6","Cadastro de Produtos","G6_ALTURA_EMBALAGEM","numeric(9)","NAO","",""
"Estoque / Produtos","G6","Cadastro de Produtos","G6_COMPRIMENTO_EMBALAGEM","numeric(9)","NAO","",""
"Estoque / Produtos","G6","Cadastro de Produtos","G6_LARGURA_EMBALAGEM","numeric(9)","NAO","",""
"Estoque / Produtos","G6","Cadastro de Produtos","G6_CAPACIDADE","numeric(9)","NAO","",""
"Estoque / Produtos","G6","Cadastro de Produtos","G6_PESO_BRUTO_EMBALAGEM","numeric(9)","NAO","",""
"Estoque / Produtos","G6","Cadastro de Produtos","G6_PESO_LIQUIDO_EMBALAGEM","numeric(9)","NAO","",""
"Estoque / Produtos","G6","Cadastro de Produtos","G6_DUN14","varchar(50)","NAO","",""
"Estoque / Produtos","G6","Cadastro de Produtos","G25_ID_1","int(4)","NAO","",""
"Estoque / Produtos","G6","Cadastro de Produtos","G6_ORIGEM","varchar(100)","NAO","",""
"Estoque / Produtos","G6","Cadastro de Produtos","G6_COMPLEMENTO","varchar(500)","NAO","",""
"Estoque / Produtos","G6","Cadastro de Produtos","G6_STATUS","varchar(20)","NAO","","Máquina de estados (Aberto, Fechado, etc)"
"Estoque / Produtos","G6","Cadastro de Produtos","G6_DATA_BLOQUEIO","datetime(8)","NAO","",""
"Estoque / Produtos","G6","Cadastro de Produtos","G6_DATA_INATIVACAO","datetime(8)","NAO","",""
"Estoque / Produtos","G6","Cadastro de Produtos","G6_DATA_REATIVACAO","datetime(8)","NAO","",""
"Estoque / Produtos","G6","Cadastro de Produtos","G6_CONTROLA_ESTOQUE","bit(1)","NAO","","Controla quantidade física"
"Estoque / Produtos","G6","Cadastro de Produtos","J26_ID","int(4)","NAO","J26",""
"Estoque / Produtos","G6","Cadastro de Produtos","G6_MARKUP","numeric(9)","NAO","",""
"Estoque / Produtos","G6","Cadastro de Produtos","G6_LUCRO","numeric(9)","NAO","",""
"Estoque / Produtos","G6","Cadastro de Produtos","G6_VALOR_SUGERIDO","numeric(9)","NAO","","Campo monetário"
"Estoque / Produtos","G6","Cadastro de Produtos","G9_ID_2","int(4)","NAO","",""
"Estoque / Produtos","G6","Cadastro de Produtos","G6_ESTOQUE","numeric(9)","NAO","","Controla quantidade física"
"Estoque / Produtos","G6","Cadastro de Produtos","G6_VENDA","bit(1)","NAO","",""
"Estoque / Produtos","G6","Cadastro de Produtos","G6_COMPRA","bit(1)","NAO","",""
"Estoque / Produtos","G6","Cadastro de Produtos","G6_VOLUME","numeric(9)","NAO","",""
"Estoque / Produtos","G6","Cadastro de Produtos","G6_CAVIDADE","int(4)","NAO","",""
"Estoque / Produtos","G6","Cadastro de Produtos","G6_CICLO_PADRAO","numeric(9)","NAO","",""
"Estoque / Produtos","G6","Cadastro de Produtos","G6_LOTE_MINIMO","numeric(9)","NAO","",""
"Estoque / Produtos","G6","Cadastro de Produtos","G6_LOTE_MAXIMO","numeric(9)","NAO","",""
"Estoque / Produtos","G6","Cadastro de Produtos","G6_LOTE_MULTIPLO","numeric(9)","NAO","",""
"Estoque / Produtos","G6","Cadastro de Produtos","G6_LOTE_ECONOMICO","numeric(9)","NAO","",""
"Estoque / Produtos","G6","Cadastro de Produtos","X52_ID","int(4)","NAO","X52",""
"Estoque / Produtos","G6","Cadastro de Produtos","C4_ID","int(4)","NAO","C4",""
"Estoque / Produtos","G6","Cadastro de Produtos","C3_ID","int(4)","NAO","C3",""
"Estoque / Produtos","G6","Cadastro de Produtos","G6_MC_MINIMA","numeric(9)","NAO","",""
"Geral / Outros","G9","Tabela do Sistema Petrus","G9_ID","int(4)","SIM","",""
"Geral / Outros","G9","Tabela do Sistema Petrus","S1_ID","int(4)","NAO","S1",""
"Geral / Outros","G9","Tabela do Sistema Petrus","G9_DESCRICAO","varchar(20)","NAO","",""
"Geral / Outros","G9","Tabela do Sistema Petrus","G9_SELECIONE","bit(1)","NAO","",""
"Geral / Outros","G9","Tabela do Sistema Petrus","G9_DATA_INCLUSAO","datetime(8)","NAO","",""
"Geral / Outros","G9","Tabela do Sistema Petrus","G9_DATA_ALTERACAO","datetime(8)","NAO","",""
"Geral / Outros","G9","Tabela do Sistema Petrus","G9_USUARIO_INCLUSAO","varchar(50)","NAO","",""
"Geral / Outros","G9","Tabela do Sistema Petrus","G9_USUARIO_ALTERACAO","varchar(50)","NAO","",""
"Geral / Outros","G9","Tabela do Sistema Petrus","G9_DESCRICAO_COMPLETA","varchar(50)","NAO","",""
"Geral / Outros","GX1","Tabela do Sistema Petrus","GX1_ID","int(4)","SIM","",""
"Geral / Outros","GX1","Tabela do Sistema Petrus","S1_ID","int(4)","NAO","S1",""
"Geral / Outros","GX1","Tabela do Sistema Petrus","GX1_SELECIONE","bit(1)","NAO","",""
"Geral / Outros","GX1","Tabela do Sistema Petrus","GX1_DATA_INCLUSAO","datetime(8)","NAO","",""
"Geral / Outros","GX1","Tabela do Sistema Petrus","GX1_DATA_ALTERACAO","datetime(8)","NAO","",""
"Geral / Outros","GX1","Tabela do Sistema Petrus","GX1_USUARIO_INCLUSAO","varchar(50)","NAO","",""
"Geral / Outros","GX1","Tabela do Sistema Petrus","GX1_USUARIO_ALTERACAO","varchar(50)","NAO","",""
"Geral / Outros","GX1","Tabela do Sistema Petrus","GX1_DESCRICAO","varchar(300)","NAO","",""
"Geral / Outros","GX1","Tabela do Sistema Petrus","GX1_DATA_EMISSAO","datetime(8)","NAO","",""
"Geral / Outros","GX1","Tabela do Sistema Petrus","GX1_STATUS","varchar(20)","NAO","","Máquina de estados (Aberto, Fechado, etc)"
"Estoque / Produtos","GX2","Tabela do Sistema Petrus","GX2_ID","int(4)","SIM","",""
"Estoque / Produtos","GX2","Tabela do Sistema Petrus","S1_ID","int(4)","NAO","S1",""
"Estoque / Produtos","GX2","Tabela do Sistema Petrus","GX2_DESCRICAO","varchar(300)","NAO","",""
"Estoque / Produtos","GX2","Tabela do Sistema Petrus","GX2_SELECIONE","bit(1)","NAO","",""
"Estoque / Produtos","GX2","Tabela do Sistema Petrus","GX2_DATA_INCLUSAO","datetime(8)","NAO","",""
"Estoque / Produtos","GX2","Tabela do Sistema Petrus","GX2_DATA_ALTERACAO","datetime(8)","NAO","",""
"Estoque / Produtos","GX2","Tabela do Sistema Petrus","GX2_USUARIO_INCLUSAO","varchar(50)","NAO","",""
"Estoque / Produtos","GX2","Tabela do Sistema Petrus","GX2_USUARIO_ALTERACAO","varchar(50)","NAO","",""
"Estoque / Produtos","GX2","Tabela do Sistema Petrus","GX1_ID","int(4)","NAO","GX1",""
"Estoque / Produtos","GX2","Tabela do Sistema Petrus","G6_ID","int(4)","NAO","G6",""
"Estoque / Produtos","GX2","Tabela do Sistema Petrus","GX2_VOLUME_ESTOQUE","numeric(9)","NAO","","Controla quantidade física"
"Estoque / Produtos","GX2","Tabela do Sistema Petrus","GX2_VOLUME_INVENTARIO","numeric(9)","NAO","",""
"Estoque / Produtos","GX2","Tabela do Sistema Petrus","GX2_ACURACIDADE","numeric(9)","NAO","",""
"Estoque / Produtos","GX2","Tabela do Sistema Petrus","GX2_REFERENCIA","varchar(50)","NAO","",""
"Estoque / Produtos","GX2","Tabela do Sistema Petrus","GX2_UN","varchar(50)","NAO","",""
"Geral / Outros","H1","Tabela do Sistema Petrus","H1_ID","int(4)","SIM","",""
"Geral / Outros","H1","Tabela do Sistema Petrus","S1_ID","int(4)","NAO","S1",""
"Geral / Outros","H1","Tabela do Sistema Petrus","H1_DESCRICAO","varchar(300)","NAO","",""
"Geral / Outros","H1","Tabela do Sistema Petrus","H1_SELECIONE","bit(1)","NAO","",""
"Geral / Outros","H1","Tabela do Sistema Petrus","H1_DATA_INCLUSAO","datetime(8)","NAO","",""
"Geral / Outros","H1","Tabela do Sistema Petrus","H1_DATA_ALTERACAO","datetime(8)","NAO","",""
"Geral / Outros","H1","Tabela do Sistema Petrus","H1_USUARIO_INCLUSAO","varchar(50)","NAO","",""
"Geral / Outros","H1","Tabela do Sistema Petrus","H1_USUARIO_ALTERACAO","varchar(50)","NAO","",""
"Geral / Outros","H1","Tabela do Sistema Petrus","H7_ID","int(4)","NAO","H7",""
"Geral / Outros","H1","Tabela do Sistema Petrus","G4_ID","int(4)","NAO","G4",""
"Geral / Outros","H1","Tabela do Sistema Petrus","G5_ID","int(4)","NAO","G5",""
"Geral / Outros","H1","Tabela do Sistema Petrus","V10_ID","int(4)","NAO","V10",""
"Geral / Outros","H1","Tabela do Sistema Petrus","I4_ID","int(4)","NAO","I4",""
"Geral / Outros","H1","Tabela do Sistema Petrus","H1_HORIMETRO","numeric(9)","NAO","",""
"Geral / Outros","H1","Tabela do Sistema Petrus","L10_ID","int(4)","NAO","L10",""
"Geral / Outros","H1","Tabela do Sistema Petrus","H1_ATIVO","bit(1)","NAO","",""
"Geral / Outros","H1","Tabela do Sistema Petrus","H1_OBS","varchar(-1)","NAO","",""
"Geral / Outros","H10","Tabela do Sistema Petrus","H10_ID","int(4)","SIM","",""
"Geral / Outros","H10","Tabela do Sistema Petrus","S1_ID","int(4)","NAO","S1",""
"Geral / Outros","H10","Tabela do Sistema Petrus","H10_DESCRICAO","varchar(300)","NAO","",""
"Geral / Outros","H10","Tabela do Sistema Petrus","H10_SELECIONE","bit(1)","NAO","",""
"Geral / Outros","H10","Tabela do Sistema Petrus","H10_DATA_INCLUSAO","datetime(8)","NAO","",""
"Geral / Outros","H10","Tabela do Sistema Petrus","H10_DATA_ALTERACAO","datetime(8)","NAO","",""
"Geral / Outros","H10","Tabela do Sistema Petrus","H10_USUARIO_INCLUSAO","varchar(50)","NAO","",""
"Geral / Outros","H10","Tabela do Sistema Petrus","H10_USUARIO_ALTERACAO","varchar(50)","NAO","",""
"Geral / Outros","H10","Tabela do Sistema Petrus","H5_ID","int(4)","NAO","H5",""
"Geral / Outros","H10","Tabela do Sistema Petrus","G6_ID","int(4)","NAO","G6",""
"Geral / Outros","H10","Tabela do Sistema Petrus","H10_QTD","numeric(9)","NAO","",""
"Geral / Outros","H10","Tabela do Sistema Petrus","H10_REFERENCIA","varchar(50)","NAO","",""
"Geral / Outros","H10","Tabela do Sistema Petrus","H10_CUSTO","numeric(9)","NAO","",""
"Geral / Outros","H10","Tabela do Sistema Petrus","H10_CUSTO_TOTAL","numeric(9)","NAO","",""
"Geral / Outros","H11","Tabela do Sistema Petrus","H11_ID","int(4)","SIM","",""
"Geral / Outros","H11","Tabela do Sistema Petrus","S1_ID","int(4)","NAO","S1",""
"Geral / Outros","H11","Tabela do Sistema Petrus","H11_NOME","varchar(300)","NAO","",""
"Geral / Outros","H11","Tabela do Sistema Petrus","H11_SELECIONE","bit(1)","NAO","",""
"Geral / Outros","H11","Tabela do Sistema Petrus","H11_DATA_INCLUSAO","datetime(8)","NAO","",""
"Geral / Outros","H11","Tabela do Sistema Petrus","H11_DATA_ALTERACAO","datetime(8)","NAO","",""
"Geral / Outros","H11","Tabela do Sistema Petrus","H11_USUARIO_INCLUSAO","varchar(50)","NAO","",""
"Geral / Outros","H11","Tabela do Sistema Petrus","H11_USUARIO_ALTERACAO","varchar(50)","NAO","",""
"Geral / Outros","H11","Tabela do Sistema Petrus","H5_ID","int(4)","NAO","H5",""
"Geral / Outros","H11","Tabela do Sistema Petrus","H9_ID","int(4)","NAO","H9",""
"Geral / Outros","H11","Tabela do Sistema Petrus","H11_HORAS","numeric(9)","NAO","",""
"Geral / Outros","H11","Tabela do Sistema Petrus","H11_CUSTO","numeric(9)","NAO","",""
"Geral / Outros","H11","Tabela do Sistema Petrus","H11_CUSTO_TOTAL","numeric(9)","NAO","",""
"Geral / Outros","H12","Tabela do Sistema Petrus","H12_ID","int(4)","SIM","",""
"Geral / Outros","H12","Tabela do Sistema Petrus","S1_ID","int(4)","NAO","S1",""
"Geral / Outros","H12","Tabela do Sistema Petrus","H12_SELECIONE","bit(1)","NAO","",""
"Geral / Outros","H12","Tabela do Sistema Petrus","H12_DATA_INCLUSAO","datetime(8)","NAO","",""
"Geral / Outros","H12","Tabela do Sistema Petrus","H12_DATA_ALTERACAO","datetime(8)","NAO","",""
"Geral / Outros","H12","Tabela do Sistema Petrus","H12_USUARIO_INCLUSAO","varchar(50)","NAO","",""
"Geral / Outros","H12","Tabela do Sistema Petrus","H12_USUARIO_ALTERACAO","varchar(50)","NAO","",""
"Geral / Outros","H12","Tabela do Sistema Petrus","H12_CAMINHO","varchar(300)","NAO","",""
"Geral / Outros","H12","Tabela do Sistema Petrus","H12_DESCRICAO","varchar(100)","NAO","",""
"Geral / Outros","H12","Tabela do Sistema Petrus","H5_ID","int(4)","NAO","H5",""
"Geral / Outros","H15","Tabela do Sistema Petrus","H15_ID","int(4)","SIM","",""
"Geral / Outros","H15","Tabela do Sistema Petrus","S1_ID","int(4)","NAO","S1",""
"Geral / Outros","H15","Tabela do Sistema Petrus","H15_SELECIONE","bit(1)","NAO","",""
"Geral / Outros","H15","Tabela do Sistema Petrus","H15_DATA_INCLUSAO","datetime(8)","NAO","",""
"Geral / Outros","H15","Tabela do Sistema Petrus","H15_DATA_ALTERACAO","datetime(8)","NAO","",""
"Geral / Outros","H15","Tabela do Sistema Petrus","H15_USUARIO_INCLUSAO","varchar(50)","NAO","",""
"Geral / Outros","H15","Tabela do Sistema Petrus","H15_USUARIO_ALTERACAO","varchar(50)","NAO","",""
"Geral / Outros","H15","Tabela do Sistema Petrus","H5_ID","int(4)","NAO","H5",""
"Geral / Outros","H15","Tabela do Sistema Petrus","H15_DATA","datetime(8)","NAO","",""
"Geral / Outros","H15","Tabela do Sistema Petrus","H15_TIPO","varchar(20)","NAO","",""
"Geral / Outros","H15","Tabela do Sistema Petrus","H9_ID","int(4)","NAO","H9",""
"Geral / Outros","H17","Tabela do Sistema Petrus","H17_ID","int(4)","SIM","",""
"Geral / Outros","H17","Tabela do Sistema Petrus","S1_ID","int(4)","NAO","S1",""
"Geral / Outros","H17","Tabela do Sistema Petrus","H17_DESCRICAO","varchar(300)","NAO","",""
"Geral / Outros","H17","Tabela do Sistema Petrus","H17_SELECIONE","bit(1)","NAO","",""
"Geral / Outros","H17","Tabela do Sistema Petrus","H17_DATA_INCLUSAO","datetime(8)","NAO","",""
"Geral / Outros","H17","Tabela do Sistema Petrus","H17_DATA_ALTERACAO","datetime(8)","NAO","",""
"Geral / Outros","H17","Tabela do Sistema Petrus","H17_USUARIO_INCLUSAO","varchar(50)","NAO","",""
"Geral / Outros","H17","Tabela do Sistema Petrus","H17_USUARIO_ALTERACAO","varchar(50)","NAO","",""
"Geral / Outros","H17","Tabela do Sistema Petrus","H5_ID","int(4)","NAO","H5",""
"Geral / Outros","H17","Tabela do Sistema Petrus","HX8_ID","int(4)","NAO","HX8",""
"Geral / Outros","H18","Tabela do Sistema Petrus","H18_ID","int(4)","SIM","",""
"Geral / Outros","H18","Tabela do Sistema Petrus","S1_ID","int(4)","NAO","S1",""
"Geral / Outros","H18","Tabela do Sistema Petrus","H18_OBS","varchar(300)","NAO","",""
"Geral / Outros","H18","Tabela do Sistema Petrus","H18_SELECIONE","bit(1)","NAO","",""
"Geral / Outros","H18","Tabela do Sistema Petrus","H18_DATA_INCLUSAO","datetime(8)","NAO","",""
"Geral / Outros","H18","Tabela do Sistema Petrus","H18_DATA_ALTERACAO","datetime(8)","NAO","",""
"Geral / Outros","H18","Tabela do Sistema Petrus","H18_USUARIO_INCLUSAO","varchar(50)","NAO","",""
"Geral / Outros","H18","Tabela do Sistema Petrus","H18_USUARIO_ALTERACAO","varchar(50)","NAO","",""
"Geral / Outros","H18","Tabela do Sistema Petrus","H5_ID","int(4)","NAO","H5",""
"Geral / Outros","H18","Tabela do Sistema Petrus","H18_DATA","datetime(8)","NAO","",""
"Geral / Outros","H18","Tabela do Sistema Petrus","H18_DESCRICAO","varchar(300)","NAO","",""
"Geral / Outros","H2","Tabela do Sistema Petrus","H2_ID","int(4)","SIM","",""
"Geral / Outros","H2","Tabela do Sistema Petrus","S1_ID","int(4)","NAO","S1",""
"Geral / Outros","H2","Tabela do Sistema Petrus","H2_DESCRICAO","varchar(300)","NAO","",""
"Geral / Outros","H2","Tabela do Sistema Petrus","H2_SELECIONE","bit(1)","NAO","",""
"Geral / Outros","H2","Tabela do Sistema Petrus","H2_DATA_INCLUSAO","datetime(8)","NAO","",""
"Geral / Outros","H2","Tabela do Sistema Petrus","H2_DATA_ALTERACAO","datetime(8)","NAO","",""
"Geral / Outros","H2","Tabela do Sistema Petrus","H2_USUARIO_INCLUSAO","varchar(50)","NAO","",""
"Geral / Outros","H2","Tabela do Sistema Petrus","H2_USUARIO_ALTERACAO","varchar(50)","NAO","",""
"Geral / Outros","H2","Tabela do Sistema Petrus","H2_CATEGORIA","varchar(50)","NAO","",""
"Geral / Outros","H2","Tabela do Sistema Petrus","H2_NATUREZA","varchar(20)","NAO","",""
"Geral / Outros","H3","Tabela do Sistema Petrus","H3_ID","int(4)","SIM","",""
"Geral / Outros","H3","Tabela do Sistema Petrus","S1_ID","int(4)","NAO","S1",""
"Geral / Outros","H3","Tabela do Sistema Petrus","H3_DESCRICAO","varchar(300)","NAO","",""
"Geral / Outros","H3","Tabela do Sistema Petrus","H3_SELECIONE","bit(1)","NAO","",""
"Geral / Outros","H3","Tabela do Sistema Petrus","H3_DATA_INCLUSAO","datetime(8)","NAO","",""
"Geral / Outros","H3","Tabela do Sistema Petrus","H3_DATA_ALTERACAO","datetime(8)","NAO","",""
"Geral / Outros","H3","Tabela do Sistema Petrus","H3_USUARIO_INCLUSAO","varchar(50)","NAO","",""
"Geral / Outros","H3","Tabela do Sistema Petrus","H3_USUARIO_ALTERACAO","varchar(50)","NAO","",""
"Geral / Outros","H3","Tabela do Sistema Petrus","H1_ID","int(4)","NAO","H1",""
"Geral / Outros","H3","Tabela do Sistema Petrus","H2_ID","int(4)","NAO","H2",""
"Geral / Outros","H3","Tabela do Sistema Petrus","H3_PERIOCIDADE","varchar(20)","NAO","",""
"Geral / Outros","H3","Tabela do Sistema Petrus","H3_INTERVALO","numeric(9)","NAO","",""
"Geral / Outros","H3","Tabela do Sistema Petrus","H3_ATIVO","bit(1)","NAO","",""
"Geral / Outros","H3","Tabela do Sistema Petrus","H3_DATA_EXECUCAO","datetime(8)","NAO","",""
"Geral / Outros","H3","Tabela do Sistema Petrus","H3_CUSTO_ESTIMADO","numeric(9)","NAO","",""
"Geral / Outros","H3","Tabela do Sistema Petrus","RR1_ID","int(4)","NAO","RR1",""
"Geral / Outros","H5","Tabela do Sistema Petrus","H5_ID","int(4)","SIM","",""
"Geral / Outros","H5","Tabela do Sistema Petrus","S1_ID","int(4)","NAO","S1",""
"Geral / Outros","H5","Tabela do Sistema Petrus","H5_DESCRICAO","varchar(300)","NAO","",""
"Geral / Outros","H5","Tabela do Sistema Petrus","H5_SELECIONE","bit(1)","NAO","",""
"Geral / Outros","H5","Tabela do Sistema Petrus","H5_DATA_INCLUSAO","datetime(8)","NAO","",""
"Geral / Outros","H5","Tabela do Sistema Petrus","H5_DATA_ALTERACAO","datetime(8)","NAO","",""
"Geral / Outros","H5","Tabela do Sistema Petrus","H5_USUARIO_INCLUSAO","varchar(50)","NAO","",""
"Geral / Outros","H5","Tabela do Sistema Petrus","H5_USUARIO_ALTERACAO","varchar(50)","NAO","",""
"Geral / Outros","H5","Tabela do Sistema Petrus","H3_ID","int(4)","NAO","H3",""
"Geral / Outros","H5","Tabela do Sistema Petrus","H5_STATUS","varchar(20)","NAO","","Máquina de estados (Aberto, Fechado, etc)"
"Geral / Outros","H5","Tabela do Sistema Petrus","H5_DATA_EMISSAO","datetime(8)","NAO","",""
"Geral / Outros","H5","Tabela do Sistema Petrus","H5_DATA_INICIAL","datetime(8)","NAO","",""
"Geral / Outros","H5","Tabela do Sistema Petrus","H5_DATA_FINAL","datetime(8)","NAO","",""
"Geral / Outros","H5","Tabela do Sistema Petrus","H5_OBS","varchar(-1)","NAO","",""
"Geral / Outros","H5","Tabela do Sistema Petrus","H5_CUSTO_MATERIAL","numeric(9)","NAO","",""
"Geral / Outros","H5","Tabela do Sistema Petrus","H5_CUSTO_MAO_OBRA","numeric(9)","NAO","",""
"Geral / Outros","H5","Tabela do Sistema Petrus","H5_CUSTO_TOTAL","numeric(9)","NAO","",""
"Geral / Outros","H5","Tabela do Sistema Petrus","H2_ID","int(4)","NAO","H2",""
"Geral / Outros","H5","Tabela do Sistema Petrus","H5_DATA_CANCELAMENTO","datetime(8)","NAO","",""
"Geral / Outros","H5","Tabela do Sistema Petrus","HX1_ID","int(4)","NAO","HX1",""
"Geral / Outros","H5","Tabela do Sistema Petrus","HX2_ID","int(4)","NAO","HX2",""
"Geral / Outros","H5","Tabela do Sistema Petrus","HX3_ID","int(4)","NAO","HX3",""
"Geral / Outros","H5","Tabela do Sistema Petrus","X45_ID","int(4)","NAO","X45",""
"Geral / Outros","H5","Tabela do Sistema Petrus","H1_ID","int(4)","NAO","H1",""
"Geral / Outros","H5","Tabela do Sistema Petrus","H5_VALOR","numeric(9)","NAO","","Campo monetário"
"Geral / Outros","H5","Tabela do Sistema Petrus","I5_ID","int(4)","NAO","I5",""
"Geral / Outros","H5","Tabela do Sistema Petrus","L10_ID","int(4)","NAO","L10",""
"Geral / Outros","H5","Tabela do Sistema Petrus","H5_DATA_PREVISAO","datetime(8)","NAO","",""
"Geral / Outros","H5","Tabela do Sistema Petrus","RR1_ID","int(4)","NAO","RR1",""
"Geral / Outros","H5","Tabela do Sistema Petrus","RR1_ID_1","int(4)","NAO","",""
"Geral / Outros","H5","Tabela do Sistema Petrus","H5_DATA_VENCIMENTO","datetime(8)","NAO","",""
"Geral / Outros","H5","Tabela do Sistema Petrus","A5_ID","int(4)","NAO","A5",""
"Geral / Outros","H5","Tabela do Sistema Petrus","H5_SINTOMA","varchar(-1)","NAO","",""
"Geral / Outros","H5","Tabela do Sistema Petrus","H5_SOLUCAO","varchar(500)","NAO","",""
"Geral / Outros","H7","Tabela do Sistema Petrus","H7_ID","int(4)","SIM","",""
"Geral / Outros","H7","Tabela do Sistema Petrus","S1_ID","int(4)","NAO","S1",""
"Geral / Outros","H7","Tabela do Sistema Petrus","H7_DESCRICAO","varchar(300)","NAO","",""
"Geral / Outros","H7","Tabela do Sistema Petrus","H7_SELECIONE","bit(1)","NAO","",""
"Geral / Outros","H7","Tabela do Sistema Petrus","H7_DATA_INCLUSAO","datetime(8)","NAO","",""
"Geral / Outros","H7","Tabela do Sistema Petrus","H7_DATA_ALTERACAO","datetime(8)","NAO","",""
"Geral / Outros","H7","Tabela do Sistema Petrus","H7_USUARIO_INCLUSAO","varchar(50)","NAO","",""
"Geral / Outros","H7","Tabela do Sistema Petrus","H7_USUARIO_ALTERACAO","varchar(50)","NAO","",""
"Geral / Outros","H9","Tabela do Sistema Petrus","H9_ID","int(4)","SIM","",""
"Geral / Outros","H9","Tabela do Sistema Petrus","S1_ID","int(4)","NAO","S1",""
"Geral / Outros","H9","Tabela do Sistema Petrus","H9_NOME","varchar(300)","NAO","",""
"Geral / Outros","H9","Tabela do Sistema Petrus","H9_SELECIONE","bit(1)","NAO","",""
"Geral / Outros","H9","Tabela do Sistema Petrus","H9_DATA_INCLUSAO","datetime(8)","NAO","",""
"Geral / Outros","H9","Tabela do Sistema Petrus","H9_DATA_ALTERACAO","datetime(8)","NAO","",""
"Geral / Outros","H9","Tabela do Sistema Petrus","H9_USUARIO_INCLUSAO","varchar(50)","NAO","",""
"Geral / Outros","H9","Tabela do Sistema Petrus","H9_USUARIO_ALTERACAO","varchar(50)","NAO","",""
"Geral / Outros","H9","Tabela do Sistema Petrus","S2_ID","int(4)","NAO","S2",""
"Geral / Outros","HX1","Tabela do Sistema Petrus","HX1_ID","int(4)","SIM","",""
"Geral / Outros","HX1","Tabela do Sistema Petrus","S1_ID","int(4)","NAO","S1",""
"Geral / Outros","HX1","Tabela do Sistema Petrus","HX1_DESCRICAO","varchar(300)","NAO","",""
"Geral / Outros","HX1","Tabela do Sistema Petrus","HX1_SELECIONE","bit(1)","NAO","",""
"Geral / Outros","HX1","Tabela do Sistema Petrus","HX1_DATA_INCLUSAO","datetime(8)","NAO","",""
"Geral / Outros","HX1","Tabela do Sistema Petrus","HX1_DATA_ALTERACAO","datetime(8)","NAO","",""
"Geral / Outros","HX1","Tabela do Sistema Petrus","HX1_USUARIO_INCLUSAO","varchar(50)","NAO","",""
"Geral / Outros","HX1","Tabela do Sistema Petrus","HX1_USUARIO_ALTERACAO","varchar(50)","NAO","",""
"Geral / Outros","HX1","Tabela do Sistema Petrus","HX1_TIPO","varchar(20)","NAO","",""
"Geral / Outros","HX2","Tabela do Sistema Petrus","HX2_ID","int(4)","SIM","",""
"Geral / Outros","HX2","Tabela do Sistema Petrus","S1_ID","int(4)","NAO","S1",""
"Geral / Outros","HX2","Tabela do Sistema Petrus","HX2_DESCRICAO","varchar(300)","NAO","",""
"Geral / Outros","HX2","Tabela do Sistema Petrus","HX2_SELECIONE","bit(1)","NAO","",""
"Geral / Outros","HX2","Tabela do Sistema Petrus","HX2_DATA_INCLUSAO","datetime(8)","NAO","",""
"Geral / Outros","HX2","Tabela do Sistema Petrus","HX2_DATA_ALTERACAO","datetime(8)","NAO","",""
"Geral / Outros","HX2","Tabela do Sistema Petrus","HX2_USUARIO_INCLUSAO","varchar(50)","NAO","",""
"Geral / Outros","HX2","Tabela do Sistema Petrus","HX2_USUARIO_ALTERACAO","varchar(50)","NAO","",""
"Geral / Outros","HX3","Tabela do Sistema Petrus","HX3_ID","int(4)","SIM","",""
"Geral / Outros","HX3","Tabela do Sistema Petrus","S1_ID","int(4)","NAO","S1",""
"Geral / Outros","HX3","Tabela do Sistema Petrus","HX3_DESCRICAO","varchar(300)","NAO","",""
"Geral / Outros","HX3","Tabela do Sistema Petrus","HX3_SELECIONE","bit(1)","NAO","",""
"Geral / Outros","HX3","Tabela do Sistema Petrus","HX3_DATA_INCLUSAO","datetime(8)","NAO","",""
"Geral / Outros","HX3","Tabela do Sistema Petrus","HX3_DATA_ALTERACAO","datetime(8)","NAO","",""
"Geral / Outros","HX3","Tabela do Sistema Petrus","HX3_USUARIO_INCLUSAO","varchar(50)","NAO","",""
"Geral / Outros","HX3","Tabela do Sistema Petrus","HX3_USUARIO_ALTERACAO","varchar(50)","NAO","",""
"Geral / Outros","HX5","Tabela do Sistema Petrus","HX5_ID","int(4)","SIM","",""
"Geral / Outros","HX5","Tabela do Sistema Petrus","S1_ID","int(4)","NAO","S1",""
"Geral / Outros","HX5","Tabela do Sistema Petrus","HX5_DESCRICAO","varchar(300)","NAO","",""
"Geral / Outros","HX5","Tabela do Sistema Petrus","HX5_SELECIONE","bit(1)","NAO","",""
"Geral / Outros","HX5","Tabela do Sistema Petrus","HX5_DATA_INCLUSAO","datetime(8)","NAO","",""
"Geral / Outros","HX5","Tabela do Sistema Petrus","HX5_DATA_ALTERACAO","datetime(8)","NAO","",""
"Geral / Outros","HX5","Tabela do Sistema Petrus","HX5_USUARIO_INCLUSAO","varchar(50)","NAO","",""
"Geral / Outros","HX5","Tabela do Sistema Petrus","HX5_USUARIO_ALTERACAO","varchar(50)","NAO","",""
"Geral / Outros","HX5","Tabela do Sistema Petrus","H3_ID","int(4)","NAO","H3",""
"Geral / Outros","HX5","Tabela do Sistema Petrus","G6_ID","int(4)","NAO","G6",""
"Geral / Outros","HX5","Tabela do Sistema Petrus","HX5_QTD","numeric(9)","NAO","",""
"Geral / Outros","HX5","Tabela do Sistema Petrus","HX5_REFERENCIA","varchar(50)","NAO","",""
"Geral / Outros","HX7","Tabela do Sistema Petrus","HX7_ID","int(4)","SIM","",""
"Geral / Outros","HX7","Tabela do Sistema Petrus","S1_ID","int(4)","NAO","S1",""
"Geral / Outros","HX7","Tabela do Sistema Petrus","HX7_NOME","varchar(300)","NAO","",""
"Geral / Outros","HX7","Tabela do Sistema Petrus","HX7_SELECIONE","bit(1)","NAO","",""
"Geral / Outros","HX7","Tabela do Sistema Petrus","HX7_DATA_INCLUSAO","datetime(8)","NAO","",""
"Geral / Outros","HX7","Tabela do Sistema Petrus","HX7_DATA_ALTERACAO","datetime(8)","NAO","",""
"Geral / Outros","HX7","Tabela do Sistema Petrus","HX7_USUARIO_INCLUSAO","varchar(50)","NAO","",""
"Geral / Outros","HX7","Tabela do Sistema Petrus","HX7_USUARIO_ALTERACAO","varchar(50)","NAO","",""
"Geral / Outros","HX7","Tabela do Sistema Petrus","H3_ID","int(4)","NAO","H3",""
"Geral / Outros","HX7","Tabela do Sistema Petrus","H9_ID","int(4)","NAO","H9",""
"Geral / Outros","HX7","Tabela do Sistema Petrus","HX7_HORAS","numeric(9)","NAO","",""
"Geral / Outros","HX8","Tabela do Sistema Petrus","HX8_ID","int(4)","SIM","",""
"Geral / Outros","HX8","Tabela do Sistema Petrus","S1_ID","int(4)","NAO","S1",""
"Geral / Outros","HX8","Tabela do Sistema Petrus","HX8_DESCRICAO","varchar(300)","NAO","",""
"Geral / Outros","HX8","Tabela do Sistema Petrus","HX8_SELECIONE","bit(1)","NAO","",""
"Geral / Outros","HX8","Tabela do Sistema Petrus","HX8_DATA_INCLUSAO","datetime(8)","NAO","",""
"Geral / Outros","HX8","Tabela do Sistema Petrus","HX8_DATA_ALTERACAO","datetime(8)","NAO","",""
"Geral / Outros","HX8","Tabela do Sistema Petrus","HX8_USUARIO_INCLUSAO","varchar(50)","NAO","",""
"Geral / Outros","HX8","Tabela do Sistema Petrus","HX8_USUARIO_ALTERACAO","varchar(50)","NAO","",""
"Geral / Outros","HX9","Tabela do Sistema Petrus","HX9_ID","int(4)","SIM","",""
"Geral / Outros","HX9","Tabela do Sistema Petrus","S1_ID","int(4)","NAO","S1",""
"Geral / Outros","HX9","Tabela do Sistema Petrus","HX9_DESCRICAO","varchar(300)","NAO","",""
"Geral / Outros","HX9","Tabela do Sistema Petrus","HX9_SELECIONE","bit(1)","NAO","",""
"Geral / Outros","HX9","Tabela do Sistema Petrus","HX9_DATA_INCLUSAO","datetime(8)","NAO","",""
"Geral / Outros","HX9","Tabela do Sistema Petrus","HX9_DATA_ALTERACAO","datetime(8)","NAO","",""
"Geral / Outros","HX9","Tabela do Sistema Petrus","HX9_USUARIO_INCLUSAO","varchar(50)","NAO","",""
"Geral / Outros","HX9","Tabela do Sistema Petrus","HX9_USUARIO_ALTERACAO","varchar(50)","NAO","",""
"Geral / Outros","HX9","Tabela do Sistema Petrus","H3_ID","int(4)","NAO","H3",""
"Geral / Outros","HX9","Tabela do Sistema Petrus","HX8_ID","int(4)","NAO","HX8",""
"Geral / Outros","HZ1","Tabela do Sistema Petrus","HZ1_ID","int(4)","SIM","",""
"Geral / Outros","HZ1","Tabela do Sistema Petrus","S1_ID","int(4)","NAO","S1",""
"Geral / Outros","HZ1","Tabela do Sistema Petrus","HZ1_SELECIONE","bit(1)","NAO","",""
"Geral / Outros","HZ1","Tabela do Sistema Petrus","HZ1_DATA_INCLUSAO","datetime(8)","NAO","",""
"Geral / Outros","HZ1","Tabela do Sistema Petrus","HZ1_DATA_ALTERACAO","datetime(8)","NAO","",""
"Geral / Outros","HZ1","Tabela do Sistema Petrus","HZ1_USUARIO_INCLUSAO","varchar(50)","NAO","",""
"Geral / Outros","HZ1","Tabela do Sistema Petrus","HZ1_USUARIO_ALTERACAO","varchar(50)","NAO","",""
"Geral / Outros","HZ1","Tabela do Sistema Petrus","HZ1_MES","varchar(50)","NAO","",""
"Geral / Outros","HZ1","Tabela do Sistema Petrus","HZ1_ANO","varchar(50)","NAO","",""
"Geral / Outros","HZ1","Tabela do Sistema Petrus","I5_ID","int(4)","NAO","I5",""
"Geral / Outros","HZ1","Tabela do Sistema Petrus","HZ1_VALOR","numeric(9)","NAO","","Campo monetário"
"Geral / Outros","HZ1","Tabela do Sistema Petrus","HZ1_VALOR_DESCONTO","numeric(9)","NAO","","Campo monetário"
"Geral / Outros","HZ1","Tabela do Sistema Petrus","HZ1_OBS","varchar(500)","NAO","",""
"Comercial / Vendas / Compras","I11","Notas Fiscais de Entrada (Cabeçalho)","I11_BASE_ICMS","numeric(9)","NAO","",""
"Comercial / Vendas / Compras","I11","Notas Fiscais de Entrada (Cabeçalho)","I11_BASE_ICMS_ST","numeric(9)","NAO","",""
"Comercial / Vendas / Compras","I11","Notas Fiscais de Entrada (Cabeçalho)","I11_BASE_IPI","numeric(9)","NAO","",""
"Comercial / Vendas / Compras","I11","Notas Fiscais de Entrada (Cabeçalho)","I11_CHAVE_NFE","varchar(50)","NAO","",""
"Comercial / Vendas / Compras","I11","Notas Fiscais de Entrada (Cabeçalho)","I5_ID","int(4)","NAO","I5",""
"Comercial / Vendas / Compras","I11","Notas Fiscais de Entrada (Cabeçalho)","I11_CODIGO_VERIFICACAO_NFE","varchar(50)","NAO","",""
"Comercial / Vendas / Compras","I11","Notas Fiscais de Entrada (Cabeçalho)","N47_ID","int(4)","NAO","N47",""
"Comercial / Vendas / Compras","I11","Notas Fiscais de Entrada (Cabeçalho)","I11_DATA_AUTORIZACAO_NFE","datetime(8)","NAO","",""
"Comercial / Vendas / Compras","I11","Notas Fiscais de Entrada (Cabeçalho)","I11_DATA_CANCELAMENTO","datetime(8)","NAO","",""
"Comercial / Vendas / Compras","I11","Notas Fiscais de Entrada (Cabeçalho)","I11_DATA_ALTERACAO","datetime(8)","NAO","",""
"Comercial / Vendas / Compras","I11","Notas Fiscais de Entrada (Cabeçalho)","I11_DATA_INCLUSAO","datetime(8)","NAO","",""
"Comercial / Vendas / Compras","I11","Notas Fiscais de Entrada (Cabeçalho)","I11_DATA_DEVOLUCAO","datetime(8)","NAO","",""
"Comercial / Vendas / Compras","I11","Notas Fiscais de Entrada (Cabeçalho)","I11_DATA_EMISSAO","datetime(8)","NAO","",""
"Comercial / Vendas / Compras","I11","Notas Fiscais de Entrada (Cabeçalho)","I11_DESCONTO","numeric(9)","NAO","",""
"Comercial / Vendas / Compras","I11","Notas Fiscais de Entrada (Cabeçalho)","S1_ID","int(4)","NAO","S1",""
"Comercial / Vendas / Compras","I11","Notas Fiscais de Entrada (Cabeçalho)","I11_FRETE","varchar(15)","NAO","",""
"Comercial / Vendas / Compras","I11","Notas Fiscais de Entrada (Cabeçalho)","I11_HORA_AUTORIZACAO_NFE","datetime(8)","NAO","",""
"Comercial / Vendas / Compras","I11","Notas Fiscais de Entrada (Cabeçalho)","I11_HORA_EMISSAO","datetime(8)","NAO","",""
"Comercial / Vendas / Compras","I11","Notas Fiscais de Entrada (Cabeçalho)","I11_ID","int(4)","SIM","",""
"Comercial / Vendas / Compras","I11","Notas Fiscais de Entrada (Cabeçalho)","X13_ID","int(4)","NAO","X13",""
"Comercial / Vendas / Compras","I11","Notas Fiscais de Entrada (Cabeçalho)","I11_NF","int(4)","NAO","",""
"Comercial / Vendas / Compras","I11","Notas Fiscais de Entrada (Cabeçalho)","I11_OBS","varchar(-1)","NAO","",""
"Comercial / Vendas / Compras","I11","Notas Fiscais de Entrada (Cabeçalho)","I11_ORDEM_COMPRA","int(4)","NAO","",""
"Comercial / Vendas / Compras","I11","Notas Fiscais de Entrada (Cabeçalho)","I11_PECAS","numeric(9)","NAO","",""
"Comercial / Vendas / Compras","I11","Notas Fiscais de Entrada (Cabeçalho)","R13_ID","int(4)","NAO","R13",""
"Comercial / Vendas / Compras","I11","Notas Fiscais de Entrada (Cabeçalho)","I11_PESO_BRUTO","numeric(9)","NAO","",""
"Comercial / Vendas / Compras","I11","Notas Fiscais de Entrada (Cabeçalho)","I11_PESO_LIQUIDO","numeric(9)","NAO","",""
"Comercial / Vendas / Compras","I11","Notas Fiscais de Entrada (Cabeçalho)","I11_PROTOCOLO_AUTORIZACAO_NFE","varchar(50)","NAO","",""
"Comercial / Vendas / Compras","I11","Notas Fiscais de Entrada (Cabeçalho)","I11_SELECIONE","bit(1)","NAO","",""
"Comercial / Vendas / Compras","I11","Notas Fiscais de Entrada (Cabeçalho)","I11_SERIE","varchar(10)","NAO","",""
"Comercial / Vendas / Compras","I11","Notas Fiscais de Entrada (Cabeçalho)","I11_STATUS","varchar(15)","NAO","","Máquina de estados (Aberto, Fechado, etc)"
"Comercial / Vendas / Compras","I11","Notas Fiscais de Entrada (Cabeçalho)","I11_SUBTOTAL","numeric(9)","NAO","",""
"Comercial / Vendas / Compras","I11","Notas Fiscais de Entrada (Cabeçalho)","I38_ID","int(4)","NAO","I38",""
"Comercial / Vendas / Compras","I11","Notas Fiscais de Entrada (Cabeçalho)","J2_ID","int(4)","NAO","J2",""
"Comercial / Vendas / Compras","I11","Notas Fiscais de Entrada (Cabeçalho)","I11_USUARIO_ALTERACAO","varchar(50)","NAO","",""
"Comercial / Vendas / Compras","I11","Notas Fiscais de Entrada (Cabeçalho)","I11_USUARIO_INCLUSAO","varchar(50)","NAO","",""
"Comercial / Vendas / Compras","I11","Notas Fiscais de Entrada (Cabeçalho)","I11_VALOR_DESCONTO","numeric(9)","NAO","","Campo monetário"
"Comercial / Vendas / Compras","I11","Notas Fiscais de Entrada (Cabeçalho)","I11_VALOR_FRETE","numeric(9)","NAO","","Campo monetário"
"Comercial / Vendas / Compras","I11","Notas Fiscais de Entrada (Cabeçalho)","I11_VALOR_ICMS","numeric(9)","NAO","","Campo monetário"
"Comercial / Vendas / Compras","I11","Notas Fiscais de Entrada (Cabeçalho)","I11_VALOR_ICMS_DESTINO","numeric(9)","NAO","","Campo monetário"
"Comercial / Vendas / Compras","I11","Notas Fiscais de Entrada (Cabeçalho)","I11_VALOR_ICMS_FCP","numeric(9)","NAO","","Campo monetário"
"Comercial / Vendas / Compras","I11","Notas Fiscais de Entrada (Cabeçalho)","I11_VALOR_ICMS_ORIGEM","numeric(9)","NAO","","Campo monetário"
"Comercial / Vendas / Compras","I11","Notas Fiscais de Entrada (Cabeçalho)","I11_VALOR_ICMS_ST","numeric(9)","NAO","","Campo monetário"
"Comercial / Vendas / Compras","I11","Notas Fiscais de Entrada (Cabeçalho)","I11_VALOR_ICMS_ST_FCP","numeric(9)","NAO","","Campo monetário"
"Comercial / Vendas / Compras","I11","Notas Fiscais de Entrada (Cabeçalho)","I11_VALOR_IPI","numeric(9)","NAO","","Campo monetário"
"Comercial / Vendas / Compras","I11","Notas Fiscais de Entrada (Cabeçalho)","I11_VALOR_OUTRAS_DESPESAS","numeric(9)","NAO","","Campo monetário"
"Comercial / Vendas / Compras","I11","Notas Fiscais de Entrada (Cabeçalho)","I11_VALOR_SEGURO","numeric(9)","NAO","","Campo monetário"
"Comercial / Vendas / Compras","I11","Notas Fiscais de Entrada (Cabeçalho)","I11_VALOR_TOTAL","numeric(9)","NAO","","Campo monetário"
"Comercial / Vendas / Compras","I11","Notas Fiscais de Entrada (Cabeçalho)","I3_ID","int(4)","NAO","I3",""
"Comercial / Vendas / Compras","I11","Notas Fiscais de Entrada (Cabeçalho)","I11_VOLUMES","numeric(9)","NAO","",""
"Comercial / Vendas / Compras","I11","Notas Fiscais de Entrada (Cabeçalho)","I11_LOGRADOURO","varchar(200)","NAO","",""
"Comercial / Vendas / Compras","I11","Notas Fiscais de Entrada (Cabeçalho)","I11_NUMERO","varchar(50)","NAO","",""
"Comercial / Vendas / Compras","I11","Notas Fiscais de Entrada (Cabeçalho)","I11_BAIRRO","varchar(100)","NAO","",""
"Comercial / Vendas / Compras","I11","Notas Fiscais de Entrada (Cabeçalho)","I11_COMPLEMENTO","varchar(100)","NAO","",""
"Comercial / Vendas / Compras","I11","Notas Fiscais de Entrada (Cabeçalho)","X4_ID","int(4)","NAO","X4",""
"Comercial / Vendas / Compras","I11","Notas Fiscais de Entrada (Cabeçalho)","X10_ID","int(4)","NAO","X10",""
"Comercial / Vendas / Compras","I11","Notas Fiscais de Entrada (Cabeçalho)","X12_ID","int(4)","NAO","X12",""
"Comercial / Vendas / Compras","I11","Notas Fiscais de Entrada (Cabeçalho)","I11_CNPJ_CPF","varchar(20)","NAO","",""
"Comercial / Vendas / Compras","I11","Notas Fiscais de Entrada (Cabeçalho)","I11_CEP","varchar(20)","NAO","",""
"Comercial / Vendas / Compras","I11","Notas Fiscais de Entrada (Cabeçalho)","X9_ID","int(4)","NAO","X9",""
"Comercial / Vendas / Compras","I11","Notas Fiscais de Entrada (Cabeçalho)","I11_TIPO_ENTRADA","varchar(30)","NAO","",""
"Comercial / Vendas / Compras","I11","Notas Fiscais de Entrada (Cabeçalho)","I11_EMAIL","varchar(500)","NAO","",""
"Comercial / Vendas / Compras","I11","Notas Fiscais de Entrada (Cabeçalho)","I11_FONE_1","varchar(20)","NAO","",""
"Comercial / Vendas / Compras","I11","Notas Fiscais de Entrada (Cabeçalho)","R2_ID","int(4)","NAO","R2",""
"Comercial / Vendas / Compras","I11","Notas Fiscais de Entrada (Cabeçalho)","I11_IE_RG","varchar(20)","NAO","",""
"Comercial / Vendas / Compras","I11","Notas Fiscais de Entrada (Cabeçalho)","I11_IE_ISENTO","bit(1)","NAO","",""
"Comercial / Vendas / Compras","I11","Notas Fiscais de Entrada (Cabeçalho)","I11_REMETENTE","varchar(300)","NAO","",""
"Comercial / Vendas / Compras","I11","Notas Fiscais de Entrada (Cabeçalho)","I11_XML","xml(-1)","NAO","",""
"Comercial / Vendas / Compras","I11","Notas Fiscais de Entrada (Cabeçalho)","I11_CODIGO_STATUS","int(4)","NAO","","Máquina de estados (Aberto, Fechado, etc)"
"Comercial / Vendas / Compras","I11","Notas Fiscais de Entrada (Cabeçalho)","I11_MOTIVO","varchar(-1)","NAO","",""
"Comercial / Vendas / Compras","I11","Notas Fiscais de Entrada (Cabeçalho)","X26_ID","int(4)","NAO","X26",""
"Comercial / Vendas / Compras","I11","Notas Fiscais de Entrada (Cabeçalho)","I11_TIPO_PESSOA","varchar(20)","NAO","",""
"Comercial / Vendas / Compras","I11","Notas Fiscais de Entrada (Cabeçalho)","I11_FINALIDADE","varchar(50)","NAO","",""
"Comercial / Vendas / Compras","I11","Notas Fiscais de Entrada (Cabeçalho)","I11_CONSUMIDOR_FINAL","bit(1)","NAO","",""
"Comercial / Vendas / Compras","I11","Notas Fiscais de Entrada (Cabeçalho)","I11_NOME_1","varchar(300)","NAO","",""
"Comercial / Vendas / Compras","I11","Notas Fiscais de Entrada (Cabeçalho)","I11_CNPJ_CPF_1","varchar(20)","NAO","",""
"Comercial / Vendas / Compras","I11","Notas Fiscais de Entrada (Cabeçalho)","I11_ENDERECO_1","varchar(150)","NAO","",""
"Comercial / Vendas / Compras","I11","Notas Fiscais de Entrada (Cabeçalho)","X4_ID_1","int(4)","NAO","",""
"Comercial / Vendas / Compras","I11","Notas Fiscais de Entrada (Cabeçalho)","X12_ID_1","int(4)","NAO","",""
"Comercial / Vendas / Compras","I11","Notas Fiscais de Entrada (Cabeçalho)","I11_IE_RG_1","varchar(20)","NAO","",""
"Comercial / Vendas / Compras","I11","Notas Fiscais de Entrada (Cabeçalho)","I11_IE_ISENTO_1","bit(1)","NAO","",""
"Comercial / Vendas / Compras","I11","Notas Fiscais de Entrada (Cabeçalho)","I11_PLACA_1","varchar(20)","NAO","",""
"Comercial / Vendas / Compras","I11","Notas Fiscais de Entrada (Cabeçalho)","X12_ID_2","int(4)","NAO","",""
"Comercial / Vendas / Compras","I11","Notas Fiscais de Entrada (Cabeçalho)","I11_ESPECIE","varchar(20)","NAO","",""
"Comercial / Vendas / Compras","I11","Notas Fiscais de Entrada (Cabeçalho)","I11_MARCA","varchar(50)","NAO","",""
"Comercial / Vendas / Compras","I11","Notas Fiscais de Entrada (Cabeçalho)","I11_NUMERACAO","varchar(20)","NAO","",""
"Comercial / Vendas / Compras","I11","Notas Fiscais de Entrada (Cabeçalho)","I11_TELEFONE_1","varchar(20)","NAO","",""
"Comercial / Vendas / Compras","I11","Notas Fiscais de Entrada (Cabeçalho)","I11_DATA_ENTRADA","datetime(8)","NAO","",""
"Comercial / Vendas / Compras","I11","Notas Fiscais de Entrada (Cabeçalho)","I11_HORA_ENTRADA","datetime(8)","NAO","",""
"Comercial / Vendas / Compras","I11","Notas Fiscais de Entrada (Cabeçalho)","I11_FONE_2","varchar(20)","NAO","",""
"Comercial / Vendas / Compras","I11","Notas Fiscais de Entrada (Cabeçalho)","X32_ID","int(4)","NAO","X32",""
"Comercial / Vendas / Compras","I11","Notas Fiscais de Entrada (Cabeçalho)","I11_PARTILHA_ICMS_INTERESTADUAL","numeric(9)","NAO","",""
"Comercial / Vendas / Compras","I11","Notas Fiscais de Entrada (Cabeçalho)","I11_VALOR_APROX_TRIBUTOS","numeric(9)","NAO","","Campo monetário"
"Comercial / Vendas / Compras","I11","Notas Fiscais de Entrada (Cabeçalho)","I11_OBS_FISCAIS","varchar(-1)","NAO","",""
"Comercial / Vendas / Compras","I11","Notas Fiscais de Entrada (Cabeçalho)","I11_VALOR_ICMS_FCP_PARTILHA","numeric(9)","NAO","","Campo monetário"
"Comercial / Vendas / Compras","I11","Notas Fiscais de Entrada (Cabeçalho)","I11_VALOR_ICMS_FCP_ST_RETIDO","numeric(9)","NAO","","Campo monetário"
"Comercial / Vendas / Compras","I11","Notas Fiscais de Entrada (Cabeçalho)","I11_VALOR_IPI_DEVOLVIDO","numeric(9)","NAO","","Campo monetário"
"Comercial / Vendas / Compras","I11","Notas Fiscais de Entrada (Cabeçalho)","I11_CHAVE_NFE_REFERENCIADA","varchar(50)","NAO","",""
"Comercial / Vendas / Compras","I11","Notas Fiscais de Entrada (Cabeçalho)","I11_GERADO","bit(1)","NAO","",""
"Comercial / Vendas / Compras","I11","Notas Fiscais de Entrada (Cabeçalho)","R7_ID","int(4)","NAO","R7",""
"Comercial / Vendas / Compras","I11","Notas Fiscais de Entrada (Cabeçalho)","I11_AUTORIZADO","bit(1)","NAO","",""
"Comercial / Vendas / Compras","I11","Notas Fiscais de Entrada (Cabeçalho)","I11_DATA_CORRECAO","datetime(8)","NAO","",""
"Comercial / Vendas / Compras","I11","Notas Fiscais de Entrada (Cabeçalho)","I11_DATA_GERACAO","datetime(8)","NAO","",""
"Comercial / Vendas / Compras","I11","Notas Fiscais de Entrada (Cabeçalho)","I11_EVENTO","int(4)","NAO","",""
"Comercial / Vendas / Compras","I11","Notas Fiscais de Entrada (Cabeçalho)","L71_ID","int(4)","NAO","L71",""
"Comercial / Vendas / Compras","I11","Notas Fiscais de Entrada (Cabeçalho)","I11_CORRECAO","varchar(150)","NAO","",""
"Comercial / Vendas / Compras","I11","Notas Fiscais de Entrada (Cabeçalho)","I11_FONE_3","varchar(20)","NAO","",""
"Comercial / Vendas / Compras","I11","Notas Fiscais de Entrada (Cabeçalho)","X4_ID_2","int(4)","NAO","",""
"Comercial / Vendas / Compras","I11","Notas Fiscais de Entrada (Cabeçalho)","I11_CNPJ_CPF_2","varchar(20)","NAO","",""
"Comercial / Vendas / Compras","I11","Notas Fiscais de Entrada (Cabeçalho)","I11_ENDERECO_2","varchar(150)","NAO","",""
"Comercial / Vendas / Compras","I11","Notas Fiscais de Entrada (Cabeçalho)","I11_IE_ISENTO_2","bit(1)","NAO","",""
"Comercial / Vendas / Compras","I11","Notas Fiscais de Entrada (Cabeçalho)","I11_IE_RG_2","varchar(20)","NAO","",""
"Comercial / Vendas / Compras","I11","Notas Fiscais de Entrada (Cabeçalho)","I11_NOME_2","varchar(300)","NAO","",""
"Comercial / Vendas / Compras","I11","Notas Fiscais de Entrada (Cabeçalho)","J2_ID_1","int(4)","NAO","",""
"Comercial / Vendas / Compras","I11","Notas Fiscais de Entrada (Cabeçalho)","I11_TELEFONE_2","varchar(20)","NAO","",""
"Comercial / Vendas / Compras","I11","Notas Fiscais de Entrada (Cabeçalho)","X12_ID_3","int(4)","NAO","",""
"Comercial / Vendas / Compras","I11","Notas Fiscais de Entrada (Cabeçalho)","I11_PROTOCOLO_CANCELAMENTO_NFE","varchar(50)","NAO","",""
"Comercial / Vendas / Compras","I11","Notas Fiscais de Entrada (Cabeçalho)","I11_RECIBO","varchar(50)","NAO","",""
"Comercial / Vendas / Compras","I11","Notas Fiscais de Entrada (Cabeçalho)","I11_PROTOCOLO_CORRECAO_NFE","varchar(50)","NAO","",""
"Comercial / Vendas / Compras","I11","Notas Fiscais de Entrada (Cabeçalho)","I11_XML_CANCELAMENTO","xml(-1)","NAO","",""
"Comercial / Vendas / Compras","I11","Notas Fiscais de Entrada (Cabeçalho)","I11_XML_CORRECAO","xml(-1)","NAO","",""
"Comercial / Vendas / Compras","I11","Notas Fiscais de Entrada (Cabeçalho)","I11_BASE_II","numeric(9)","NAO","",""
"Comercial / Vendas / Compras","I11","Notas Fiscais de Entrada (Cabeçalho)","I11_VALOR_II","numeric(9)","NAO","","Campo monetário"
"Comercial / Vendas / Compras","I11","Notas Fiscais de Entrada (Cabeçalho)","I11_BASE_COFINS","numeric(9)","NAO","",""
"Comercial / Vendas / Compras","I11","Notas Fiscais de Entrada (Cabeçalho)","I11_VALOR_COFINS","numeric(9)","NAO","","Campo monetário"
"Comercial / Vendas / Compras","I11","Notas Fiscais de Entrada (Cabeçalho)","I11_BASE_PIS","numeric(9)","NAO","",""
"Comercial / Vendas / Compras","I11","Notas Fiscais de Entrada (Cabeçalho)","I11_VALOR_PIS","numeric(9)","NAO","","Campo monetário"
"Comercial / Vendas / Compras","I11","Notas Fiscais de Entrada (Cabeçalho)","I11_BASE_COFINS_ST","numeric(9)","NAO","",""
"Comercial / Vendas / Compras","I11","Notas Fiscais de Entrada (Cabeçalho)","I11_VALOR_COFINS_ST","numeric(9)","NAO","","Campo monetário"
"Comercial / Vendas / Compras","I11","Notas Fiscais de Entrada (Cabeçalho)","I11_BASE_PIS_ST","numeric(9)","NAO","",""
"Comercial / Vendas / Compras","I11","Notas Fiscais de Entrada (Cabeçalho)","I11_VALOR_PIS_ST","numeric(9)","NAO","","Campo monetário"
"Comercial / Vendas / Compras","I11","Notas Fiscais de Entrada (Cabeçalho)","A3_ID","int(4)","NAO","A3",""
"Comercial / Vendas / Compras","I11","Notas Fiscais de Entrada (Cabeçalho)","I14_ID","int(4)","NAO","I14",""
"Comercial / Vendas / Compras","I11","Notas Fiscais de Entrada (Cabeçalho)","L10_ID","int(4)","NAO","L10",""
"Comercial / Vendas / Compras","I11","Notas Fiscais de Entrada (Cabeçalho)","I11_VALOR_RESIDUAL","numeric(9)","NAO","","Campo monetário"
"Comercial / Vendas / Compras","I11","Notas Fiscais de Entrada (Cabeçalho)","I11_DATA_CONCLUSAO","datetime(8)","NAO","",""
"Comercial / Vendas / Compras","I11","Notas Fiscais de Entrada (Cabeçalho)","I11_CALCULO_AUTOMATICO_IMPOSTOS","bit(1)","NAO","",""
"Comercial / Vendas / Compras","I11","Notas Fiscais de Entrada (Cabeçalho)","I11_TIPO","varchar(50)","NAO","",""
"Comercial / Vendas / Compras","I11","Notas Fiscais de Entrada (Cabeçalho)","I11_DI","varchar(50)","NAO","",""
"Comercial / Vendas / Compras","I11","Notas Fiscais de Entrada (Cabeçalho)","I11_DATA_DI","datetime(8)","NAO","",""
"Comercial / Vendas / Compras","I11","Notas Fiscais de Entrada (Cabeçalho)","I11_LOCAL_DESEMBARQUE","varchar(100)","NAO","",""
"Comercial / Vendas / Compras","I11","Notas Fiscais de Entrada (Cabeçalho)","I11_DATA_DESEMBARQUE","datetime(8)","NAO","",""
"Comercial / Vendas / Compras","I11","Notas Fiscais de Entrada (Cabeçalho)","I11_CODIGO_EXPORTADOR","varchar(50)","NAO","",""
"Comercial / Vendas / Compras","I11","Notas Fiscais de Entrada (Cabeçalho)","I11_CODIGO_FABRICANTE","varchar(50)","NAO","",""
"Comercial / Vendas / Compras","I11","Notas Fiscais de Entrada (Cabeçalho)","I11_VALOR_ADUANEIRO","numeric(9)","NAO","","Campo monetário"
"Comercial / Vendas / Compras","I11","Notas Fiscais de Entrada (Cabeçalho)","I11_TAXA_SISCOMEX","numeric(9)","NAO","",""
"Comercial / Vendas / Compras","I11","Notas Fiscais de Entrada (Cabeçalho)","X12_ID_4","int(4)","NAO","",""
"Comercial / Vendas / Compras","I11","Notas Fiscais de Entrada (Cabeçalho)","X4_ID_3","int(4)","NAO","",""
"Comercial / Vendas / Compras","I11","Notas Fiscais de Entrada (Cabeçalho)","I11_TIPO_TRANSPORTE","varchar(50)","NAO","",""
"Comercial / Vendas / Compras","I11","Notas Fiscais de Entrada (Cabeçalho)","I11_VALOR_ARFMM","numeric(9)","NAO","","Campo monetário"
"Comercial / Vendas / Compras","I11","Notas Fiscais de Entrada (Cabeçalho)","I11_TIPO_INTERMEDIO","varchar(20)","NAO","",""
"Comercial / Vendas / Compras","I11","Notas Fiscais de Entrada (Cabeçalho)","I11_CNPJ_ADIQUIRENTE","varchar(30)","NAO","",""
"Comercial / Vendas / Compras","I11","Notas Fiscais de Entrada (Cabeçalho)","X12_ID_5","int(4)","NAO","",""
"Comercial / Vendas / Compras","I11","Notas Fiscais de Entrada (Cabeçalho)","I11_DRAWBACK","varchar(50)","NAO","",""
"Comercial / Vendas / Compras","I11","Notas Fiscais de Entrada (Cabeçalho)","I11_BASE_IS","numeric(9)","NAO","",""
"Comercial / Vendas / Compras","I11","Notas Fiscais de Entrada (Cabeçalho)","I11_VALOR_IS","numeric(9)","NAO","","Campo monetário"
"Comercial / Vendas / Compras","I11","Notas Fiscais de Entrada (Cabeçalho)","I11_BASE_IBS_CBS","numeric(9)","NAO","",""
"Comercial / Vendas / Compras","I11","Notas Fiscais de Entrada (Cabeçalho)","I11_VALOR_CBS","numeric(9)","NAO","","Campo monetário"
"Comercial / Vendas / Compras","I11","Notas Fiscais de Entrada (Cabeçalho)","I11_VALOR_IBS_UF","numeric(9)","NAO","","Campo monetário"
"Comercial / Vendas / Compras","I11","Notas Fiscais de Entrada (Cabeçalho)","I11_VALOR_IBS_MUN","numeric(9)","NAO","","Campo monetário"
"Comercial / Vendas / Compras","I11","Notas Fiscais de Entrada (Cabeçalho)","I11_VALOR_IBS_CREDITO_PRESUMIDO","numeric(9)","NAO","","Campo monetário"
"Comercial / Vendas / Compras","I11","Notas Fiscais de Entrada (Cabeçalho)","I11_VALOR_IBS_UF_DIFERIMENTO","numeric(9)","NAO","","Campo monetário"
"Comercial / Vendas / Compras","I11","Notas Fiscais de Entrada (Cabeçalho)","I11_VALOR_IBS_UF_DEV_TRIB","numeric(9)","NAO","","Campo monetário"
"Comercial / Vendas / Compras","I11","Notas Fiscais de Entrada (Cabeçalho)","I11_VALOR_IBS_MUN_DIFERIMENTO","numeric(9)","NAO","","Campo monetário"
"Comercial / Vendas / Compras","I11","Notas Fiscais de Entrada (Cabeçalho)","I11_VALOR_IBS_MUN_DEV_TRIB","numeric(9)","NAO","","Campo monetário"
"Comercial / Vendas / Compras","I11","Notas Fiscais de Entrada (Cabeçalho)","I11_VALOR_CBS_CREDITO_PRESUMIDO","numeric(9)","NAO","","Campo monetário"
"Comercial / Vendas / Compras","I11","Notas Fiscais de Entrada (Cabeçalho)","I11_VALOR_CBS_DIFERIMENTO","numeric(9)","NAO","","Campo monetário"
"Comercial / Vendas / Compras","I11","Notas Fiscais de Entrada (Cabeçalho)","I11_VALOR_CBS_DEV_TRIB","numeric(9)","NAO","","Campo monetário"
"Comercial / Vendas / Compras","I11","Notas Fiscais de Entrada (Cabeçalho)","I11_VALOR_CBS_MONO","numeric(9)","NAO","","Campo monetário"
"Comercial / Vendas / Compras","I11","Notas Fiscais de Entrada (Cabeçalho)","I11_VALOR_IBS_MONO","numeric(9)","NAO","","Campo monetário"
"Comercial / Vendas / Compras","I11","Notas Fiscais de Entrada (Cabeçalho)","I11_VALOR_CBS_MONO_RETIDO","numeric(9)","NAO","","Campo monetário"
"Comercial / Vendas / Compras","I11","Notas Fiscais de Entrada (Cabeçalho)","I11_VALOR_IBS_MONO_RETIDO","numeric(9)","NAO","","Campo monetário"
"Comercial / Vendas / Compras","I11","Notas Fiscais de Entrada (Cabeçalho)","I11_VALOR_CBS_MONO_RETENCAO","numeric(9)","NAO","","Campo monetário"
"Comercial / Vendas / Compras","I11","Notas Fiscais de Entrada (Cabeçalho)","I11_VALOR_IBS_MONO_RETENCAO","numeric(9)","NAO","","Campo monetário"
"Comercial / Vendas / Compras","I13","Tabela do Sistema Petrus","I13_ID","int(4)","SIM","",""
"Comercial / Vendas / Compras","I13","Tabela do Sistema Petrus","S1_ID","int(4)","NAO","S1",""
"Comercial / Vendas / Compras","I13","Tabela do Sistema Petrus","I13_SELECIONE","bit(1)","NAO","",""
"Comercial / Vendas / Compras","I13","Tabela do Sistema Petrus","I13_DATA_INCLUSAO","datetime(8)","NAO","",""
"Comercial / Vendas / Compras","I13","Tabela do Sistema Petrus","I13_DATA_ALTERACAO","datetime(8)","NAO","",""
"Comercial / Vendas / Compras","I13","Tabela do Sistema Petrus","I13_USUARIO_INCLUSAO","varchar(50)","NAO","",""
"Comercial / Vendas / Compras","I13","Tabela do Sistema Petrus","I13_USUARIO_ALTERACAO","varchar(50)","NAO","",""
"Comercial / Vendas / Compras","I13","Tabela do Sistema Petrus","I13_DATA_EMISSAO","datetime(8)","NAO","",""
"Comercial / Vendas / Compras","I13","Tabela do Sistema Petrus","I13_DATA_NECESSIDADE","datetime(8)","NAO","",""
"Comercial / Vendas / Compras","I13","Tabela do Sistema Petrus","I13_STATUS","varchar(20)","NAO","","Máquina de estados (Aberto, Fechado, etc)"
"Comercial / Vendas / Compras","I13","Tabela do Sistema Petrus","I13_SOLICITANTE","varchar(100)","NAO","",""
"Comercial / Vendas / Compras","I13","Tabela do Sistema Petrus","I13_DATA_CONCLUSAO","datetime(8)","NAO","",""
"Comercial / Vendas / Compras","I13","Tabela do Sistema Petrus","I14_ID","int(4)","NAO","I14",""
"Comercial / Vendas / Compras","I13","Tabela do Sistema Petrus","I43_ID","int(4)","NAO","I43",""
"Comercial / Vendas / Compras","I13","Tabela do Sistema Petrus","I13_MOTIVO","varchar(300)","NAO","",""
"Comercial / Vendas / Compras","I13","Tabela do Sistema Petrus","X45_ID","int(4)","NAO","X45",""
"Comercial / Vendas / Compras","I13","Tabela do Sistema Petrus","I13_OBS","varchar(-1)","NAO","",""
"Comercial / Vendas / Compras","I13","Tabela do Sistema Petrus","I13_QUANTIDADE","numeric(9)","NAO","",""
"Comercial / Vendas / Compras","I13","Tabela do Sistema Petrus","G6_ID","int(4)","NAO","G6",""
"Comercial / Vendas / Compras","I13","Tabela do Sistema Petrus","I13_DATA_APROVACAO","datetime(8)","NAO","",""
"Comercial / Vendas / Compras","I13","Tabela do Sistema Petrus","I13_DATA_CANCELAMENTO","datetime(8)","NAO","",""
"Estoque / Produtos","I14","Pedidos de Compra","I14_ID","int(4)","SIM","",""
"Estoque / Produtos","I14","Pedidos de Compra","S1_ID","int(4)","NAO","S1",""
"Estoque / Produtos","I14","Pedidos de Compra","I14_DATA_CANCELAMENTO","datetime(8)","NAO","",""
"Estoque / Produtos","I14","Pedidos de Compra","I14_DATA_EMISSAO","datetime(8)","NAO","",""
"Estoque / Produtos","I14","Pedidos de Compra","I14_DATA_ENTREGA","datetime(8)","NAO","",""
"Estoque / Produtos","I14","Pedidos de Compra","I14_DATA_CONCLUSAO","datetime(8)","NAO","",""
"Estoque / Produtos","I14","Pedidos de Compra","I14_DESCONTO","numeric(9)","NAO","",""
"Estoque / Produtos","I14","Pedidos de Compra","I14_PECAS","numeric(9)","NAO","",""
"Estoque / Produtos","I14","Pedidos de Compra","I14_VALOR_DESCONTO","numeric(9)","NAO","","Campo monetário"
"Estoque / Produtos","I14","Pedidos de Compra","I14_VALOR_FRETE","numeric(9)","NAO","","Campo monetário"
"Estoque / Produtos","I14","Pedidos de Compra","I14_SUBTOTAL","numeric(9)","NAO","",""
"Estoque / Produtos","I14","Pedidos de Compra","I14_VALOR_TOTAL","numeric(9)","NAO","","Campo monetário"
"Estoque / Produtos","I14","Pedidos de Compra","I14_VOLUMES","numeric(9)","NAO","",""
"Estoque / Produtos","I14","Pedidos de Compra","I5_ID","int(4)","NAO","I5",""
"Estoque / Produtos","I14","Pedidos de Compra","N47_ID","int(4)","NAO","N47",""
"Estoque / Produtos","I14","Pedidos de Compra","I38_ID","int(4)","NAO","I38",""
"Estoque / Produtos","I14","Pedidos de Compra","J2_ID","int(4)","NAO","J2",""
"Estoque / Produtos","I14","Pedidos de Compra","I3_ID","int(4)","NAO","I3",""
"Estoque / Produtos","I14","Pedidos de Compra","I14_FRETE","varchar(15)","NAO","",""
"Estoque / Produtos","I14","Pedidos de Compra","I14_OBS","varchar(-1)","NAO","",""
"Estoque / Produtos","I14","Pedidos de Compra","I14_STATUS","varchar(50)","NAO","","Máquina de estados (Aberto, Fechado, etc)"
"Estoque / Produtos","I14","Pedidos de Compra","I14_SELECIONE","bit(1)","NAO","",""
"Estoque / Produtos","I14","Pedidos de Compra","I14_DATA_INCLUSAO","datetime(8)","NAO","",""
"Estoque / Produtos","I14","Pedidos de Compra","I14_DATA_ALTERACAO","datetime(8)","NAO","",""
"Estoque / Produtos","I14","Pedidos de Compra","I14_USUARIO_INCLUSAO","varchar(50)","NAO","",""
"Estoque / Produtos","I14","Pedidos de Compra","I14_USUARIO_ALTERACAO","varchar(50)","NAO","",""
"Estoque / Produtos","I14","Pedidos de Compra","I14_VALOR_ICMS_ST","numeric(9)","NAO","","Campo monetário"
"Estoque / Produtos","I14","Pedidos de Compra","I14_VALOR_IPI","numeric(9)","NAO","","Campo monetário"
"Estoque / Produtos","I14","Pedidos de Compra","I14_LOGRADOURO","varchar(200)","NAO","",""
"Estoque / Produtos","I14","Pedidos de Compra","I14_NUMERO","varchar(50)","NAO","",""
"Estoque / Produtos","I14","Pedidos de Compra","I14_BAIRRO","varchar(100)","NAO","",""
"Estoque / Produtos","I14","Pedidos de Compra","I14_COMPLEMENTO","varchar(100)","NAO","",""
"Estoque / Produtos","I14","Pedidos de Compra","X4_ID","int(4)","NAO","X4",""
"Estoque / Produtos","I14","Pedidos de Compra","X12_ID","int(4)","NAO","X12",""
"Estoque / Produtos","I14","Pedidos de Compra","I14_CNPJ_CPF","varchar(20)","NAO","",""
"Estoque / Produtos","I14","Pedidos de Compra","I14_CEP","varchar(20)","NAO","",""
"Estoque / Produtos","I14","Pedidos de Compra","J40_ID","int(4)","NAO","J40",""
"Estoque / Produtos","I14","Pedidos de Compra","I14_DATA_REATIVACAO","datetime(8)","NAO","",""
"Estoque / Produtos","I14","Pedidos de Compra","I14_EMAIL","varchar(500)","NAO","",""
"Estoque / Produtos","I14","Pedidos de Compra","I14_IE_RG","varchar(20)","NAO","",""
"Estoque / Produtos","I14","Pedidos de Compra","I14_IE_ISENTO","bit(1)","NAO","",""
"Estoque / Produtos","I14","Pedidos de Compra","I14_NOME","varchar(300)","NAO","",""
"Estoque / Produtos","I14","Pedidos de Compra","I14_ORDEM_COMPRA","varchar(20)","NAO","",""
"Estoque / Produtos","I14","Pedidos de Compra","I14_NOME_1","varchar(300)","NAO","",""
"Estoque / Produtos","I14","Pedidos de Compra","I14_CNPJ_CPF_1","varchar(20)","NAO","",""
"Estoque / Produtos","I14","Pedidos de Compra","I14_ENDERECO_1","varchar(150)","NAO","",""
"Estoque / Produtos","I14","Pedidos de Compra","X4_ID_1","int(4)","NAO","",""
"Estoque / Produtos","I14","Pedidos de Compra","X12_ID_1","int(4)","NAO","",""
"Estoque / Produtos","I14","Pedidos de Compra","I14_TELEFONE_1","varchar(20)","NAO","",""
"Estoque / Produtos","I14","Pedidos de Compra","X13_ID","int(4)","NAO","X13",""
"Estoque / Produtos","I14","Pedidos de Compra","A3_ID","int(4)","NAO","A3",""
"Estoque / Produtos","I14","Pedidos de Compra","I14_OBS_INTERNA","varchar(-1)","NAO","",""
"Estoque / Produtos","I14","Pedidos de Compra","I14_DATA_PREVISAO","datetime(8)","NAO","",""
"Estoque / Produtos","I14","Pedidos de Compra","I14_NRO_DOCUMENTO","int(4)","NAO","",""
"Estoque / Produtos","I14","Pedidos de Compra","I14_PESO_BRUTO","numeric(9)","NAO","",""
"Estoque / Produtos","I14","Pedidos de Compra","I14_PESO_LIQUIDO","numeric(9)","NAO","",""
"Estoque / Produtos","I14","Pedidos de Compra","I14_CUBAGEM","numeric(9)","NAO","",""
"Estoque / Produtos","I14","Pedidos de Compra","I14_DATA_APROVACAO","datetime(8)","NAO","",""
"Estoque / Produtos","I14","Pedidos de Compra","I14_VALOR_OUTRAS_DESPESAS","numeric(9)","NAO","","Campo monetário"
"Estoque / Produtos","I14","Pedidos de Compra","I14_VALOR_SEGURO","numeric(9)","NAO","","Campo monetário"
"Estoque / Produtos","I14","Pedidos de Compra","I14_BASE_ICMS","numeric(9)","NAO","",""
"Estoque / Produtos","I14","Pedidos de Compra","I14_VALOR_ICMS","numeric(9)","NAO","","Campo monetário"
"Estoque / Produtos","I14","Pedidos de Compra","I14_BASE_ICMS_ST","numeric(9)","NAO","",""
"Estoque / Produtos","I14","Pedidos de Compra","I14_BASE_IPI","numeric(9)","NAO","",""
"Estoque / Produtos","I14","Pedidos de Compra","I14_FONE_1","varchar(20)","NAO","",""
"Estoque / Produtos","I14","Pedidos de Compra","I14_IE_RG_1","varchar(20)","NAO","",""
"Estoque / Produtos","I14","Pedidos de Compra","I14_IE_ISENTO_1","bit(1)","NAO","",""
"Estoque / Produtos","I14","Pedidos de Compra","I14_ESPECIE","varchar(20)","NAO","",""
"Estoque / Produtos","I14","Pedidos de Compra","I14_FONE_2","varchar(20)","NAO","",""
"Estoque / Produtos","I14","Pedidos de Compra","I14_FONE_3","varchar(20)","NAO","",""
"Estoque / Produtos","I14","Pedidos de Compra","I14_BASE_COFINS","numeric(9)","NAO","",""
"Estoque / Produtos","I14","Pedidos de Compra","I14_VALOR_COFINS","numeric(9)","NAO","","Campo monetário"
"Estoque / Produtos","I14","Pedidos de Compra","I14_BASE_PIS","numeric(9)","NAO","",""
"Estoque / Produtos","I14","Pedidos de Compra","I14_VALOR_PIS","numeric(9)","NAO","","Campo monetário"
"Estoque / Produtos","I14","Pedidos de Compra","I14_ITENS","int(4)","NAO","",""
"Estoque / Produtos","I14","Pedidos de Compra","I57_ID","int(4)","NAO","I57",""
"Estoque / Produtos","I14","Pedidos de Compra","IX3_ID","int(4)","NAO","IX3",""
"Estoque / Produtos","I14","Pedidos de Compra","I11_ID","int(4)","NAO","I11",""
"Estoque / Produtos","I14","Pedidos de Compra","I14_VALOR_IS","numeric(9)","NAO","","Campo monetário"
"Estoque / Produtos","I14","Pedidos de Compra","I14_BASE_IS","numeric(9)","NAO","",""
"Estoque / Produtos","I14","Pedidos de Compra","I14_VALOR_CBS","numeric(9)","NAO","","Campo monetário"
"Estoque / Produtos","I14","Pedidos de Compra","I14_BASE_IBS_CBS","numeric(9)","NAO","",""
"Estoque / Produtos","I14","Pedidos de Compra","I14_VALOR_IBS_UF","numeric(9)","NAO","","Campo monetário"
"Estoque / Produtos","I14","Pedidos de Compra","I14_VALOR_IBS_MUN","numeric(9)","NAO","","Campo monetário"
"Estoque / Produtos","I14","Pedidos de Compra","I14_VALOR_IBS_CREDITO_PRESUMIDO","numeric(9)","NAO","","Campo monetário"
"Estoque / Produtos","I14","Pedidos de Compra","I14_VALOR_IBS_UF_DIFERIMENTO","numeric(9)","NAO","","Campo monetário"
"Estoque / Produtos","I14","Pedidos de Compra","I14_VALOR_IBS_UF_DEV_TRIB","numeric(9)","NAO","","Campo monetário"
"Estoque / Produtos","I14","Pedidos de Compra","I14_VALOR_IBS_MUN_DIFERIMENTO","numeric(9)","NAO","","Campo monetário"
"Estoque / Produtos","I14","Pedidos de Compra","I14_VALOR_IBS_MUN_DEV_TRIB","numeric(9)","NAO","","Campo monetário"
"Estoque / Produtos","I14","Pedidos de Compra","I14_VALOR_CBS_CREDITO_PRESUMIDO","numeric(9)","NAO","","Campo monetário"
"Estoque / Produtos","I14","Pedidos de Compra","I14_VALOR_CBS_DIFERIMENTO","numeric(9)","NAO","","Campo monetário"
"Estoque / Produtos","I14","Pedidos de Compra","I14_VALOR_CBS_DEV_TRIB","numeric(9)","NAO","","Campo monetário"
"Estoque / Produtos","I14","Pedidos de Compra","I14_VALOR_CBS_MONO","numeric(9)","NAO","","Campo monetário"
"Estoque / Produtos","I14","Pedidos de Compra","I14_VALOR_IBS_MONO","numeric(9)","NAO","","Campo monetário"
"Estoque / Produtos","I14","Pedidos de Compra","I14_VALOR_CBS_MONO_RETIDO","numeric(9)","NAO","","Campo monetário"
"Estoque / Produtos","I14","Pedidos de Compra","I14_VALOR_IBS_MONO_RETIDO","numeric(9)","NAO","","Campo monetário"
"Estoque / Produtos","I14","Pedidos de Compra","I14_VALOR_CBS_MONO_RETENCAO","numeric(9)","NAO","","Campo monetário"
"Estoque / Produtos","I14","Pedidos de Compra","I14_VALOR_IBS_MONO_RETENCAO","numeric(9)","NAO","","Campo monetário"
"Comercial / Vendas / Compras","I3","Tabela do Sistema Petrus","I3_ID","int(4)","SIM","",""
"Comercial / Vendas / Compras","I3","Tabela do Sistema Petrus","S1_ID","int(4)","NAO","S1",""
"Comercial / Vendas / Compras","I3","Tabela do Sistema Petrus","I3_NOME","varchar(50)","NAO","",""
"Comercial / Vendas / Compras","I3","Tabela do Sistema Petrus","I3_SELECIONE","bit(1)","NAO","",""
"Comercial / Vendas / Compras","I3","Tabela do Sistema Petrus","S2_ID","int(4)","NAO","S2",""
"Comercial / Vendas / Compras","I3","Tabela do Sistema Petrus","I3_DATA_INCLUSAO","datetime(8)","NAO","",""
"Comercial / Vendas / Compras","I3","Tabela do Sistema Petrus","I3_DATA_ALTERACAO","datetime(8)","NAO","",""
"Comercial / Vendas / Compras","I3","Tabela do Sistema Petrus","I3_USUARIO_INCLUSAO","varchar(50)","NAO","",""
"Comercial / Vendas / Compras","I3","Tabela do Sistema Petrus","I3_USUARIO_ALTERACAO","varchar(50)","NAO","",""
"Comercial / Vendas / Compras","I33","Tabela do Sistema Petrus","I33_ID","int(4)","SIM","",""
"Comercial / Vendas / Compras","I33","Tabela do Sistema Petrus","S1_ID","int(4)","NAO","S1",""
"Comercial / Vendas / Compras","I33","Tabela do Sistema Petrus","I33_DESCRICAO","varchar(50)","NAO","",""
"Comercial / Vendas / Compras","I33","Tabela do Sistema Petrus","I33_SELECIONE","bit(1)","NAO","",""
"Comercial / Vendas / Compras","I33","Tabela do Sistema Petrus","I33_DATA_INCLUSAO","datetime(8)","NAO","",""
"Comercial / Vendas / Compras","I33","Tabela do Sistema Petrus","I33_DATA_ALTERACAO","datetime(8)","NAO","",""
"Comercial / Vendas / Compras","I33","Tabela do Sistema Petrus","I33_USUARIO_INCLUSAO","varchar(50)","NAO","",""
"Comercial / Vendas / Compras","I33","Tabela do Sistema Petrus","I33_USUARIO_ALTERACAO","varchar(50)","NAO","",""
"Comercial / Vendas / Compras","I38","Tabela do Sistema Petrus","I38_ID","int(4)","SIM","",""
"Comercial / Vendas / Compras","I38","Tabela do Sistema Petrus","S1_ID","int(4)","NAO","S1",""
"Comercial / Vendas / Compras","I38","Tabela do Sistema Petrus","I38_DESCRICAO","varchar(50)","NAO","",""
"Comercial / Vendas / Compras","I38","Tabela do Sistema Petrus","I38_TIPO","varchar(15)","NAO","",""
"Comercial / Vendas / Compras","I38","Tabela do Sistema Petrus","I38_SELECIONE","bit(1)","NAO","",""
"Comercial / Vendas / Compras","I38","Tabela do Sistema Petrus","I38_DATA_INICIAL","datetime(8)","NAO","",""
"Comercial / Vendas / Compras","I38","Tabela do Sistema Petrus","I38_DATA_FINAL","datetime(8)","NAO","",""
"Comercial / Vendas / Compras","I38","Tabela do Sistema Petrus","I38_DATA_INCLUSAO","datetime(8)","NAO","",""
"Comercial / Vendas / Compras","I38","Tabela do Sistema Petrus","I38_DATA_ALTERACAO","datetime(8)","NAO","",""
"Comercial / Vendas / Compras","I38","Tabela do Sistema Petrus","I38_USUARIO_INCLUSAO","varchar(50)","NAO","",""
"Comercial / Vendas / Compras","I38","Tabela do Sistema Petrus","I38_USUARIO_ALTERACAO","varchar(50)","NAO","",""
"Comercial / Vendas / Compras","I38","Tabela do Sistema Petrus","I38_DATA_BLOQUEIO","datetime(8)","NAO","",""
"Comercial / Vendas / Compras","I38","Tabela do Sistema Petrus","I38_DATA_REATIVACAO","datetime(8)","NAO","",""
"Comercial / Vendas / Compras","I38","Tabela do Sistema Petrus","I38_STATUS","varchar(20)","NAO","","Máquina de estados (Aberto, Fechado, etc)"
"Comercial / Vendas / Compras","I4","Tabela do Sistema Petrus","I4_ID","int(4)","SIM","",""
"Comercial / Vendas / Compras","I4","Tabela do Sistema Petrus","S1_ID","int(4)","NAO","S1",""
"Comercial / Vendas / Compras","I4","Tabela do Sistema Petrus","I4_NOME","varchar(50)","NAO","",""
"Comercial / Vendas / Compras","I4","Tabela do Sistema Petrus","I4_SELECIONE","bit(1)","NAO","",""
"Comercial / Vendas / Compras","I4","Tabela do Sistema Petrus","I4_DATA_INCLUSAO","datetime(8)","NAO","",""
"Comercial / Vendas / Compras","I4","Tabela do Sistema Petrus","I4_DATA_ALTERACAO","datetime(8)","NAO","",""
"Comercial / Vendas / Compras","I4","Tabela do Sistema Petrus","I4_USUARIO_INCLUSAO","varchar(50)","NAO","",""
"Comercial / Vendas / Compras","I4","Tabela do Sistema Petrus","I4_USUARIO_ALTERACAO","varchar(50)","NAO","",""
"Comercial / Vendas / Compras","I4","Tabela do Sistema Petrus","G24_ID","int(4)","NAO","G24",""
"Comercial / Vendas / Compras","I40","Tabela do Sistema Petrus","I40_ID","int(4)","SIM","",""
"Comercial / Vendas / Compras","I40","Tabela do Sistema Petrus","S1_ID","int(4)","NAO","S1",""
"Comercial / Vendas / Compras","I40","Tabela do Sistema Petrus","I40_TIPO","varchar(15)","NAO","",""
"Comercial / Vendas / Compras","I40","Tabela do Sistema Petrus","I40_EMAIL","varchar(500)","NAO","",""
"Comercial / Vendas / Compras","I40","Tabela do Sistema Petrus","I40_CONTATO","varchar(100)","NAO","",""
"Comercial / Vendas / Compras","I40","Tabela do Sistema Petrus","I5_ID","int(4)","NAO","I5",""
"Comercial / Vendas / Compras","I40","Tabela do Sistema Petrus","I40_SELECIONE","bit(1)","NAO","",""
"Comercial / Vendas / Compras","I40","Tabela do Sistema Petrus","I40_DATA_INCLUSAO","datetime(8)","NAO","",""
"Comercial / Vendas / Compras","I40","Tabela do Sistema Petrus","I40_DATA_ALTERACAO","datetime(8)","NAO","",""
"Comercial / Vendas / Compras","I40","Tabela do Sistema Petrus","I40_USUARIO_INCLUSAO","varchar(50)","NAO","",""
"Comercial / Vendas / Compras","I40","Tabela do Sistema Petrus","I40_USUARIO_ALTERACAO","varchar(50)","NAO","",""
"Comercial / Vendas / Compras","I41","Tabela do Sistema Petrus","I41_ID","int(4)","SIM","",""
"Comercial / Vendas / Compras","I41","Tabela do Sistema Petrus","S1_ID","int(4)","NAO","S1",""
"Comercial / Vendas / Compras","I41","Tabela do Sistema Petrus","I41_TIPO","varchar(15)","NAO","",""
"Comercial / Vendas / Compras","I41","Tabela do Sistema Petrus","I41_DDI","varchar(5)","NAO","",""
"Comercial / Vendas / Compras","I41","Tabela do Sistema Petrus","I41_DDD","varchar(5)","NAO","",""
"Comercial / Vendas / Compras","I41","Tabela do Sistema Petrus","I41_TELEFONE","varchar(50)","NAO","",""
"Comercial / Vendas / Compras","I41","Tabela do Sistema Petrus","I41_CONTATO","varchar(100)","NAO","",""
"Comercial / Vendas / Compras","I41","Tabela do Sistema Petrus","I5_ID","int(4)","NAO","I5",""
"Comercial / Vendas / Compras","I41","Tabela do Sistema Petrus","I41_SELECIONE","bit(1)","NAO","",""
"Comercial / Vendas / Compras","I41","Tabela do Sistema Petrus","I41_DATA_INCLUSAO","datetime(8)","NAO","",""
"Comercial / Vendas / Compras","I41","Tabela do Sistema Petrus","I41_DATA_ALTERACAO","datetime(8)","NAO","",""
"Comercial / Vendas / Compras","I41","Tabela do Sistema Petrus","I41_USUARIO_INCLUSAO","varchar(50)","NAO","",""
"Comercial / Vendas / Compras","I41","Tabela do Sistema Petrus","I41_USUARIO_ALTERACAO","varchar(50)","NAO","",""
"Estoque / Produtos","I43","Tabela do Sistema Petrus","I43_QTD","numeric(9)","NAO","",""
"Estoque / Produtos","I43","Tabela do Sistema Petrus","I43_SUBTOTAL","numeric(9)","NAO","",""
"Estoque / Produtos","I43","Tabela do Sistema Petrus","I43_VALOR_TOTAL","numeric(9)","NAO","","Campo monetário"
"Estoque / Produtos","I43","Tabela do Sistema Petrus","I43_VALOR_UNITARIO","numeric(9)","NAO","","Campo monetário"
"Estoque / Produtos","I43","Tabela do Sistema Petrus","I43_VALOR_SUGERIDO","numeric(9)","NAO","","Campo monetário"
"Estoque / Produtos","I43","Tabela do Sistema Petrus","I43_VALOR_PROPOSTO","numeric(9)","NAO","","Campo monetário"
"Estoque / Produtos","I43","Tabela do Sistema Petrus","I43_VOLUME","numeric(9)","NAO","",""
"Estoque / Produtos","I43","Tabela do Sistema Petrus","I43_DESCONTO","numeric(9)","NAO","",""
"Estoque / Produtos","I43","Tabela do Sistema Petrus","I43_NCM","varchar(15)","NAO","",""
"Estoque / Produtos","I43","Tabela do Sistema Petrus","I43_PRODUTO","varchar(50)","NAO","",""
"Estoque / Produtos","I43","Tabela do Sistema Petrus","I14_ID","int(4)","NAO","I14",""
"Estoque / Produtos","I43","Tabela do Sistema Petrus","I43_ID","int(4)","SIM","",""
"Estoque / Produtos","I43","Tabela do Sistema Petrus","I43_SELECIONE","bit(1)","NAO","",""
"Estoque / Produtos","I43","Tabela do Sistema Petrus","I43_DATA_INCLUSAO","datetime(8)","NAO","",""
"Estoque / Produtos","I43","Tabela do Sistema Petrus","I43_DATA_ALTERACAO","datetime(8)","NAO","",""
"Estoque / Produtos","I43","Tabela do Sistema Petrus","I43_USUARIO_INCLUSAO","varchar(50)","NAO","",""
"Estoque / Produtos","I43","Tabela do Sistema Petrus","I43_USUARIO_ALTERACAO","varchar(50)","NAO","",""
"Estoque / Produtos","I43","Tabela do Sistema Petrus","I43_QTD_EMB","numeric(9)","NAO","",""
"Estoque / Produtos","I43","Tabela do Sistema Petrus","I43_EAN13_GTIN","varchar(15)","NAO","",""
"Estoque / Produtos","I43","Tabela do Sistema Petrus","I43_UN","varchar(50)","NAO","",""
"Estoque / Produtos","I43","Tabela do Sistema Petrus","I43_DESCRICAO","varchar(300)","NAO","",""
"Estoque / Produtos","I43","Tabela do Sistema Petrus","I43_ITEM","int(4)","NAO","",""
"Estoque / Produtos","I43","Tabela do Sistema Petrus","S1_ID","int(4)","NAO","S1",""
"Estoque / Produtos","I43","Tabela do Sistema Petrus","I43_CEST","varchar(20)","NAO","",""
"Estoque / Produtos","I43","Tabela do Sistema Petrus","G17_ID","int(4)","NAO","G17",""
"Estoque / Produtos","I43","Tabela do Sistema Petrus","G6_ID","int(4)","NAO","G6",""
"Estoque / Produtos","I43","Tabela do Sistema Petrus","I43_VALOR_DESCONTO","numeric(9)","NAO","","Campo monetário"
"Estoque / Produtos","I43","Tabela do Sistema Petrus","I43_CUBAGEM","numeric(9)","NAO","",""
"Estoque / Produtos","I43","Tabela do Sistema Petrus","I43_PESO_BRUTO","numeric(9)","NAO","",""
"Estoque / Produtos","I43","Tabela do Sistema Petrus","I43_PESO_LIQUIDO","numeric(9)","NAO","",""
"Estoque / Produtos","I43","Tabela do Sistema Petrus","I43_CFOP","int(4)","NAO","",""
"Estoque / Produtos","I43","Tabela do Sistema Petrus","I43_BASE_ICMS","numeric(9)","NAO","",""
"Estoque / Produtos","I43","Tabela do Sistema Petrus","I43_ALIQUOTA_ICMS","numeric(9)","NAO","",""
"Estoque / Produtos","I43","Tabela do Sistema Petrus","I43_VALOR_ICMS","numeric(9)","NAO","","Campo monetário"
"Estoque / Produtos","I43","Tabela do Sistema Petrus","I43_BASE_ICMS_ST","numeric(9)","NAO","",""
"Estoque / Produtos","I43","Tabela do Sistema Petrus","I43_ALIQUOTA_ICMS_ST","numeric(9)","NAO","",""
"Estoque / Produtos","I43","Tabela do Sistema Petrus","I43_VALOR_ICMS_ST","numeric(9)","NAO","","Campo monetário"
"Estoque / Produtos","I43","Tabela do Sistema Petrus","I43_BASE_IPI","numeric(9)","NAO","",""
"Estoque / Produtos","I43","Tabela do Sistema Petrus","I43_ALIQUOTA_IPI","numeric(9)","NAO","",""
"Estoque / Produtos","I43","Tabela do Sistema Petrus","I43_VALOR_IPI","numeric(9)","NAO","","Campo monetário"
"Estoque / Produtos","I43","Tabela do Sistema Petrus","I43_ORIGEM","varchar(150)","NAO","",""
"Estoque / Produtos","I43","Tabela do Sistema Petrus","I43_CSOSN","varchar(10)","NAO","",""
"Estoque / Produtos","I43","Tabela do Sistema Petrus","I43_CST_ICMS","varchar(10)","NAO","",""
"Estoque / Produtos","I43","Tabela do Sistema Petrus","I43_CST_IPI","varchar(10)","NAO","",""
"Estoque / Produtos","I43","Tabela do Sistema Petrus","I43_CST_COFINS","varchar(10)","NAO","",""
"Estoque / Produtos","I43","Tabela do Sistema Petrus","I43_CST_PIS","varchar(10)","NAO","",""
"Estoque / Produtos","I43","Tabela do Sistema Petrus","I43_MODALIDADE_BASE","varchar(50)","NAO","",""
"Estoque / Produtos","I43","Tabela do Sistema Petrus","I43_MODALIDADE_BASE_ST","varchar(50)","NAO","",""
"Estoque / Produtos","I43","Tabela do Sistema Petrus","I43_BASE_COFINS","numeric(9)","NAO","",""
"Estoque / Produtos","I43","Tabela do Sistema Petrus","I43_ALIQUOTA_COFINS","numeric(9)","NAO","",""
"Estoque / Produtos","I43","Tabela do Sistema Petrus","I43_VALOR_COFINS","numeric(9)","NAO","","Campo monetário"
"Estoque / Produtos","I43","Tabela do Sistema Petrus","I43_BASE_PIS","numeric(9)","NAO","",""
"Estoque / Produtos","I43","Tabela do Sistema Petrus","I43_ALIQUOTA_PIS","numeric(9)","NAO","",""
"Estoque / Produtos","I43","Tabela do Sistema Petrus","I43_VALOR_PIS","numeric(9)","NAO","","Campo monetário"
"Estoque / Produtos","I43","Tabela do Sistema Petrus","I43_ENQ_IPI","int(4)","NAO","",""
"Estoque / Produtos","I43","Tabela do Sistema Petrus","I43_VALOR_FRETE","numeric(9)","NAO","","Campo monetário"
"Estoque / Produtos","I43","Tabela do Sistema Petrus","I43_VALOR_SEGURO","numeric(9)","NAO","","Campo monetário"
"Estoque / Produtos","I43","Tabela do Sistema Petrus","I43_VALOR_OUTRAS_DESPESAS","numeric(9)","NAO","","Campo monetário"
"Estoque / Produtos","I43","Tabela do Sistema Petrus","I43_VALOR_CUSTO","numeric(9)","NAO","","Campo monetário"
"Estoque / Produtos","I43","Tabela do Sistema Petrus","I43_BASE_IS","numeric(9)","NAO","",""
"Estoque / Produtos","I43","Tabela do Sistema Petrus","I43_ALIQUOTA_IS","numeric(9)","NAO","",""
"Estoque / Produtos","I43","Tabela do Sistema Petrus","I43_VALOR_IS","numeric(9)","NAO","","Campo monetário"
"Estoque / Produtos","I43","Tabela do Sistema Petrus","I43_CST_IS","varchar(10)","NAO","",""
"Estoque / Produtos","I43","Tabela do Sistema Petrus","I43_BASE_IBS_CBS","numeric(9)","NAO","",""
"Estoque / Produtos","I43","Tabela do Sistema Petrus","I43_ALIQUOTA_CBS","numeric(9)","NAO","",""
"Estoque / Produtos","I43","Tabela do Sistema Petrus","I43_VALOR_CBS","numeric(9)","NAO","","Campo monetário"
"Estoque / Produtos","I43","Tabela do Sistema Petrus","I43_CST_CBS","varchar(10)","NAO","",""
"Estoque / Produtos","I43","Tabela do Sistema Petrus","I43_ALIQUOTA_IBS_UF","numeric(9)","NAO","",""
"Estoque / Produtos","I43","Tabela do Sistema Petrus","I43_VALOR_IBS_UF","numeric(9)","NAO","","Campo monetário"
"Estoque / Produtos","I43","Tabela do Sistema Petrus","I43_ALIQUOTA_IBS_MUN","numeric(9)","NAO","",""
"Estoque / Produtos","I43","Tabela do Sistema Petrus","I43_VALOR_IBS_MUN","numeric(9)","NAO","","Campo monetário"
"Estoque / Produtos","I43","Tabela do Sistema Petrus","I43_ALIQUOTA_IBS_UF_DIFERIMENTO","numeric(9)","NAO","",""
"Estoque / Produtos","I43","Tabela do Sistema Petrus","I43_VALOR_IBS_UF_DIFERIMENTO","numeric(9)","NAO","","Campo monetário"
"Estoque / Produtos","I43","Tabela do Sistema Petrus","I43_ALIQUOTA_IBS_MUN_DIFERIMENTO","numeric(9)","NAO","",""
"Estoque / Produtos","I43","Tabela do Sistema Petrus","I43_VALOR_IBS_MUN_DIFERIMENTO","numeric(9)","NAO","","Campo monetário"
"Estoque / Produtos","I43","Tabela do Sistema Petrus","I43_ALIQUOTA_IBS_UF_EFETIVA","numeric(9)","NAO","",""
"Estoque / Produtos","I43","Tabela do Sistema Petrus","I43_ALIQUOTA_IBS_UF_REDUCAO","numeric(9)","NAO","",""
"Estoque / Produtos","I43","Tabela do Sistema Petrus","I43_ALIQUOTA_IBS_MUN_EFETIVA","numeric(9)","NAO","",""
"Estoque / Produtos","I43","Tabela do Sistema Petrus","I43_ALIQUOTA_IBS_MUN_REDUCAO","numeric(9)","NAO","",""
"Estoque / Produtos","I43","Tabela do Sistema Petrus","I43_VALOR_IBS_UF_DEV_TRIB","numeric(9)","NAO","","Campo monetário"
"Estoque / Produtos","I43","Tabela do Sistema Petrus","I43_VALOR_IBS_MUN_DEV_TRIB","numeric(9)","NAO","","Campo monetário"
"Estoque / Produtos","I43","Tabela do Sistema Petrus","I43_ALIQUOTA_CBS_DIFERIMENTO","numeric(9)","NAO","",""
"Estoque / Produtos","I43","Tabela do Sistema Petrus","I43_VALOR_CBS_DIFERIMENTO","numeric(9)","NAO","","Campo monetário"
"Estoque / Produtos","I43","Tabela do Sistema Petrus","I43_VALOR_CBS_DEV_TRIB","numeric(9)","NAO","","Campo monetário"
"Estoque / Produtos","I43","Tabela do Sistema Petrus","I43_ALIQUOTA_CBS_EFETIVA","numeric(9)","NAO","",""
"Estoque / Produtos","I43","Tabela do Sistema Petrus","I43_ALIQUOTA_CBS_REDUCAO","numeric(9)","NAO","",""
"Estoque / Produtos","I43","Tabela do Sistema Petrus","I43_ALIQUOTA_IBS_CREDITO_PRESUMIDO","numeric(9)","NAO","",""
"Estoque / Produtos","I43","Tabela do Sistema Petrus","I43_VALOR_IBS_CREDITO_PRESUMIDO","numeric(9)","NAO","","Campo monetário"
"Estoque / Produtos","I43","Tabela do Sistema Petrus","I43_ALIQUOTA_CBS_CREDITO_PRESUMIDO","numeric(9)","NAO","",""
"Estoque / Produtos","I43","Tabela do Sistema Petrus","I43_VALOR_CBS_CREDITO_PRESUMIDO","numeric(9)","NAO","","Campo monetário"
"Estoque / Produtos","I43","Tabela do Sistema Petrus","I43_VALOR_IBS_MONO","numeric(9)","NAO","","Campo monetário"
"Estoque / Produtos","I43","Tabela do Sistema Petrus","I43_VALOR_CBS_MONO","numeric(9)","NAO","","Campo monetário"
"Estoque / Produtos","I43","Tabela do Sistema Petrus","I43_VALOR_IBS_MONO_RETENCAO","numeric(9)","NAO","","Campo monetário"
"Estoque / Produtos","I43","Tabela do Sistema Petrus","I43_VALOR_CBS_MONO_RETENCAO","numeric(9)","NAO","","Campo monetário"
"Estoque / Produtos","I43","Tabela do Sistema Petrus","I43_VALOR_IBS_MONO_RETIDO","numeric(9)","NAO","","Campo monetário"
"Estoque / Produtos","I43","Tabela do Sistema Petrus","I43_VALOR_CBS_MONO_RETIDO","numeric(9)","NAO","","Campo monetário"
"Estoque / Produtos","I43","Tabela do Sistema Petrus","I43_ALIQUOTA_CBS_MONO_DIFERIMENTO","numeric(9)","NAO","",""
"Estoque / Produtos","I43","Tabela do Sistema Petrus","I43_VALOR_CBS_MONO_DIFERIMENTO","numeric(9)","NAO","","Campo monetário"
"Estoque / Produtos","I43","Tabela do Sistema Petrus","I43_ALIQUOTA_IBS_MONO_DIFERIMENTO","numeric(9)","NAO","",""
"Estoque / Produtos","I43","Tabela do Sistema Petrus","I43_VALOR_IBS_MONO_DIFERIMENTO","numeric(9)","NAO","","Campo monetário"
"Estoque / Produtos","I43","Tabela do Sistema Petrus","I43_VALOR_IBS_TOTAL_MONO","numeric(9)","NAO","","Campo monetário"
"Estoque / Produtos","I43","Tabela do Sistema Petrus","I43_VALOR_CBS_TOTAL_MONO","numeric(9)","NAO","","Campo monetário"
"Estoque / Produtos","I43","Tabela do Sistema Petrus","I43_ALIQUOTA_IBS_UF_REGULAR","numeric(9)","NAO","",""
"Estoque / Produtos","I43","Tabela do Sistema Petrus","I43_ALIQUOTA_IBS_MUN_REGULAR","numeric(9)","NAO","",""
"Estoque / Produtos","I43","Tabela do Sistema Petrus","I43_ALIQUOTA_CBS_REGULAR","numeric(9)","NAO","",""
"Estoque / Produtos","I43","Tabela do Sistema Petrus","I43_VALOR_IBS_UF_REGULAR","numeric(9)","NAO","","Campo monetário"
"Estoque / Produtos","I43","Tabela do Sistema Petrus","I43_VALOR_IBS_MUN_REGULAR","numeric(9)","NAO","","Campo monetário"
"Estoque / Produtos","I43","Tabela do Sistema Petrus","I43_VALOR_CBS_REGULAR","numeric(9)","NAO","","Campo monetário"
"Comercial / Vendas / Compras","I45","Tabela do Sistema Petrus","I45_ID","int(4)","SIM","",""
"Comercial / Vendas / Compras","I45","Tabela do Sistema Petrus","S1_ID","int(4)","NAO","S1",""
"Comercial / Vendas / Compras","I45","Tabela do Sistema Petrus","I45_SELECIONE","bit(1)","NAO","",""
"Comercial / Vendas / Compras","I45","Tabela do Sistema Petrus","I45_DATA_INCLUSAO","datetime(8)","NAO","",""
"Comercial / Vendas / Compras","I45","Tabela do Sistema Petrus","I45_DATA_ALTERACAO","datetime(8)","NAO","",""
"Comercial / Vendas / Compras","I45","Tabela do Sistema Petrus","I45_USUARIO_INCLUSAO","varchar(50)","NAO","",""
"Comercial / Vendas / Compras","I45","Tabela do Sistema Petrus","I45_USUARIO_ALTERACAO","varchar(50)","NAO","",""
"Comercial / Vendas / Compras","I45","Tabela do Sistema Petrus","I45_DESCRICAO","varchar(300)","NAO","",""
"Comercial / Vendas / Compras","I45","Tabela do Sistema Petrus","I45_PRODUTO","varchar(50)","NAO","",""
"Comercial / Vendas / Compras","I45","Tabela do Sistema Petrus","I45_QTD_EMB","numeric(9)","NAO","",""
"Comercial / Vendas / Compras","I45","Tabela do Sistema Petrus","I45_VALOR_TABELA","numeric(9)","NAO","","Campo monetário"
"Comercial / Vendas / Compras","I45","Tabela do Sistema Petrus","I38_ID","int(4)","NAO","I38",""
"Comercial / Vendas / Compras","I45","Tabela do Sistema Petrus","G6_ID","int(4)","NAO","G6",""
"Comercial / Vendas / Compras","I45","Tabela do Sistema Petrus","I45_CUSTO","numeric(9)","NAO","",""
"Comercial / Vendas / Compras","I45","Tabela do Sistema Petrus","I45_CUSTO_INICIAL","numeric(9)","NAO","",""
"Estoque / Produtos","I46","Itens das Notas de Entrada","I46_ALIQUOTA_IPI","numeric(9)","NAO","",""
"Estoque / Produtos","I46","Itens das Notas de Entrada","I46_CUBAGEM","numeric(9)","NAO","",""
"Estoque / Produtos","I46","Itens das Notas de Entrada","I46_PESO_BRUTO","numeric(9)","NAO","",""
"Estoque / Produtos","I46","Itens das Notas de Entrada","I46_PESO_LIQUIDO","numeric(9)","NAO","",""
"Estoque / Produtos","I46","Itens das Notas de Entrada","I46_QTD","numeric(9)","NAO","",""
"Estoque / Produtos","I46","Itens das Notas de Entrada","I46_QTD_EMB","numeric(9)","NAO","",""
"Estoque / Produtos","I46","Itens das Notas de Entrada","I46_SUBTOTAL","numeric(9)","NAO","",""
"Estoque / Produtos","I46","Itens das Notas de Entrada","I46_VALOR_IPI","numeric(9)","NAO","","Campo monetário"
"Estoque / Produtos","I46","Itens das Notas de Entrada","I46_VALOR_TOTAL","numeric(9)","NAO","","Campo monetário"
"Estoque / Produtos","I46","Itens das Notas de Entrada","I46_VALOR_UNITARIO","numeric(9)","NAO","","Campo monetário"
"Estoque / Produtos","I46","Itens das Notas de Entrada","I46_VOLUME","numeric(9)","NAO","",""
"Estoque / Produtos","I46","Itens das Notas de Entrada","I46_DESCONTO","numeric(9)","NAO","",""
"Estoque / Produtos","I46","Itens das Notas de Entrada","I46_NCM","varchar(15)","NAO","",""
"Estoque / Produtos","I46","Itens das Notas de Entrada","I46_PRODUTO","varchar(50)","NAO","",""
"Estoque / Produtos","I46","Itens das Notas de Entrada","I46_UN","varchar(50)","NAO","",""
"Estoque / Produtos","I46","Itens das Notas de Entrada","I46_CFOP","int(4)","NAO","",""
"Estoque / Produtos","I46","Itens das Notas de Entrada","I46_ID","int(4)","SIM","",""
"Estoque / Produtos","I46","Itens das Notas de Entrada","I46_SELECIONE","bit(1)","NAO","",""
"Estoque / Produtos","I46","Itens das Notas de Entrada","I46_DATA_INCLUSAO","datetime(8)","NAO","",""
"Estoque / Produtos","I46","Itens das Notas de Entrada","I46_DATA_ALTERACAO","datetime(8)","NAO","",""
"Estoque / Produtos","I46","Itens das Notas de Entrada","I46_USUARIO_INCLUSAO","varchar(50)","NAO","",""
"Estoque / Produtos","I46","Itens das Notas de Entrada","I46_USUARIO_ALTERACAO","varchar(50)","NAO","",""
"Estoque / Produtos","I46","Itens das Notas de Entrada","S1_ID","int(4)","NAO","S1",""
"Estoque / Produtos","I46","Itens das Notas de Entrada","I46_EAN13_GTIN","varchar(15)","NAO","",""
"Estoque / Produtos","I46","Itens das Notas de Entrada","I46_DESCRICAO","varchar(300)","NAO","",""
"Estoque / Produtos","I46","Itens das Notas de Entrada","I46_ITEM","int(4)","NAO","",""
"Estoque / Produtos","I46","Itens das Notas de Entrada","A3_ID","int(4)","NAO","A3",""
"Estoque / Produtos","I46","Itens das Notas de Entrada","I46_VALOR_PROPOSTO","numeric(9)","NAO","","Campo monetário"
"Estoque / Produtos","I46","Itens das Notas de Entrada","I46_VALOR_SUGERIDO","numeric(9)","NAO","","Campo monetário"
"Estoque / Produtos","I46","Itens das Notas de Entrada","I46_ALIQUOTA_ICMS","numeric(9)","NAO","",""
"Estoque / Produtos","I46","Itens das Notas de Entrada","I46_ALIQUOTA_ICMS_ST","numeric(9)","NAO","",""
"Estoque / Produtos","I46","Itens das Notas de Entrada","I46_BASE_ICMS","numeric(9)","NAO","",""
"Estoque / Produtos","I46","Itens das Notas de Entrada","I46_BASE_ICMS_ST","numeric(9)","NAO","",""
"Estoque / Produtos","I46","Itens das Notas de Entrada","I46_BASE_IPI","numeric(9)","NAO","",""
"Estoque / Produtos","I46","Itens das Notas de Entrada","I46_ORIGEM","varchar(150)","NAO","",""
"Estoque / Produtos","I46","Itens das Notas de Entrada","I46_VALOR_ICMS","numeric(9)","NAO","","Campo monetário"
"Estoque / Produtos","I46","Itens das Notas de Entrada","I46_VALOR_ICMS_FCP","numeric(9)","NAO","","Campo monetário"
"Estoque / Produtos","I46","Itens das Notas de Entrada","I46_VALOR_ICMS_ST","numeric(9)","NAO","","Campo monetário"
"Estoque / Produtos","I46","Itens das Notas de Entrada","I46_VALOR_ICMS_ST_FCP","numeric(9)","NAO","","Campo monetário"
"Estoque / Produtos","I46","Itens das Notas de Entrada","I46_CEST","varchar(20)","NAO","",""
"Estoque / Produtos","I46","Itens das Notas de Entrada","G6_ID","int(4)","NAO","G6",""
"Estoque / Produtos","I46","Itens das Notas de Entrada","I46_CSOSN","varchar(10)","NAO","",""
"Estoque / Produtos","I46","Itens das Notas de Entrada","I46_CST_ICMS","varchar(10)","NAO","",""
"Estoque / Produtos","I46","Itens das Notas de Entrada","I46_CST_IPI","varchar(10)","NAO","",""
"Estoque / Produtos","I46","Itens das Notas de Entrada","I46_CST_COFINS","varchar(10)","NAO","",""
"Estoque / Produtos","I46","Itens das Notas de Entrada","I46_CST_PIS","varchar(10)","NAO","",""
"Estoque / Produtos","I46","Itens das Notas de Entrada","I46_MODALIDADE_BASE","varchar(50)","NAO","",""
"Estoque / Produtos","I46","Itens das Notas de Entrada","I46_MODALIDADE_BASE_ST","varchar(50)","NAO","",""
"Estoque / Produtos","I46","Itens das Notas de Entrada","I46_ALIQUOTA_ICMS_FCP","numeric(9)","NAO","",""
"Estoque / Produtos","I46","Itens das Notas de Entrada","I46_ALIQUOTA_ICMS_ST_FCP","numeric(9)","NAO","",""
"Estoque / Produtos","I46","Itens das Notas de Entrada","I46_ALIQUOTA_ICMS_ST_MVA","numeric(9)","NAO","",""
"Estoque / Produtos","I46","Itens das Notas de Entrada","I46_ALIQUOTA_ICMS_RBC","numeric(9)","NAO","",""
"Estoque / Produtos","I46","Itens das Notas de Entrada","I46_VALOR_ICMS_DESONERADO","numeric(9)","NAO","","Campo monetário"
"Estoque / Produtos","I46","Itens das Notas de Entrada","I46_MOTIVO_DESONERACAO_ICMS","varchar(100)","NAO","",""
"Estoque / Produtos","I46","Itens das Notas de Entrada","I46_BASE_ICMS_FCP","numeric(9)","NAO","",""
"Estoque / Produtos","I46","Itens das Notas de Entrada","I46_BASE_ICMS_ST_FCP","numeric(9)","NAO","",""
"Estoque / Produtos","I46","Itens das Notas de Entrada","I46_VALOR_ICMS_OPERACAO","numeric(9)","NAO","","Campo monetário"
"Estoque / Produtos","I46","Itens das Notas de Entrada","I46_BASE_COFINS","numeric(9)","NAO","",""
"Estoque / Produtos","I46","Itens das Notas de Entrada","I46_ALIQUOTA_COFINS","numeric(9)","NAO","",""
"Estoque / Produtos","I46","Itens das Notas de Entrada","I46_VALOR_COFINS","numeric(9)","NAO","","Campo monetário"
"Estoque / Produtos","I46","Itens das Notas de Entrada","I46_BASE_PIS","numeric(9)","NAO","",""
"Estoque / Produtos","I46","Itens das Notas de Entrada","I46_ALIQUOTA_PIS","numeric(9)","NAO","",""
"Estoque / Produtos","I46","Itens das Notas de Entrada","I46_VALOR_PIS","numeric(9)","NAO","","Campo monetário"
"Estoque / Produtos","I46","Itens das Notas de Entrada","I46_ALIQUOTA_APLICAVEL_CREDITO","numeric(9)","NAO","",""
"Estoque / Produtos","I46","Itens das Notas de Entrada","I46_VALOR_CREDITO_ICMS","numeric(9)","NAO","","Campo monetário"
"Estoque / Produtos","I46","Itens das Notas de Entrada","I46_ALIQUOTA_ICMS_DIFERIMENTO","numeric(9)","NAO","",""
"Estoque / Produtos","I46","Itens das Notas de Entrada","I46_VALOR_ICMS_DIFERIMENTO","numeric(9)","NAO","","Campo monetário"
"Estoque / Produtos","I46","Itens das Notas de Entrada","I46_VALOR_DESCONTO","numeric(9)","NAO","","Campo monetário"
"Estoque / Produtos","I46","Itens das Notas de Entrada","G17_ID","int(4)","NAO","G17",""
"Estoque / Produtos","I46","Itens das Notas de Entrada","I11_ID","int(4)","NAO","I11",""
"Estoque / Produtos","I46","Itens das Notas de Entrada","I43_ID","int(4)","NAO","I43",""
"Estoque / Produtos","I46","Itens das Notas de Entrada","I46_VALOR_CUSTO","numeric(9)","NAO","","Campo monetário"
"Estoque / Produtos","I46","Itens das Notas de Entrada","I46_VALOR_FRETE","numeric(9)","NAO","","Campo monetário"
"Estoque / Produtos","I46","Itens das Notas de Entrada","I46_OBS","varchar(500)","NAO","",""
"Estoque / Produtos","I46","Itens das Notas de Entrada","I46_ALIQUOTA_ICMS_PRESUMIDO","numeric(9)","NAO","",""
"Estoque / Produtos","I46","Itens das Notas de Entrada","I46_VALOR_ICMS_PRESUMIDO","numeric(9)","NAO","","Campo monetário"
"Estoque / Produtos","I46","Itens das Notas de Entrada","I46_ENQ_IPI","int(4)","NAO","",""
"Estoque / Produtos","I46","Itens das Notas de Entrada","I46_NUMERO_FCI","varchar(100)","NAO","",""
"Estoque / Produtos","I46","Itens das Notas de Entrada","I46_VALOR_APROX_TRIBUTOS","numeric(9)","NAO","","Campo monetário"
"Estoque / Produtos","I46","Itens das Notas de Entrada","I46_BASE_COFINS_ST","numeric(9)","NAO","",""
"Estoque / Produtos","I46","Itens das Notas de Entrada","I46_ALIQUOTA_COFINS_ST","numeric(9)","NAO","",""
"Estoque / Produtos","I46","Itens das Notas de Entrada","I46_VALOR_COFINS_ST","numeric(9)","NAO","","Campo monetário"
"Estoque / Produtos","I46","Itens das Notas de Entrada","I46_BASE_PIS_ST","numeric(9)","NAO","",""
"Estoque / Produtos","I46","Itens das Notas de Entrada","I46_ALIQUOTA_PIS_ST","numeric(9)","NAO","",""
"Estoque / Produtos","I46","Itens das Notas de Entrada","I46_VALOR_PIS_ST","numeric(9)","NAO","","Campo monetário"
"Estoque / Produtos","I46","Itens das Notas de Entrada","I46_COMPOE_TOTAL_NF","bit(1)","NAO","",""
"Estoque / Produtos","I46","Itens das Notas de Entrada","I46_VALOR_ICMS_SUBSTITUTO","numeric(9)","NAO","","Campo monetário"
"Estoque / Produtos","I46","Itens das Notas de Entrada","I46_BASE_ICMS_DIFERIMENTO","numeric(9)","NAO","",""
"Estoque / Produtos","I46","Itens das Notas de Entrada","I46_PARTILHA_ICMS","bit(1)","NAO","",""
"Estoque / Produtos","I46","Itens das Notas de Entrada","I46_BASE_PARTILHA_ICMS","numeric(9)","NAO","",""
"Estoque / Produtos","I46","Itens das Notas de Entrada","I46_VALOR_PARTILHA_ICMS","numeric(9)","NAO","","Campo monetário"
"Estoque / Produtos","I46","Itens das Notas de Entrada","I46_EAN13_GTIN_TRIBUTAVEL","varchar(50)","NAO","",""
"Estoque / Produtos","I46","Itens das Notas de Entrada","I46_UN_TRIBUTAVEL","varchar(50)","NAO","",""
"Estoque / Produtos","I46","Itens das Notas de Entrada","I46_ALIQUOTA_ICMS_EFETIVO","numeric(9)","NAO","",""
"Estoque / Produtos","I46","Itens das Notas de Entrada","I46_BASE_ICMS_EFETIVO","numeric(9)","NAO","",""
"Estoque / Produtos","I46","Itens das Notas de Entrada","I46_VALOR_ICMS_EFETIVO","numeric(9)","NAO","","Campo monetário"
"Estoque / Produtos","I46","Itens das Notas de Entrada","I46_ALIQUOTA_ICMS_ST_RETIDO","numeric(9)","NAO","",""
"Estoque / Produtos","I46","Itens das Notas de Entrada","I46_BASE_ICMS_ST_RETIDO","numeric(9)","NAO","",""
"Estoque / Produtos","I46","Itens das Notas de Entrada","I46_VALOR_ICMS_ST_RETIDO","numeric(9)","NAO","","Campo monetário"
"Estoque / Produtos","I46","Itens das Notas de Entrada","I46_CODIGO_BENEFICIO_FISCAL_UF","varchar(20)","NAO","",""
"Estoque / Produtos","I46","Itens das Notas de Entrada","I46_ALIQUOTA_ICMS_ST_FCP_RETIDO","numeric(9)","NAO","",""
"Estoque / Produtos","I46","Itens das Notas de Entrada","I46_BASE_ICMS_ST_FCP_RETIDO","numeric(9)","NAO","",""
"Estoque / Produtos","I46","Itens das Notas de Entrada","I46_VALOR_ICMS_ST_FCP_RETIDO","numeric(9)","NAO","","Campo monetário"
"Estoque / Produtos","I46","Itens das Notas de Entrada","I46_ALIQUOTA_ICMS_ST_RBC","numeric(9)","NAO","",""
"Estoque / Produtos","I46","Itens das Notas de Entrada","I46_ALIQUOTA_ICMS_INTERESTADUAL","numeric(9)","NAO","",""
"Estoque / Produtos","I46","Itens das Notas de Entrada","I46_ALIQUOTA_ICMS_INTERNA","numeric(9)","NAO","",""
"Estoque / Produtos","I46","Itens das Notas de Entrada","I46_VALOR_ICMS_DESTINO","numeric(9)","NAO","","Campo monetário"
"Estoque / Produtos","I46","Itens das Notas de Entrada","I46_VALOR_ICMS_ORIGEM","numeric(9)","NAO","","Campo monetário"
"Estoque / Produtos","I46","Itens das Notas de Entrada","I46_ALIQUOTA_ICMS_FCP_PARTILHA","numeric(9)","NAO","",""
"Estoque / Produtos","I46","Itens das Notas de Entrada","I46_VALOR_ICMS_FCP_PARTILHA","numeric(9)","NAO","","Campo monetário"
"Estoque / Produtos","I46","Itens das Notas de Entrada","I46_VALOR_SEGURO","numeric(9)","NAO","","Campo monetário"
"Estoque / Produtos","I46","Itens das Notas de Entrada","I46_VALOR_OUTRAS_DESPESAS","numeric(9)","NAO","","Campo monetário"
"Estoque / Produtos","I46","Itens das Notas de Entrada","I46_ALIQUOTA_ICMS_EFETIVO_RBC","numeric(9)","NAO","",""
"Estoque / Produtos","I46","Itens das Notas de Entrada","R57_ID","int(4)","NAO","R57",""
"Estoque / Produtos","I46","Itens das Notas de Entrada","I46_PARTILHA_ICMS_INTERESTADUAL","numeric(9)","NAO","",""
"Estoque / Produtos","I46","Itens das Notas de Entrada","I46_BASE_II","numeric(9)","NAO","",""
"Estoque / Produtos","I46","Itens das Notas de Entrada","I46_ALIQUOTA_II","numeric(9)","NAO","",""
"Estoque / Produtos","I46","Itens das Notas de Entrada","I46_VALOR_II","numeric(9)","NAO","","Campo monetário"
"Estoque / Produtos","I46","Itens das Notas de Entrada","R49_ID","int(4)","NAO","R49",""
"Estoque / Produtos","I46","Itens das Notas de Entrada","R13_ID","int(4)","NAO","R13",""
"Estoque / Produtos","I46","Itens das Notas de Entrada","I46_PRODUTO_XML","varchar(50)","NAO","",""
"Estoque / Produtos","I46","Itens das Notas de Entrada","I46_DESCRICAO_XML","varchar(300)","NAO","",""
"Estoque / Produtos","I46","Itens das Notas de Entrada","I46_EXPORTACAO","bit(1)","NAO","",""
"Estoque / Produtos","I46","Itens das Notas de Entrada","I46_COMPLEMENTO_TRIBUTO","bit(1)","NAO","",""
"Estoque / Produtos","I46","Itens das Notas de Entrada","I46_VALOR_AFRMM","numeric(9)","NAO","","Campo monetário"
"Estoque / Produtos","I46","Itens das Notas de Entrada","I46_ALIQUOTA_IS","numeric(9)","NAO","",""
"Estoque / Produtos","I46","Itens das Notas de Entrada","I46_VALOR_IS","numeric(9)","NAO","","Campo monetário"
"Estoque / Produtos","I46","Itens das Notas de Entrada","I46_BASE_IS","numeric(9)","NAO","",""
"Estoque / Produtos","I46","Itens das Notas de Entrada","I46_CST_IS","varchar(10)","NAO","",""
"Estoque / Produtos","I46","Itens das Notas de Entrada","I46_ALIQUOTA_CBS","numeric(9)","NAO","",""
"Estoque / Produtos","I46","Itens das Notas de Entrada","I46_VALOR_CBS","numeric(9)","NAO","","Campo monetário"
"Estoque / Produtos","I46","Itens das Notas de Entrada","I46_BASE_IBS_CBS","numeric(9)","NAO","",""
"Estoque / Produtos","I46","Itens das Notas de Entrada","I46_CST_IBS_CBS","varchar(10)","NAO","",""
"Estoque / Produtos","I46","Itens das Notas de Entrada","I46_ALIQUOTA_IBS_UF","numeric(9)","NAO","",""
"Estoque / Produtos","I46","Itens das Notas de Entrada","I46_VALOR_IBS_UF","numeric(9)","NAO","","Campo monetário"
"Estoque / Produtos","I46","Itens das Notas de Entrada","I46_ALIQUOTA_IBS_MUN","numeric(9)","NAO","",""
"Estoque / Produtos","I46","Itens das Notas de Entrada","I46_VALOR_IBS_MUN","numeric(9)","NAO","","Campo monetário"
"Estoque / Produtos","I46","Itens das Notas de Entrada","I46_CLASS_TRIB","varchar(10)","NAO","",""
"Estoque / Produtos","I46","Itens das Notas de Entrada","I46_ALIQUOTA_IBS_UF_DIFERIMENTO","numeric(9)","NAO","",""
"Estoque / Produtos","I46","Itens das Notas de Entrada","I46_VALOR_IBS_UF_DIFERIMENTO","numeric(9)","NAO","","Campo monetário"
"Estoque / Produtos","I46","Itens das Notas de Entrada","I46_ALIQUOTA_IBS_MUN_DIFERIMENTO","numeric(9)","NAO","",""
"Estoque / Produtos","I46","Itens das Notas de Entrada","I46_VALOR_IBS_MUN_DIFERIMENTO","numeric(9)","NAO","","Campo monetário"
"Estoque / Produtos","I46","Itens das Notas de Entrada","I46_ALIQUOTA_IBS_UF_EFETIVA","numeric(9)","NAO","",""
"Estoque / Produtos","I46","Itens das Notas de Entrada","I46_ALIQUOTA_IBS_UF_REDUCAO","numeric(9)","NAO","",""
"Estoque / Produtos","I46","Itens das Notas de Entrada","I46_ALIQUOTA_IBS_MUN_EFETIVA","numeric(9)","NAO","",""
"Estoque / Produtos","I46","Itens das Notas de Entrada","I46_ALIQUOTA_IBS_MUN_REDUCAO","numeric(9)","NAO","",""
"Estoque / Produtos","I46","Itens das Notas de Entrada","I46_VALOR_IBS_UF_DEV_TRIB","numeric(9)","NAO","","Campo monetário"
"Estoque / Produtos","I46","Itens das Notas de Entrada","I46_VALOR_IBS_MUN_DEV_TRIB","numeric(9)","NAO","","Campo monetário"
"Estoque / Produtos","I46","Itens das Notas de Entrada","I46_ALIQUOTA_CBS_DIFERIMENTO","numeric(9)","NAO","",""
"Estoque / Produtos","I46","Itens das Notas de Entrada","I46_VALOR_CBS_DIFERIMENTO","numeric(9)","NAO","","Campo monetário"
"Estoque / Produtos","I46","Itens das Notas de Entrada","I46_VALOR_CBS_DEV_TRIB","numeric(9)","NAO","","Campo monetário"
"Estoque / Produtos","I46","Itens das Notas de Entrada","I46_ALIQUOTA_CBS_EFETIVA","numeric(9)","NAO","",""
"Estoque / Produtos","I46","Itens das Notas de Entrada","I46_ALIQUOTA_CBS_REDUCAO","numeric(9)","NAO","",""
"Estoque / Produtos","I46","Itens das Notas de Entrada","I46_CCRED_PRES_IBS","varchar(10)","NAO","",""
"Estoque / Produtos","I46","Itens das Notas de Entrada","I46_ALIQUOTA_IBS_CREDITO_PRESUMIDO","numeric(9)","NAO","",""
"Estoque / Produtos","I46","Itens das Notas de Entrada","I46_VALOR_IBS_CREDITO_PRESUMIDO","numeric(9)","NAO","","Campo monetário"
"Estoque / Produtos","I46","Itens das Notas de Entrada","I46_CCRED_PRES_CBS","varchar(10)","NAO","",""
"Estoque / Produtos","I46","Itens das Notas de Entrada","I46_ALIQUOTA_CBS_CREDITO_PRESUMIDO","numeric(9)","NAO","",""
"Estoque / Produtos","I46","Itens das Notas de Entrada","I46_VALOR_CBS_CREDITO_PRESUMIDO","numeric(9)","NAO","","Campo monetário"
"Estoque / Produtos","I46","Itens das Notas de Entrada","I46_VALOR_IBS_MONO","numeric(9)","NAO","","Campo monetário"
"Estoque / Produtos","I46","Itens das Notas de Entrada","I46_VALOR_CBS_MONO","numeric(9)","NAO","","Campo monetário"
"Estoque / Produtos","I46","Itens das Notas de Entrada","I46_VALOR_IBS_MONO_RETENCAO","numeric(9)","NAO","","Campo monetário"
"Estoque / Produtos","I46","Itens das Notas de Entrada","I46_VALOR_CBS_MONO_RETENCAO","numeric(9)","NAO","","Campo monetário"
"Estoque / Produtos","I46","Itens das Notas de Entrada","I46_VALOR_IBS_MONO_RETIDO","numeric(9)","NAO","","Campo monetário"
"Estoque / Produtos","I46","Itens das Notas de Entrada","I46_VALOR_CBS_MONO_RETIDO","numeric(9)","NAO","","Campo monetário"
"Estoque / Produtos","I46","Itens das Notas de Entrada","I46_ALIQUOTA_CBS_MONO_DIFERIMENTO","numeric(9)","NAO","",""
"Estoque / Produtos","I46","Itens das Notas de Entrada","I46_VALOR_CBS_MONO_DIFERIMENTO","numeric(9)","NAO","","Campo monetário"
"Estoque / Produtos","I46","Itens das Notas de Entrada","I46_ALIQUOTA_IBS_MONO_DIFERIMENTO","numeric(9)","NAO","",""
"Estoque / Produtos","I46","Itens das Notas de Entrada","I46_VALOR_IBS_MONO_DIFERIMENTO","numeric(9)","NAO","","Campo monetário"
"Estoque / Produtos","I46","Itens das Notas de Entrada","I46_VALOR_IBS_TOTAL_MONO","numeric(9)","NAO","","Campo monetário"
"Estoque / Produtos","I46","Itens das Notas de Entrada","I46_VALOR_CBS_TOTAL_MONO","numeric(9)","NAO","","Campo monetário"
"Estoque / Produtos","I46","Itens das Notas de Entrada","I46_ALIQUOTA_IBS_UF_REGULAR","numeric(9)","NAO","",""
"Estoque / Produtos","I46","Itens das Notas de Entrada","I46_ALIQUOTA_IBS_MUN_REGULAR","numeric(9)","NAO","",""
"Estoque / Produtos","I46","Itens das Notas de Entrada","I46_ALIQUOTA_CBS_REGULAR","numeric(9)","NAO","",""
"Estoque / Produtos","I46","Itens das Notas de Entrada","I46_VALOR_IBS_UF_REGULAR","numeric(9)","NAO","","Campo monetário"
"Estoque / Produtos","I46","Itens das Notas de Entrada","I46_VALOR_IBS_MUN_REGULAR","numeric(9)","NAO","","Campo monetário"
"Estoque / Produtos","I46","Itens das Notas de Entrada","I46_VALOR_CBS_REGULAR","numeric(9)","NAO","","Campo monetário"
"Estoque / Produtos","I46","Itens das Notas de Entrada","I46_CST_IBS_CBS_REGULAR","varchar(10)","NAO","",""
"Estoque / Produtos","I46","Itens das Notas de Entrada","I46_CLASS_TRIB_REGULAR","varchar(10)","NAO","",""
"Estoque / Produtos","I46","Itens das Notas de Entrada","I46_ADICAO","int(4)","NAO","",""
"Estoque / Produtos","I46","Itens das Notas de Entrada","I46_ITEM_REFERENCIADO","int(4)","NAO","",""
"Comercial / Vendas / Compras","I49","Tabela do Sistema Petrus","I49_ID","int(4)","SIM","",""
"Comercial / Vendas / Compras","I49","Tabela do Sistema Petrus","S1_ID","int(4)","NAO","S1",""
"Comercial / Vendas / Compras","I49","Tabela do Sistema Petrus","I49_SELECIONE","bit(1)","NAO","",""
"Comercial / Vendas / Compras","I49","Tabela do Sistema Petrus","I49_DATA_INCLUSAO","datetime(8)","NAO","",""
"Comercial / Vendas / Compras","I49","Tabela do Sistema Petrus","I49_DATA_ALTERACAO","datetime(8)","NAO","",""
"Comercial / Vendas / Compras","I49","Tabela do Sistema Petrus","I49_DATA_BASE","datetime(8)","NAO","",""
"Comercial / Vendas / Compras","I49","Tabela do Sistema Petrus","I49_DATA_VENCIMENTO","datetime(8)","NAO","",""
"Comercial / Vendas / Compras","I49","Tabela do Sistema Petrus","I49_DESCRICAO","varchar(50)","NAO","",""
"Comercial / Vendas / Compras","I49","Tabela do Sistema Petrus","I49_PARCELA","int(4)","NAO","",""
"Comercial / Vendas / Compras","I49","Tabela do Sistema Petrus","I11_ID","int(4)","NAO","I11",""
"Comercial / Vendas / Compras","I49","Tabela do Sistema Petrus","I49_DIAS","int(4)","NAO","",""
"Comercial / Vendas / Compras","I49","Tabela do Sistema Petrus","I49_VALOR_PARCELA","numeric(9)","NAO","","Campo monetário"
"Comercial / Vendas / Compras","I49","Tabela do Sistema Petrus","I49_USUARIO_INCLUSAO","varchar(50)","NAO","",""
"Comercial / Vendas / Compras","I49","Tabela do Sistema Petrus","I49_USUARIO_ALTERACAO","varchar(50)","NAO","",""
"Comercial / Vendas / Compras","I49","Tabela do Sistema Petrus","N49_ID","int(4)","NAO","N49",""
"Comercial / Vendas / Compras","I49","Tabela do Sistema Petrus","N9_ID","int(4)","NAO","N9",""
"Comercial / Vendas / Compras","I49","Tabela do Sistema Petrus","L10_ID","int(4)","NAO","L10",""
"Comercial / Vendas / Compras","I49","Tabela do Sistema Petrus","N90_ID","int(4)","NAO","N90",""
"Comercial / Vendas / Compras","I49","Tabela do Sistema Petrus","I14_ID","int(4)","NAO","I14",""
"Comercial / Vendas / Compras","I49","Tabela do Sistema Petrus","R13_ID","int(4)","NAO","R13",""
"Comercial / Vendas / Compras","I49","Tabela do Sistema Petrus","I44_ID","int(4)","NAO","",""
"Comercial / Vendas / Compras","I49","Tabela do Sistema Petrus","R50_ID","int(4)","NAO","R50",""
"Comercial / Vendas / Compras","I49","Tabela do Sistema Petrus","I49_NUMERO_DOCUMENTO","varchar(50)","NAO","",""
"Comercial / Vendas / Compras","I5","Tabela do Sistema Petrus","I5_ID","int(4)","SIM","",""
"Comercial / Vendas / Compras","I5","Tabela do Sistema Petrus","S1_ID","int(4)","NAO","S1",""
"Comercial / Vendas / Compras","I5","Tabela do Sistema Petrus","I5_SELECIONE","bit(1)","NAO","",""
"Comercial / Vendas / Compras","I5","Tabela do Sistema Petrus","I33_ID","int(4)","NAO","I33",""
"Comercial / Vendas / Compras","I5","Tabela do Sistema Petrus","I5_DATA_INCLUSAO","datetime(8)","NAO","",""
"Comercial / Vendas / Compras","I5","Tabela do Sistema Petrus","I5_DATA_ALTERACAO","datetime(8)","NAO","",""
"Comercial / Vendas / Compras","I5","Tabela do Sistema Petrus","I5_USUARIO_INCLUSAO","varchar(50)","NAO","",""
"Comercial / Vendas / Compras","I5","Tabela do Sistema Petrus","I5_USUARIO_ALTERACAO","varchar(50)","NAO","",""
"Comercial / Vendas / Compras","I5","Tabela do Sistema Petrus","I5_BAIRRO","varchar(100)","NAO","",""
"Comercial / Vendas / Compras","I5","Tabela do Sistema Petrus","I5_CAIXA_POSTAL","varchar(10)","NAO","",""
"Comercial / Vendas / Compras","I5","Tabela do Sistema Petrus","I9_ID","int(4)","NAO","I9",""
"Comercial / Vendas / Compras","I5","Tabela do Sistema Petrus","I5_CEP","varchar(15)","NAO","",""
"Comercial / Vendas / Compras","I5","Tabela do Sistema Petrus","X4_ID","int(4)","NAO","X4",""
"Comercial / Vendas / Compras","I5","Tabela do Sistema Petrus","X6_ID","int(4)","NAO","X6",""
"Comercial / Vendas / Compras","I5","Tabela do Sistema Petrus","I5_CNPJ_CPF","varchar(20)","NAO","",""
"Comercial / Vendas / Compras","I5","Tabela do Sistema Petrus","I5_COMPLEMENTO","varchar(100)","NAO","",""
"Comercial / Vendas / Compras","I5","Tabela do Sistema Petrus","I3_ID","int(4)","NAO","I3",""
"Comercial / Vendas / Compras","I5","Tabela do Sistema Petrus","N47_ID","int(4)","NAO","N47",""
"Comercial / Vendas / Compras","I5","Tabela do Sistema Petrus","L10_ID","int(4)","NAO","L10",""
"Comercial / Vendas / Compras","I5","Tabela do Sistema Petrus","I5_DATA_ABERTURA","datetime(8)","NAO","",""
"Comercial / Vendas / Compras","I5","Tabela do Sistema Petrus","I5_DATA_BLOQUEIO","datetime(8)","NAO","",""
"Comercial / Vendas / Compras","I5","Tabela do Sistema Petrus","I5_DESCONTO","numeric(9)","NAO","",""
"Comercial / Vendas / Compras","I5","Tabela do Sistema Petrus","I5_FRETE","varchar(15)","NAO","",""
"Comercial / Vendas / Compras","I5","Tabela do Sistema Petrus","I5_IE_RG","varchar(20)","NAO","",""
"Comercial / Vendas / Compras","I5","Tabela do Sistema Petrus","I5_INSCRICAO_MUNICIPAL","varchar(20)","NAO","",""
"Comercial / Vendas / Compras","I5","Tabela do Sistema Petrus","I5_LOGRADOURO","varchar(200)","NAO","",""
"Comercial / Vendas / Compras","I5","Tabela do Sistema Petrus","X13_ID","int(4)","NAO","X13",""
"Comercial / Vendas / Compras","I5","Tabela do Sistema Petrus","I5_NOME","varchar(300)","NAO","",""
"Comercial / Vendas / Compras","I5","Tabela do Sistema Petrus","I5_NOME_FANTASIA","varchar(500)","NAO","",""
"Comercial / Vendas / Compras","I5","Tabela do Sistema Petrus","I5_NUMERO","varchar(50)","NAO","",""
"Comercial / Vendas / Compras","I5","Tabela do Sistema Petrus","I5_OBS","varchar(-1)","NAO","",""
"Comercial / Vendas / Compras","I5","Tabela do Sistema Petrus","N49_ID","int(4)","NAO","N49",""
"Comercial / Vendas / Compras","I5","Tabela do Sistema Petrus","X25_ID","int(4)","NAO","X25",""
"Comercial / Vendas / Compras","I5","Tabela do Sistema Petrus","I5_STATUS","varchar(10)","NAO","","Máquina de estados (Aberto, Fechado, etc)"
"Comercial / Vendas / Compras","I5","Tabela do Sistema Petrus","I38_ID","int(4)","NAO","I38",""
"Comercial / Vendas / Compras","I5","Tabela do Sistema Petrus","I5_TIPO_PESSOA","varchar(10)","NAO","",""
"Comercial / Vendas / Compras","I5","Tabela do Sistema Petrus","X12_ID","int(4)","NAO","X12",""
"Comercial / Vendas / Compras","I5","Tabela do Sistema Petrus","I5_EMAIL","varchar(500)","NAO","",""
"Comercial / Vendas / Compras","I5","Tabela do Sistema Petrus","I5_FONE_1","varchar(50)","NAO","",""
"Comercial / Vendas / Compras","I5","Tabela do Sistema Petrus","I5_FONE_2","varchar(50)","NAO","",""
"Comercial / Vendas / Compras","I5","Tabela do Sistema Petrus","I5_CONTATO","varchar(50)","NAO","",""
"Comercial / Vendas / Compras","I5","Tabela do Sistema Petrus","X9_ID","int(4)","NAO","X9",""
"Comercial / Vendas / Compras","I5","Tabela do Sistema Petrus","X10_ID","int(4)","NAO","X10",""
"Comercial / Vendas / Compras","I5","Tabela do Sistema Petrus","J40_ID_1","int(4)","NAO","",""
"Comercial / Vendas / Compras","I5","Tabela do Sistema Petrus","J40_ID","int(4)","NAO","J40",""
"Comercial / Vendas / Compras","I5","Tabela do Sistema Petrus","X26_ID","int(4)","NAO","X26",""
"Comercial / Vendas / Compras","I5","Tabela do Sistema Petrus","I5_IE_ISENTO","bit(1)","NAO","",""
"Comercial / Vendas / Compras","I5","Tabela do Sistema Petrus","I5_MARCADOR","varchar(50)","NAO","",""
"Comercial / Vendas / Compras","I5","Tabela do Sistema Petrus","I5_FONE_3","varchar(50)","NAO","",""
"Comercial / Vendas / Compras","I5","Tabela do Sistema Petrus","I5_DATA_INATIVACAO","datetime(8)","NAO","",""
"Comercial / Vendas / Compras","I5","Tabela do Sistema Petrus","I5_DATA_REATIVACAO","datetime(8)","NAO","",""
"Comercial / Vendas / Compras","I5","Tabela do Sistema Petrus","I5_CODIGO","varchar(50)","NAO","",""
"Comercial / Vendas / Compras","I5","Tabela do Sistema Petrus","J2_ID","int(4)","NAO","J2",""
"Comercial / Vendas / Compras","I5","Tabela do Sistema Petrus","R4_ID","int(4)","NAO","R4",""
"Comercial / Vendas / Compras","I56","Tabela do Sistema Petrus","I56_ID","int(4)","SIM","",""
"Comercial / Vendas / Compras","I56","Tabela do Sistema Petrus","S1_ID","int(4)","NAO","S1",""
"Comercial / Vendas / Compras","I56","Tabela do Sistema Petrus","I56_DESCRICAO","varchar(150)","NAO","",""
"Comercial / Vendas / Compras","I56","Tabela do Sistema Petrus","I56_SELECIONE","bit(1)","NAO","",""
"Comercial / Vendas / Compras","I56","Tabela do Sistema Petrus","I56_DATA_INCLUSAO","datetime(8)","NAO","",""
"Comercial / Vendas / Compras","I56","Tabela do Sistema Petrus","I56_DATA_ALTERACAO","datetime(8)","NAO","",""
"Comercial / Vendas / Compras","I56","Tabela do Sistema Petrus","I56_USUARIO_INCLUSAO","varchar(50)","NAO","",""
"Comercial / Vendas / Compras","I56","Tabela do Sistema Petrus","I56_USUARIO_ALTERACAO","varchar(50)","NAO","",""
"Comercial / Vendas / Compras","I56","Tabela do Sistema Petrus","I5_ID","int(4)","NAO","I5",""
"Comercial / Vendas / Compras","I56","Tabela do Sistema Petrus","I56_TIPO","varchar(50)","NAO","",""
"Comercial / Vendas / Compras","I56","Tabela do Sistema Petrus","I56_DATA","datetime(8)","NAO","",""
"Comercial / Vendas / Compras","I57","Tabela do Sistema Petrus","I5_ID","int(4)","NAO","I5",""
"Comercial / Vendas / Compras","I57","Tabela do Sistema Petrus","N47_ID","int(4)","NAO","N47",""
"Comercial / Vendas / Compras","I57","Tabela do Sistema Petrus","I57_DATA_CANCELAMENTO","datetime(8)","NAO","",""
"Comercial / Vendas / Compras","I57","Tabela do Sistema Petrus","I57_DATA_ALTERACAO","datetime(8)","NAO","",""
"Comercial / Vendas / Compras","I57","Tabela do Sistema Petrus","I57_DATA_INCLUSAO","datetime(8)","NAO","",""
"Comercial / Vendas / Compras","I57","Tabela do Sistema Petrus","I57_DATA_EMISSAO","datetime(8)","NAO","",""
"Comercial / Vendas / Compras","I57","Tabela do Sistema Petrus","I57_DESCONTO","numeric(9)","NAO","",""
"Comercial / Vendas / Compras","I57","Tabela do Sistema Petrus","S1_ID","int(4)","NAO","S1",""
"Comercial / Vendas / Compras","I57","Tabela do Sistema Petrus","I57_FRETE","varchar(15)","NAO","",""
"Comercial / Vendas / Compras","I57","Tabela do Sistema Petrus","I57_ID","int(4)","SIM","",""
"Comercial / Vendas / Compras","I57","Tabela do Sistema Petrus","X13_ID","int(4)","NAO","X13",""
"Comercial / Vendas / Compras","I57","Tabela do Sistema Petrus","I57_OBS","varchar(-1)","NAO","",""
"Comercial / Vendas / Compras","I57","Tabela do Sistema Petrus","I57_ORDEM_COMPRA","int(4)","NAO","",""
"Comercial / Vendas / Compras","I57","Tabela do Sistema Petrus","I57_PECAS","numeric(9)","NAO","",""
"Comercial / Vendas / Compras","I57","Tabela do Sistema Petrus","I57_PESO_BRUTO","numeric(9)","NAO","",""
"Comercial / Vendas / Compras","I57","Tabela do Sistema Petrus","I57_PESO_LIQUIDO","numeric(9)","NAO","",""
"Comercial / Vendas / Compras","I57","Tabela do Sistema Petrus","I57_SELECIONE","bit(1)","NAO","",""
"Comercial / Vendas / Compras","I57","Tabela do Sistema Petrus","I57_STATUS","varchar(15)","NAO","","Máquina de estados (Aberto, Fechado, etc)"
"Comercial / Vendas / Compras","I57","Tabela do Sistema Petrus","I57_SUBTOTAL","numeric(9)","NAO","",""
"Comercial / Vendas / Compras","I57","Tabela do Sistema Petrus","I38_ID","int(4)","NAO","I38",""
"Comercial / Vendas / Compras","I57","Tabela do Sistema Petrus","J2_ID","int(4)","NAO","J2",""
"Comercial / Vendas / Compras","I57","Tabela do Sistema Petrus","I57_USUARIO_ALTERACAO","varchar(50)","NAO","",""
"Comercial / Vendas / Compras","I57","Tabela do Sistema Petrus","I57_USUARIO_INCLUSAO","varchar(50)","NAO","",""
"Comercial / Vendas / Compras","I57","Tabela do Sistema Petrus","I57_VALOR_DESCONTO","numeric(9)","NAO","","Campo monetário"
"Comercial / Vendas / Compras","I57","Tabela do Sistema Petrus","I57_VALOR_FRETE","numeric(9)","NAO","","Campo monetário"
"Comercial / Vendas / Compras","I57","Tabela do Sistema Petrus","I57_VALOR_TOTAL","numeric(9)","NAO","","Campo monetário"
"Comercial / Vendas / Compras","I57","Tabela do Sistema Petrus","I3_ID","int(4)","NAO","I3",""
"Comercial / Vendas / Compras","I57","Tabela do Sistema Petrus","I57_VOLUMES","numeric(9)","NAO","",""
"Comercial / Vendas / Compras","I57","Tabela do Sistema Petrus","I57_LOGRADOURO","varchar(200)","NAO","",""
"Comercial / Vendas / Compras","I57","Tabela do Sistema Petrus","I57_NUMERO","varchar(50)","NAO","",""
"Comercial / Vendas / Compras","I57","Tabela do Sistema Petrus","I57_BAIRRO","varchar(100)","NAO","",""
"Comercial / Vendas / Compras","I57","Tabela do Sistema Petrus","I57_COMPLEMENTO","varchar(100)","NAO","",""
"Comercial / Vendas / Compras","I57","Tabela do Sistema Petrus","X4_ID","int(4)","NAO","X4",""
"Comercial / Vendas / Compras","I57","Tabela do Sistema Petrus","X12_ID","int(4)","NAO","X12",""
"Comercial / Vendas / Compras","I57","Tabela do Sistema Petrus","I57_CNPJ_CPF","varchar(20)","NAO","",""
"Comercial / Vendas / Compras","I57","Tabela do Sistema Petrus","I57_CEP","varchar(20)","NAO","",""
"Comercial / Vendas / Compras","I57","Tabela do Sistema Petrus","I57_EMAIL","varchar(500)","NAO","",""
"Comercial / Vendas / Compras","I57","Tabela do Sistema Petrus","I57_FONE_1","varchar(20)","NAO","",""
"Comercial / Vendas / Compras","I57","Tabela do Sistema Petrus","I57_IE_RG","varchar(20)","NAO","",""
"Comercial / Vendas / Compras","I57","Tabela do Sistema Petrus","I57_REMETENTE","varchar(300)","NAO","",""
"Comercial / Vendas / Compras","I57","Tabela do Sistema Petrus","I57_NOME_1","varchar(300)","NAO","",""
"Comercial / Vendas / Compras","I57","Tabela do Sistema Petrus","I57_CNPJ_CPF_1","varchar(20)","NAO","",""
"Comercial / Vendas / Compras","I57","Tabela do Sistema Petrus","I57_ENDERECO_1","varchar(150)","NAO","",""
"Comercial / Vendas / Compras","I57","Tabela do Sistema Petrus","X4_ID_1","int(4)","NAO","",""
"Comercial / Vendas / Compras","I57","Tabela do Sistema Petrus","X12_ID_1","int(4)","NAO","",""
"Comercial / Vendas / Compras","I57","Tabela do Sistema Petrus","I57_IE_RG_1","varchar(20)","NAO","",""
"Comercial / Vendas / Compras","I57","Tabela do Sistema Petrus","I57_PLACA_1","varchar(20)","NAO","",""
"Comercial / Vendas / Compras","I57","Tabela do Sistema Petrus","X12_ID_2","int(4)","NAO","",""
"Comercial / Vendas / Compras","I57","Tabela do Sistema Petrus","I57_ESPECIE","varchar(20)","NAO","",""
"Comercial / Vendas / Compras","I57","Tabela do Sistema Petrus","I57_TELEFONE_1","varchar(20)","NAO","",""
"Comercial / Vendas / Compras","I57","Tabela do Sistema Petrus","I57_FONE_2","varchar(20)","NAO","",""
"Comercial / Vendas / Compras","I57","Tabela do Sistema Petrus","I57_FONE_3","varchar(20)","NAO","",""
"Comercial / Vendas / Compras","I57","Tabela do Sistema Petrus","X4_ID_2","int(4)","NAO","",""
"Comercial / Vendas / Compras","I57","Tabela do Sistema Petrus","I57_CNPJ_CPF_2","varchar(20)","NAO","",""
"Comercial / Vendas / Compras","I57","Tabela do Sistema Petrus","I57_ENDERECO_2","varchar(150)","NAO","",""
"Comercial / Vendas / Compras","I57","Tabela do Sistema Petrus","I57_IE_RG_2","varchar(20)","NAO","",""
"Comercial / Vendas / Compras","I57","Tabela do Sistema Petrus","I57_NOME_2","varchar(300)","NAO","",""
"Comercial / Vendas / Compras","I57","Tabela do Sistema Petrus","J2_ID_1","int(4)","NAO","",""
"Comercial / Vendas / Compras","I57","Tabela do Sistema Petrus","I57_TELEFONE_2","varchar(20)","NAO","",""
"Comercial / Vendas / Compras","I57","Tabela do Sistema Petrus","X12_ID_3","int(4)","NAO","",""
"Comercial / Vendas / Compras","I57","Tabela do Sistema Petrus","I57_NRO_DOCUMENTO","int(4)","NAO","",""
"Comercial / Vendas / Compras","I57","Tabela do Sistema Petrus","I57_BASE_ICMS","numeric(9)","NAO","",""
"Comercial / Vendas / Compras","I57","Tabela do Sistema Petrus","I57_BASE_ICMS_ST","numeric(9)","NAO","",""
"Comercial / Vendas / Compras","I57","Tabela do Sistema Petrus","I57_BASE_IPI","numeric(9)","NAO","",""
"Comercial / Vendas / Compras","I57","Tabela do Sistema Petrus","I57_VALOR_ICMS","numeric(9)","NAO","","Campo monetário"
"Comercial / Vendas / Compras","I57","Tabela do Sistema Petrus","I57_VALOR_ICMS_ST","numeric(9)","NAO","","Campo monetário"
"Comercial / Vendas / Compras","I57","Tabela do Sistema Petrus","I57_VALOR_IPI","numeric(9)","NAO","","Campo monetário"
"Comercial / Vendas / Compras","I57","Tabela do Sistema Petrus","I57_VALOR_OUTRAS_DESPESAS","numeric(9)","NAO","","Campo monetário"
"Comercial / Vendas / Compras","I57","Tabela do Sistema Petrus","I57_VALOR_SEGURO","numeric(9)","NAO","","Campo monetário"
"Comercial / Vendas / Compras","I57","Tabela do Sistema Petrus","I57_BASE_COFINS","numeric(9)","NAO","",""
"Comercial / Vendas / Compras","I57","Tabela do Sistema Petrus","I57_VALOR_COFINS","numeric(9)","NAO","","Campo monetário"
"Comercial / Vendas / Compras","I57","Tabela do Sistema Petrus","I57_BASE_PIS","numeric(9)","NAO","",""
"Comercial / Vendas / Compras","I57","Tabela do Sistema Petrus","I57_VALOR_PIS","numeric(9)","NAO","","Campo monetário"
"Comercial / Vendas / Compras","I57","Tabela do Sistema Petrus","A3_ID","int(4)","NAO","A3",""
"Comercial / Vendas / Compras","I57","Tabela do Sistema Petrus","I14_ID","int(4)","NAO","I14",""
"Comercial / Vendas / Compras","I57","Tabela do Sistema Petrus","I57_VALOR_RESIDUAL","numeric(9)","NAO","","Campo monetário"
"Comercial / Vendas / Compras","I57","Tabela do Sistema Petrus","I57_DATA_APROVACAO","datetime(8)","NAO","",""
"Comercial / Vendas / Compras","I57","Tabela do Sistema Petrus","I57_DATA_CONCLUSAO","datetime(8)","NAO","",""
"Comercial / Vendas / Compras","I57","Tabela do Sistema Petrus","L10_ID","int(4)","NAO","L10",""
"Comercial / Vendas / Compras","I57","Tabela do Sistema Petrus","J40_ID","int(4)","NAO","J40",""
"Comercial / Vendas / Compras","I57","Tabela do Sistema Petrus","I57_BASE_IS","numeric(9)","NAO","",""
"Comercial / Vendas / Compras","I57","Tabela do Sistema Petrus","I57_VALOR_IS","numeric(9)","NAO","","Campo monetário"
"Comercial / Vendas / Compras","I57","Tabela do Sistema Petrus","I57_BASE_IBS_CBS","numeric(9)","NAO","",""
"Comercial / Vendas / Compras","I57","Tabela do Sistema Petrus","I57_VALOR_CBS","numeric(9)","NAO","","Campo monetário"
"Comercial / Vendas / Compras","I57","Tabela do Sistema Petrus","I57_VALOR_IBS_UF","numeric(9)","NAO","","Campo monetário"
"Comercial / Vendas / Compras","I57","Tabela do Sistema Petrus","I57_VALOR_IBS_MUN","numeric(9)","NAO","","Campo monetário"
"Comercial / Vendas / Compras","I57","Tabela do Sistema Petrus","I57_VALOR_IBS_CREDITO_PRESUMIDO","numeric(9)","NAO","","Campo monetário"
"Comercial / Vendas / Compras","I57","Tabela do Sistema Petrus","I57_VALOR_IBS_UF_DIFERIMENTO","numeric(9)","NAO","","Campo monetário"
"Comercial / Vendas / Compras","I57","Tabela do Sistema Petrus","I57_VALOR_IBS_UF_DEV_TRIB","numeric(9)","NAO","","Campo monetário"
"Comercial / Vendas / Compras","I57","Tabela do Sistema Petrus","I57_VALOR_IBS_MUN_DIFERIMENTO","numeric(9)","NAO","","Campo monetário"
"Comercial / Vendas / Compras","I57","Tabela do Sistema Petrus","I57_VALOR_IBS_MUN_DEV_TRIB","numeric(9)","NAO","","Campo monetário"
"Comercial / Vendas / Compras","I57","Tabela do Sistema Petrus","I57_VALOR_CBS_CREDITO_PRESUMIDO","numeric(9)","NAO","","Campo monetário"
"Comercial / Vendas / Compras","I57","Tabela do Sistema Petrus","I57_VALOR_CBS_DIFERIMENTO","numeric(9)","NAO","","Campo monetário"
"Comercial / Vendas / Compras","I57","Tabela do Sistema Petrus","I57_VALOR_CBS_DEV_TRIB","numeric(9)","NAO","","Campo monetário"
"Comercial / Vendas / Compras","I57","Tabela do Sistema Petrus","I57_VALOR_CBS_MONO","numeric(9)","NAO","","Campo monetário"
"Comercial / Vendas / Compras","I57","Tabela do Sistema Petrus","I57_VALOR_IBS_MONO","numeric(9)","NAO","","Campo monetário"
"Comercial / Vendas / Compras","I57","Tabela do Sistema Petrus","I57_VALOR_CBS_MONO_RETIDO","numeric(9)","NAO","","Campo monetário"
"Comercial / Vendas / Compras","I57","Tabela do Sistema Petrus","I57_VALOR_IBS_MONO_RETIDO","numeric(9)","NAO","","Campo monetário"
"Comercial / Vendas / Compras","I57","Tabela do Sistema Petrus","I57_VALOR_CBS_MONO_RETENCAO","numeric(9)","NAO","","Campo monetário"
"Comercial / Vendas / Compras","I57","Tabela do Sistema Petrus","I57_VALOR_IBS_MONO_RETENCAO","numeric(9)","NAO","","Campo monetário"
"Comercial / Vendas / Compras","I57","Tabela do Sistema Petrus","R13_ID","int(4)","NAO","R13",""
"Comercial / Vendas / Compras","I57","Tabela do Sistema Petrus","I57_ORIGEM","varchar(15)","NAO","",""
"Estoque / Produtos","I58","Tabela do Sistema Petrus","I58_CUBAGEM","numeric(9)","NAO","",""
"Estoque / Produtos","I58","Tabela do Sistema Petrus","I58_PESO_BRUTO","numeric(9)","NAO","",""
"Estoque / Produtos","I58","Tabela do Sistema Petrus","I58_PESO_LIQUIDO","numeric(9)","NAO","",""
"Estoque / Produtos","I58","Tabela do Sistema Petrus","I58_QTD","numeric(9)","NAO","",""
"Estoque / Produtos","I58","Tabela do Sistema Petrus","I58_QTD_EMB","numeric(9)","NAO","",""
"Estoque / Produtos","I58","Tabela do Sistema Petrus","I58_SUBTOTAL","numeric(9)","NAO","",""
"Estoque / Produtos","I58","Tabela do Sistema Petrus","I58_VALOR_TOTAL","numeric(9)","NAO","","Campo monetário"
"Estoque / Produtos","I58","Tabela do Sistema Petrus","I58_VALOR_UNITARIO","numeric(9)","NAO","","Campo monetário"
"Estoque / Produtos","I58","Tabela do Sistema Petrus","I58_VOLUME","numeric(9)","NAO","",""
"Estoque / Produtos","I58","Tabela do Sistema Petrus","I58_DESCONTO","numeric(9)","NAO","",""
"Estoque / Produtos","I58","Tabela do Sistema Petrus","I58_NCM","varchar(15)","NAO","",""
"Estoque / Produtos","I58","Tabela do Sistema Petrus","I58_PRODUTO","varchar(50)","NAO","",""
"Estoque / Produtos","I58","Tabela do Sistema Petrus","I58_UN","varchar(50)","NAO","",""
"Estoque / Produtos","I58","Tabela do Sistema Petrus","I58_CFOP","int(4)","NAO","",""
"Estoque / Produtos","I58","Tabela do Sistema Petrus","I58_ID","int(4)","SIM","",""
"Estoque / Produtos","I58","Tabela do Sistema Petrus","I58_SELECIONE","bit(1)","NAO","",""
"Estoque / Produtos","I58","Tabela do Sistema Petrus","I58_DATA_INCLUSAO","datetime(8)","NAO","",""
"Estoque / Produtos","I58","Tabela do Sistema Petrus","I58_DATA_ALTERACAO","datetime(8)","NAO","",""
"Estoque / Produtos","I58","Tabela do Sistema Petrus","I58_USUARIO_INCLUSAO","varchar(50)","NAO","",""
"Estoque / Produtos","I58","Tabela do Sistema Petrus","I58_USUARIO_ALTERACAO","varchar(50)","NAO","",""
"Estoque / Produtos","I58","Tabela do Sistema Petrus","S1_ID","int(4)","NAO","S1",""
"Estoque / Produtos","I58","Tabela do Sistema Petrus","I58_EAN13_GTIN","varchar(15)","NAO","",""
"Estoque / Produtos","I58","Tabela do Sistema Petrus","I58_DESCRICAO","varchar(300)","NAO","",""
"Estoque / Produtos","I58","Tabela do Sistema Petrus","I58_ITEM","int(4)","NAO","",""
"Estoque / Produtos","I58","Tabela do Sistema Petrus","I58_VALOR_PROPOSTO","numeric(9)","NAO","","Campo monetário"
"Estoque / Produtos","I58","Tabela do Sistema Petrus","I58_VALOR_SUGERIDO","numeric(9)","NAO","","Campo monetário"
"Estoque / Produtos","I58","Tabela do Sistema Petrus","I58_ORIGEM","varchar(150)","NAO","",""
"Estoque / Produtos","I58","Tabela do Sistema Petrus","I58_CEST","varchar(20)","NAO","",""
"Estoque / Produtos","I58","Tabela do Sistema Petrus","G6_ID","int(4)","NAO","G6",""
"Estoque / Produtos","I58","Tabela do Sistema Petrus","I58_VALOR_DESCONTO","numeric(9)","NAO","","Campo monetário"
"Estoque / Produtos","I58","Tabela do Sistema Petrus","G17_ID","int(4)","NAO","G17",""
"Estoque / Produtos","I58","Tabela do Sistema Petrus","I57_ID","int(4)","NAO","I57",""
"Estoque / Produtos","I58","Tabela do Sistema Petrus","I43_ID","int(4)","NAO","I43",""
"Estoque / Produtos","I58","Tabela do Sistema Petrus","I58_VALOR_FRETE","numeric(9)","NAO","","Campo monetário"
"Estoque / Produtos","I58","Tabela do Sistema Petrus","I58_VALOR_SEGURO","numeric(9)","NAO","","Campo monetário"
"Estoque / Produtos","I58","Tabela do Sistema Petrus","I58_VALOR_OUTRAS_DESPESAS","numeric(9)","NAO","","Campo monetário"
"Estoque / Produtos","I58","Tabela do Sistema Petrus","I58_ALIQUOTA_IPI","numeric(9)","NAO","",""
"Estoque / Produtos","I58","Tabela do Sistema Petrus","I58_VALOR_IPI","numeric(9)","NAO","","Campo monetário"
"Estoque / Produtos","I58","Tabela do Sistema Petrus","I58_ALIQUOTA_ICMS","numeric(9)","NAO","",""
"Estoque / Produtos","I58","Tabela do Sistema Petrus","I58_ALIQUOTA_ICMS_ST","numeric(9)","NAO","",""
"Estoque / Produtos","I58","Tabela do Sistema Petrus","I58_BASE_ICMS","numeric(9)","NAO","",""
"Estoque / Produtos","I58","Tabela do Sistema Petrus","I58_BASE_ICMS_ST","numeric(9)","NAO","",""
"Estoque / Produtos","I58","Tabela do Sistema Petrus","I58_BASE_IPI","numeric(9)","NAO","",""
"Estoque / Produtos","I58","Tabela do Sistema Petrus","I58_VALOR_ICMS","numeric(9)","NAO","","Campo monetário"
"Estoque / Produtos","I58","Tabela do Sistema Petrus","I58_VALOR_ICMS_ST","numeric(9)","NAO","","Campo monetário"
"Estoque / Produtos","I58","Tabela do Sistema Petrus","I58_CSOSN","varchar(10)","NAO","",""
"Estoque / Produtos","I58","Tabela do Sistema Petrus","I58_CST_ICMS","varchar(10)","NAO","",""
"Estoque / Produtos","I58","Tabela do Sistema Petrus","I58_CST_IPI","varchar(10)","NAO","",""
"Estoque / Produtos","I58","Tabela do Sistema Petrus","I58_CST_COFINS","varchar(10)","NAO","",""
"Estoque / Produtos","I58","Tabela do Sistema Petrus","I58_CST_PIS","varchar(10)","NAO","",""
"Estoque / Produtos","I58","Tabela do Sistema Petrus","I58_MODALIDADE_BASE","varchar(50)","NAO","",""
"Estoque / Produtos","I58","Tabela do Sistema Petrus","I58_MODALIDADE_BASE_ST","varchar(50)","NAO","",""
"Estoque / Produtos","I58","Tabela do Sistema Petrus","I58_BASE_COFINS","numeric(9)","NAO","",""
"Estoque / Produtos","I58","Tabela do Sistema Petrus","I58_ALIQUOTA_COFINS","numeric(9)","NAO","",""
"Estoque / Produtos","I58","Tabela do Sistema Petrus","I58_VALOR_COFINS","numeric(9)","NAO","","Campo monetário"
"Estoque / Produtos","I58","Tabela do Sistema Petrus","I58_BASE_PIS","numeric(9)","NAO","",""
"Estoque / Produtos","I58","Tabela do Sistema Petrus","I58_ALIQUOTA_PIS","numeric(9)","NAO","",""
"Estoque / Produtos","I58","Tabela do Sistema Petrus","I58_VALOR_PIS","numeric(9)","NAO","","Campo monetário"
"Estoque / Produtos","I58","Tabela do Sistema Petrus","I58_ALIQUOTA_APLICAVEL_CREDITO","numeric(9)","NAO","",""
"Estoque / Produtos","I58","Tabela do Sistema Petrus","I58_VALOR_CREDITO_ICMS","numeric(9)","NAO","","Campo monetário"
"Estoque / Produtos","I58","Tabela do Sistema Petrus","I58_ENQ_IPI","int(4)","NAO","",""
"Estoque / Produtos","I58","Tabela do Sistema Petrus","I58_VALOR_CUSTO","numeric(9)","NAO","","Campo monetário"
"Estoque / Produtos","I58","Tabela do Sistema Petrus","R49_ID","int(4)","NAO","R49",""
"Estoque / Produtos","I58","Tabela do Sistema Petrus","R13_ID","int(4)","NAO","R13",""
"Estoque / Produtos","I58","Tabela do Sistema Petrus","I58_ALIQUOTA_IS","numeric(9)","NAO","",""
"Estoque / Produtos","I58","Tabela do Sistema Petrus","I58_VALOR_IS","numeric(9)","NAO","","Campo monetário"
"Estoque / Produtos","I58","Tabela do Sistema Petrus","I58_BASE_IS","numeric(9)","NAO","",""
"Estoque / Produtos","I58","Tabela do Sistema Petrus","I58_CST_IS","varchar(10)","NAO","",""
"Estoque / Produtos","I58","Tabela do Sistema Petrus","I58_ALIQUOTA_CBS","numeric(9)","NAO","",""
"Estoque / Produtos","I58","Tabela do Sistema Petrus","I58_VALOR_CBS","numeric(9)","NAO","","Campo monetário"
"Estoque / Produtos","I58","Tabela do Sistema Petrus","I58_BASE_IBS_CBS","numeric(9)","NAO","",""
"Estoque / Produtos","I58","Tabela do Sistema Petrus","I58_CST_IBS_CBS","varchar(10)","NAO","",""
"Estoque / Produtos","I58","Tabela do Sistema Petrus","I58_ALIQUOTA_IBS_UF","numeric(9)","NAO","",""
"Estoque / Produtos","I58","Tabela do Sistema Petrus","I58_VALOR_IBS_UF","numeric(9)","NAO","","Campo monetário"
"Estoque / Produtos","I58","Tabela do Sistema Petrus","I58_ALIQUOTA_IBS_MUN","numeric(9)","NAO","",""
"Estoque / Produtos","I58","Tabela do Sistema Petrus","I58_VALOR_IBS_MUN","numeric(9)","NAO","","Campo monetário"
"Estoque / Produtos","I58","Tabela do Sistema Petrus","I58_CLASS_TRIB","varchar(10)","NAO","",""
"Estoque / Produtos","I58","Tabela do Sistema Petrus","I58_ALIQUOTA_IBS_UF_DIFERIMENTO","numeric(9)","NAO","",""
"Estoque / Produtos","I58","Tabela do Sistema Petrus","I58_VALOR_IBS_UF_DIFERIMENTO","numeric(9)","NAO","","Campo monetário"
"Estoque / Produtos","I58","Tabela do Sistema Petrus","I58_ALIQUOTA_IBS_MUN_DIFERIMENTO","numeric(9)","NAO","",""
"Estoque / Produtos","I58","Tabela do Sistema Petrus","I58_VALOR_IBS_MUN_DIFERIMENTO","numeric(9)","NAO","","Campo monetário"
"Estoque / Produtos","I58","Tabela do Sistema Petrus","I58_ALIQUOTA_IBS_UF_EFETIVA","numeric(9)","NAO","",""
"Estoque / Produtos","I58","Tabela do Sistema Petrus","I58_ALIQUOTA_IBS_UF_REDUCAO","numeric(9)","NAO","",""
"Estoque / Produtos","I58","Tabela do Sistema Petrus","I58_ALIQUOTA_IBS_MUN_EFETIVA","numeric(9)","NAO","",""
"Estoque / Produtos","I58","Tabela do Sistema Petrus","I58_ALIQUOTA_IBS_MUN_REDUCAO","numeric(9)","NAO","",""
"Estoque / Produtos","I58","Tabela do Sistema Petrus","I58_VALOR_IBS_UF_DEV_TRIB","numeric(9)","NAO","","Campo monetário"
"Estoque / Produtos","I58","Tabela do Sistema Petrus","I58_VALOR_IBS_MUN_DEV_TRIB","numeric(9)","NAO","","Campo monetário"
"Estoque / Produtos","I58","Tabela do Sistema Petrus","I58_ALIQUOTA_CBS_DIFERIMENTO","numeric(9)","NAO","",""
"Estoque / Produtos","I58","Tabela do Sistema Petrus","I58_VALOR_CBS_DIFERIMENTO","numeric(9)","NAO","","Campo monetário"
"Estoque / Produtos","I58","Tabela do Sistema Petrus","I58_VALOR_CBS_DEV_TRIB","numeric(9)","NAO","","Campo monetário"
"Estoque / Produtos","I58","Tabela do Sistema Petrus","I58_ALIQUOTA_CBS_EFETIVA","numeric(9)","NAO","",""
"Estoque / Produtos","I58","Tabela do Sistema Petrus","I58_ALIQUOTA_CBS_REDUCAO","numeric(9)","NAO","",""
"Estoque / Produtos","I58","Tabela do Sistema Petrus","I58_CCRED_PRES_IBS","varchar(10)","NAO","",""
"Estoque / Produtos","I58","Tabela do Sistema Petrus","I58_ALIQUOTA_IBS_CREDITO_PRESUMIDO","numeric(9)","NAO","",""
"Estoque / Produtos","I58","Tabela do Sistema Petrus","I58_VALOR_IBS_CREDITO_PRESUMIDO","numeric(9)","NAO","","Campo monetário"
"Estoque / Produtos","I58","Tabela do Sistema Petrus","I58_CCRED_PRES_CBS","varchar(10)","NAO","",""
"Estoque / Produtos","I58","Tabela do Sistema Petrus","I58_ALIQUOTA_CBS_CREDITO_PRESUMIDO","numeric(9)","NAO","",""
"Estoque / Produtos","I58","Tabela do Sistema Petrus","I58_VALOR_CBS_CREDITO_PRESUMIDO","numeric(9)","NAO","","Campo monetário"
"Estoque / Produtos","I58","Tabela do Sistema Petrus","I58_VALOR_IBS_MONO","numeric(9)","NAO","","Campo monetário"
"Estoque / Produtos","I58","Tabela do Sistema Petrus","I58_VALOR_CBS_MONO","numeric(9)","NAO","","Campo monetário"
"Estoque / Produtos","I58","Tabela do Sistema Petrus","I58_VALOR_IBS_MONO_RETENCAO","numeric(9)","NAO","","Campo monetário"
"Estoque / Produtos","I58","Tabela do Sistema Petrus","I58_VALOR_CBS_MONO_RETENCAO","numeric(9)","NAO","","Campo monetário"
"Estoque / Produtos","I58","Tabela do Sistema Petrus","I58_VALOR_IBS_MONO_RETIDO","numeric(9)","NAO","","Campo monetário"
"Estoque / Produtos","I58","Tabela do Sistema Petrus","I58_VALOR_CBS_MONO_RETIDO","numeric(9)","NAO","","Campo monetário"
"Estoque / Produtos","I58","Tabela do Sistema Petrus","I58_ALIQUOTA_CBS_MONO_DIFERIMENTO","numeric(9)","NAO","",""
"Estoque / Produtos","I58","Tabela do Sistema Petrus","I58_VALOR_CBS_MONO_DIFERIMENTO","numeric(9)","NAO","","Campo monetário"
"Estoque / Produtos","I58","Tabela do Sistema Petrus","I58_ALIQUOTA_IBS_MONO_DIFERIMENTO","numeric(9)","NAO","",""
"Estoque / Produtos","I58","Tabela do Sistema Petrus","I58_VALOR_IBS_MONO_DIFERIMENTO","numeric(9)","NAO","","Campo monetário"
"Estoque / Produtos","I58","Tabela do Sistema Petrus","I58_VALOR_IBS_TOTAL_MONO","numeric(9)","NAO","","Campo monetário"
"Estoque / Produtos","I58","Tabela do Sistema Petrus","I58_VALOR_CBS_TOTAL_MONO","numeric(9)","NAO","","Campo monetário"
"Estoque / Produtos","I58","Tabela do Sistema Petrus","I58_ALIQUOTA_IBS_UF_REGULAR","numeric(9)","NAO","",""
"Estoque / Produtos","I58","Tabela do Sistema Petrus","I58_ALIQUOTA_IBS_MUN_REGULAR","numeric(9)","NAO","",""
"Estoque / Produtos","I58","Tabela do Sistema Petrus","I58_ALIQUOTA_CBS_REGULAR","numeric(9)","NAO","",""
"Estoque / Produtos","I58","Tabela do Sistema Petrus","I58_VALOR_IBS_UF_REGULAR","numeric(9)","NAO","","Campo monetário"
"Estoque / Produtos","I58","Tabela do Sistema Petrus","I58_VALOR_IBS_MUN_REGULAR","numeric(9)","NAO","","Campo monetário"
"Estoque / Produtos","I58","Tabela do Sistema Petrus","I58_VALOR_CBS_REGULAR","numeric(9)","NAO","","Campo monetário"
"Estoque / Produtos","I58","Tabela do Sistema Petrus","I58_CST_IBS_CBS_REGULAR","varchar(10)","NAO","",""
"Estoque / Produtos","I58","Tabela do Sistema Petrus","I58_CLASS_TRIB_REGULAR","varchar(10)","NAO","",""
"Comercial / Vendas / Compras","I59","Tabela do Sistema Petrus","I59_ID","int(4)","SIM","",""
"Comercial / Vendas / Compras","I59","Tabela do Sistema Petrus","S1_ID","int(4)","NAO","S1",""
"Comercial / Vendas / Compras","I59","Tabela do Sistema Petrus","I59_SELECIONE","bit(1)","NAO","",""
"Comercial / Vendas / Compras","I59","Tabela do Sistema Petrus","I59_DATA_INCLUSAO","datetime(8)","NAO","",""
"Comercial / Vendas / Compras","I59","Tabela do Sistema Petrus","I59_DATA_ALTERACAO","datetime(8)","NAO","",""
"Comercial / Vendas / Compras","I59","Tabela do Sistema Petrus","I59_DATA_BASE","datetime(8)","NAO","",""
"Comercial / Vendas / Compras","I59","Tabela do Sistema Petrus","I59_DATA_VENCIMENTO","datetime(8)","NAO","",""
"Comercial / Vendas / Compras","I59","Tabela do Sistema Petrus","I57_ID","int(4)","NAO","I57",""
"Comercial / Vendas / Compras","I59","Tabela do Sistema Petrus","I59_DIAS","int(4)","NAO","",""
"Comercial / Vendas / Compras","I59","Tabela do Sistema Petrus","I59_VALOR_PARCELA","numeric(9)","NAO","","Campo monetário"
"Comercial / Vendas / Compras","I59","Tabela do Sistema Petrus","I59_USUARIO_INCLUSAO","varchar(50)","NAO","",""
"Comercial / Vendas / Compras","I59","Tabela do Sistema Petrus","I59_USUARIO_ALTERACAO","varchar(50)","NAO","",""
"Comercial / Vendas / Compras","I59","Tabela do Sistema Petrus","N49_ID","int(4)","NAO","N49",""
"Comercial / Vendas / Compras","I59","Tabela do Sistema Petrus","N9_ID","int(4)","NAO","N9",""
"Comercial / Vendas / Compras","I59","Tabela do Sistema Petrus","L10_ID","int(4)","NAO","L10",""
"Comercial / Vendas / Compras","I59","Tabela do Sistema Petrus","N90_ID","int(4)","NAO","N90",""
"Comercial / Vendas / Compras","I59","Tabela do Sistema Petrus","I59_PARCELA","int(4)","NAO","",""
"Comercial / Vendas / Compras","I59","Tabela do Sistema Petrus","I14_ID","int(4)","NAO","I14",""
"Comercial / Vendas / Compras","I59","Tabela do Sistema Petrus","R13_ID","int(4)","NAO","R13",""
"Comercial / Vendas / Compras","I59","Tabela do Sistema Petrus","I44_ID","int(4)","NAO","",""
"Comercial / Vendas / Compras","I59","Tabela do Sistema Petrus","R50_ID","int(4)","NAO","R50",""
"Comercial / Vendas / Compras","I59","Tabela do Sistema Petrus","I59_DESCRICAO","varchar(50)","NAO","",""
"Comercial / Vendas / Compras","I59","Tabela do Sistema Petrus","I59_NUMERO_DOCUMENTO","varchar(50)","NAO","",""
"Comercial / Vendas / Compras","I70","Tabela do Sistema Petrus","I70_ID","int(4)","SIM","",""
"Comercial / Vendas / Compras","I70","Tabela do Sistema Petrus","S1_ID","int(4)","NAO","S1",""
"Comercial / Vendas / Compras","I70","Tabela do Sistema Petrus","I70_SELECIONE","bit(1)","NAO","",""
"Comercial / Vendas / Compras","I70","Tabela do Sistema Petrus","I70_DATA_INCLUSAO","datetime(8)","NAO","",""
"Comercial / Vendas / Compras","I70","Tabela do Sistema Petrus","I70_DATA_ALTERACAO","datetime(8)","NAO","",""
"Comercial / Vendas / Compras","I70","Tabela do Sistema Petrus","I70_USUARIO_INCLUSAO","varchar(50)","NAO","",""
"Comercial / Vendas / Compras","I70","Tabela do Sistema Petrus","I70_USUARIO_ALTERACAO","varchar(50)","NAO","",""
"Comercial / Vendas / Compras","I70","Tabela do Sistema Petrus","I70_DATA_EMISSAO","datetime(8)","NAO","",""
"Comercial / Vendas / Compras","I70","Tabela do Sistema Petrus","A3_ID","int(4)","NAO","A3",""
"Comercial / Vendas / Compras","I70","Tabela do Sistema Petrus","I70_STATUS","varchar(20)","NAO","","Máquina de estados (Aberto, Fechado, etc)"
"Comercial / Vendas / Compras","I70","Tabela do Sistema Petrus","G6_ID","int(4)","NAO","G6",""
"Comercial / Vendas / Compras","I70","Tabela do Sistema Petrus","I70_QTD","numeric(9)","NAO","",""
"Comercial / Vendas / Compras","I70","Tabela do Sistema Petrus","I70_DATA_APROVACAO","datetime(8)","NAO","",""
"Comercial / Vendas / Compras","I70","Tabela do Sistema Petrus","I70_DATA_CANCELAMENTO","datetime(8)","NAO","",""
"Comercial / Vendas / Compras","I70","Tabela do Sistema Petrus","I70_OBS","varchar(-1)","NAO","",""
"Comercial / Vendas / Compras","I70","Tabela do Sistema Petrus","I13_ID","int(4)","NAO","I13",""
"Comercial / Vendas / Compras","I72","Tabela do Sistema Petrus","I72_ID","int(4)","SIM","",""
"Comercial / Vendas / Compras","I72","Tabela do Sistema Petrus","S1_ID","int(4)","NAO","S1",""
"Comercial / Vendas / Compras","I72","Tabela do Sistema Petrus","I72_SELECIONE","bit(1)","NAO","",""
"Comercial / Vendas / Compras","I72","Tabela do Sistema Petrus","I72_DATA_INCLUSAO","datetime(8)","NAO","",""
"Comercial / Vendas / Compras","I72","Tabela do Sistema Petrus","I72_DATA_ALTERACAO","datetime(8)","NAO","",""
"Comercial / Vendas / Compras","I72","Tabela do Sistema Petrus","I72_USUARIO_INCLUSAO","varchar(50)","NAO","",""
"Comercial / Vendas / Compras","I72","Tabela do Sistema Petrus","I72_USUARIO_ALTERACAO","varchar(50)","NAO","",""
"Comercial / Vendas / Compras","I72","Tabela do Sistema Petrus","I70_ID","int(4)","NAO","I70",""
"Comercial / Vendas / Compras","I72","Tabela do Sistema Petrus","I72_FORNECEDOR","varchar(300)","NAO","",""
"Comercial / Vendas / Compras","I72","Tabela do Sistema Petrus","I5_ID","int(4)","NAO","I5",""
"Comercial / Vendas / Compras","I72","Tabela do Sistema Petrus","I72_VALOR","numeric(9)","NAO","","Campo monetário"
"Comercial / Vendas / Compras","I74","Tabela do Sistema Petrus","I74_ID","int(4)","SIM","",""
"Comercial / Vendas / Compras","I74","Tabela do Sistema Petrus","S1_ID","int(4)","NAO","S1",""
"Comercial / Vendas / Compras","I74","Tabela do Sistema Petrus","I74_SELECIONE","bit(1)","NAO","",""
"Comercial / Vendas / Compras","I74","Tabela do Sistema Petrus","I74_DATA_INCLUSAO","datetime(8)","NAO","",""
"Comercial / Vendas / Compras","I74","Tabela do Sistema Petrus","I74_DATA_ALTERACAO","datetime(8)","NAO","",""
"Comercial / Vendas / Compras","I74","Tabela do Sistema Petrus","I74_USUARIO_INCLUSAO","varchar(50)","NAO","",""
"Comercial / Vendas / Compras","I74","Tabela do Sistema Petrus","I74_USUARIO_ALTERACAO","varchar(50)","NAO","",""
"Comercial / Vendas / Compras","I74","Tabela do Sistema Petrus","I74_DATA_EMISSAO","datetime(8)","NAO","",""
"Comercial / Vendas / Compras","I74","Tabela do Sistema Petrus","I74_NSU","int(4)","NAO","",""
"Comercial / Vendas / Compras","I74","Tabela do Sistema Petrus","I5_ID","int(4)","NAO","I5",""
"Comercial / Vendas / Compras","I74","Tabela do Sistema Petrus","I74_CHAVE_NFE","varchar(50)","NAO","",""
"Comercial / Vendas / Compras","I74","Tabela do Sistema Petrus","I74_CNPJ","varchar(20)","NAO","",""
"Comercial / Vendas / Compras","I74","Tabela do Sistema Petrus","I74_NOME","varchar(300)","NAO","",""
"Comercial / Vendas / Compras","I74","Tabela do Sistema Petrus","I74_INSCRICAO_ESTADUAL","varchar(30)","NAO","",""
"Comercial / Vendas / Compras","I74","Tabela do Sistema Petrus","I74_VALOR","numeric(9)","NAO","","Campo monetário"
"Comercial / Vendas / Compras","I74","Tabela do Sistema Petrus","I74_DIGEST_VALUE","varchar(50)","NAO","",""
"Comercial / Vendas / Compras","I74","Tabela do Sistema Petrus","I74_DATA_PROCESSAMENTO","datetime(8)","NAO","",""
"Comercial / Vendas / Compras","I74","Tabela do Sistema Petrus","I74_TIPO","varchar(50)","NAO","",""
"Comercial / Vendas / Compras","I74","Tabela do Sistema Petrus","I74_SITUACAO","varchar(20)","NAO","",""
"Comercial / Vendas / Compras","I74","Tabela do Sistema Petrus","I74_DATA_DOWNLOAD","datetime(8)","NAO","",""
"Comercial / Vendas / Compras","I74","Tabela do Sistema Petrus","I74_XML","xml(-1)","NAO","",""
"Comercial / Vendas / Compras","I74","Tabela do Sistema Petrus","I74_STATUS","varchar(20)","NAO","","Máquina de estados (Aberto, Fechado, etc)"
"Comercial / Vendas / Compras","I75","Tabela do Sistema Petrus","I75_ID","int(4)","SIM","",""
"Comercial / Vendas / Compras","I75","Tabela do Sistema Petrus","S1_ID","int(4)","NAO","S1",""
"Comercial / Vendas / Compras","I75","Tabela do Sistema Petrus","I75_SELECIONE","bit(1)","NAO","",""
"Comercial / Vendas / Compras","I75","Tabela do Sistema Petrus","I75_DATA_INCLUSAO","datetime(8)","NAO","",""
"Comercial / Vendas / Compras","I75","Tabela do Sistema Petrus","I75_DATA_ALTERACAO","datetime(8)","NAO","",""
"Comercial / Vendas / Compras","I75","Tabela do Sistema Petrus","I75_USUARIO_INCLUSAO","varchar(50)","NAO","",""
"Comercial / Vendas / Compras","I75","Tabela do Sistema Petrus","I75_USUARIO_ALTERACAO","varchar(50)","NAO","",""
"Comercial / Vendas / Compras","I75","Tabela do Sistema Petrus","I75_DATA_EMISSAO","datetime(8)","NAO","",""
"Comercial / Vendas / Compras","I75","Tabela do Sistema Petrus","I74_ID","int(4)","NAO","I74",""
"Comercial / Vendas / Compras","I75","Tabela do Sistema Petrus","I75_MANIFESTACAO","varchar(50)","NAO","",""
"Comercial / Vendas / Compras","I9","Tabela do Sistema Petrus","I9_ID","int(4)","SIM","",""
"Comercial / Vendas / Compras","I9","Tabela do Sistema Petrus","S1_ID","int(4)","NAO","S1",""
"Comercial / Vendas / Compras","I9","Tabela do Sistema Petrus","I9_DESCRICAO","varchar(50)","NAO","",""
"Comercial / Vendas / Compras","I9","Tabela do Sistema Petrus","I9_SELECIONE","bit(1)","NAO","",""
"Comercial / Vendas / Compras","I9","Tabela do Sistema Petrus","I9_DATA_INCLUSAO","datetime(8)","NAO","",""
"Comercial / Vendas / Compras","I9","Tabela do Sistema Petrus","I9_DATA_ALTERACAO","datetime(8)","NAO","",""
"Comercial / Vendas / Compras","I9","Tabela do Sistema Petrus","I9_USUARIO_INCLUSAO","varchar(50)","NAO","",""
"Comercial / Vendas / Compras","I9","Tabela do Sistema Petrus","I9_USUARIO_ALTERACAO","varchar(50)","NAO","",""
"Comercial / Vendas / Compras","IX1","Tabela do Sistema Petrus","IX1_ID","int(4)","SIM","",""
"Comercial / Vendas / Compras","IX1","Tabela do Sistema Petrus","S1_ID","int(4)","NAO","S1",""
"Comercial / Vendas / Compras","IX1","Tabela do Sistema Petrus","IX1_DESCRICAO","varchar(300)","NAO","",""
"Comercial / Vendas / Compras","IX1","Tabela do Sistema Petrus","IX1_SELECIONE","bit(1)","NAO","",""
"Comercial / Vendas / Compras","IX1","Tabela do Sistema Petrus","IX1_DATA_INCLUSAO","datetime(8)","NAO","",""
"Comercial / Vendas / Compras","IX1","Tabela do Sistema Petrus","IX1_DATA_ALTERACAO","datetime(8)","NAO","",""
"Comercial / Vendas / Compras","IX1","Tabela do Sistema Petrus","IX1_USUARIO_INCLUSAO","varchar(50)","NAO","",""
"Comercial / Vendas / Compras","IX1","Tabela do Sistema Petrus","IX1_USUARIO_ALTERACAO","varchar(50)","NAO","",""
"Comercial / Vendas / Compras","IX1","Tabela do Sistema Petrus","I14_ID","int(4)","NAO","I14",""
"Comercial / Vendas / Compras","IX1","Tabela do Sistema Petrus","IX1_QUANTIDADE","numeric(9)","NAO","",""
"Comercial / Vendas / Compras","IX1","Tabela do Sistema Petrus","G17_ID","int(4)","NAO","G17",""
"Comercial / Vendas / Compras","IX1","Tabela do Sistema Petrus","I43_ID","int(4)","NAO","I43",""
"Comercial / Vendas / Compras","IX1","Tabela do Sistema Petrus","IX1_VALOR_UNITARIO","numeric(9)","NAO","","Campo monetário"
"Comercial / Vendas / Compras","IX1","Tabela do Sistema Petrus","G6_ID","int(4)","NAO","G6",""
"Comercial / Vendas / Compras","IX2","Tabela do Sistema Petrus","IX2_ID","int(4)","SIM","",""
"Comercial / Vendas / Compras","IX2","Tabela do Sistema Petrus","S1_ID","int(4)","NAO","S1",""
"Comercial / Vendas / Compras","IX2","Tabela do Sistema Petrus","I5_ID","int(4)","NAO","I5",""
"Comercial / Vendas / Compras","IX2","Tabela do Sistema Petrus","IX2_SELECIONE","bit(1)","NAO","",""
"Comercial / Vendas / Compras","IX2","Tabela do Sistema Petrus","IX2_DATA_INCLUSAO","datetime(8)","NAO","",""
"Comercial / Vendas / Compras","IX2","Tabela do Sistema Petrus","IX2_DATA_ALTERACAO","datetime(8)","NAO","",""
"Comercial / Vendas / Compras","IX2","Tabela do Sistema Petrus","IX2_USUARIO_INCLUSAO","varchar(50)","NAO","",""
"Comercial / Vendas / Compras","IX2","Tabela do Sistema Petrus","IX2_USUARIO_ALTERACAO","varchar(50)","NAO","",""
"Comercial / Vendas / Compras","IX2","Tabela do Sistema Petrus","IX2_BANCO","varchar(50)","NAO","",""
"Comercial / Vendas / Compras","IX2","Tabela do Sistema Petrus","IX2_AGENCIA","varchar(10)","NAO","",""
"Comercial / Vendas / Compras","IX2","Tabela do Sistema Petrus","IX2_DV_AGENCIA","varchar(5)","NAO","",""
"Comercial / Vendas / Compras","IX2","Tabela do Sistema Petrus","IX2_CONTA","varchar(50)","NAO","",""
"Comercial / Vendas / Compras","IX2","Tabela do Sistema Petrus","IX2_DV_CONTA","varchar(5)","NAO","",""
"Comercial / Vendas / Compras","IX2","Tabela do Sistema Petrus","IX2_TITULAR","varchar(300)","NAO","",""
"Comercial / Vendas / Compras","IX2","Tabela do Sistema Petrus","IX2_CNPJ_CPF","varchar(20)","NAO","",""
"Comercial / Vendas / Compras","IX2","Tabela do Sistema Petrus","IX2_TIPO_PESSOA","varchar(15)","NAO","",""
"Comercial / Vendas / Compras","IX2","Tabela do Sistema Petrus","IX2_OBS","varchar(100)","NAO","",""
"Comercial / Vendas / Compras","IX2","Tabela do Sistema Petrus","IX2_TIPO_CONTA","varchar(50)","NAO","",""
"Comercial / Vendas / Compras","IX3","Tabela do Sistema Petrus","IX3_ID","int(4)","SIM","",""
"Comercial / Vendas / Compras","IX3","Tabela do Sistema Petrus","S1_ID","int(4)","NAO","S1",""
"Comercial / Vendas / Compras","IX3","Tabela do Sistema Petrus","IX3_DESCRICAO","varchar(50)","NAO","",""
"Comercial / Vendas / Compras","IX3","Tabela do Sistema Petrus","IX3_SELECIONE","bit(1)","NAO","",""
"Comercial / Vendas / Compras","IX3","Tabela do Sistema Petrus","IX3_DATA_INCLUSAO","datetime(8)","NAO","",""
"Comercial / Vendas / Compras","IX3","Tabela do Sistema Petrus","IX3_DATA_ALTERACAO","datetime(8)","NAO","",""
"Comercial / Vendas / Compras","IX3","Tabela do Sistema Petrus","IX3_USUARIO_INCLUSAO","varchar(50)","NAO","",""
"Comercial / Vendas / Compras","IX3","Tabela do Sistema Petrus","IX3_USUARIO_ALTERACAO","varchar(50)","NAO","",""
"Comercial / Vendas / Compras","IX5","Tabela do Sistema Petrus","IX5_ID","int(4)","SIM","",""
"Comercial / Vendas / Compras","IX5","Tabela do Sistema Petrus","S1_ID","int(4)","NAO","S1",""
"Comercial / Vendas / Compras","IX5","Tabela do Sistema Petrus","IX5_SELECIONE","bit(1)","NAO","",""
"Comercial / Vendas / Compras","IX5","Tabela do Sistema Petrus","IX5_DATA_INCLUSAO","datetime(8)","NAO","",""
"Comercial / Vendas / Compras","IX5","Tabela do Sistema Petrus","IX5_DATA_ALTERACAO","datetime(8)","NAO","",""
"Comercial / Vendas / Compras","IX5","Tabela do Sistema Petrus","IX5_USUARIO_INCLUSAO","varchar(50)","NAO","",""
"Comercial / Vendas / Compras","IX5","Tabela do Sistema Petrus","IX5_USUARIO_ALTERACAO","varchar(50)","NAO","",""
"Comercial / Vendas / Compras","IX5","Tabela do Sistema Petrus","RR1_ID","int(4)","NAO","RR1",""
"Comercial / Vendas / Compras","IX5","Tabela do Sistema Petrus","IX5_VALOR_META","numeric(9)","NAO","","Campo monetário"
"Comercial / Vendas / Compras","IX5","Tabela do Sistema Petrus","IX5_ATIVO","bit(1)","NAO","",""
"Comercial / Vendas / Compras","IX7","Tabela do Sistema Petrus","IX7_ID","int(4)","SIM","",""
"Comercial / Vendas / Compras","IX7","Tabela do Sistema Petrus","S1_ID","int(4)","NAO","S1",""
"Comercial / Vendas / Compras","IX7","Tabela do Sistema Petrus","IX7_SELECIONE","bit(1)","NAO","",""
"Comercial / Vendas / Compras","IX7","Tabela do Sistema Petrus","IX7_DATA_INCLUSAO","datetime(8)","NAO","",""
"Comercial / Vendas / Compras","IX7","Tabela do Sistema Petrus","IX7_DATA_ALTERACAO","datetime(8)","NAO","",""
"Comercial / Vendas / Compras","IX7","Tabela do Sistema Petrus","IX7_USUARIO_INCLUSAO","varchar(50)","NAO","",""
"Comercial / Vendas / Compras","IX7","Tabela do Sistema Petrus","IX7_USUARIO_ALTERACAO","varchar(50)","NAO","",""
"Comercial / Vendas / Compras","IX7","Tabela do Sistema Petrus","IX7_CAMINHO","varchar(300)","NAO","",""
"Comercial / Vendas / Compras","IX7","Tabela do Sistema Petrus","IX7_DESCRICAO","varchar(100)","NAO","",""
"Comercial / Vendas / Compras","IX7","Tabela do Sistema Petrus","I14_ID","int(4)","NAO","I14",""
"Comercial / Vendas / Compras","IX8","Tabela do Sistema Petrus","IX8_ID","int(4)","SIM","",""
"Comercial / Vendas / Compras","IX8","Tabela do Sistema Petrus","S1_ID","int(4)","NAO","S1",""
"Comercial / Vendas / Compras","IX8","Tabela do Sistema Petrus","IX8_SELECIONE","bit(1)","NAO","",""
"Comercial / Vendas / Compras","IX8","Tabela do Sistema Petrus","IX8_DATA_INCLUSAO","datetime(8)","NAO","",""
"Comercial / Vendas / Compras","IX8","Tabela do Sistema Petrus","IX8_DATA_ALTERACAO","datetime(8)","NAO","",""
"Comercial / Vendas / Compras","IX8","Tabela do Sistema Petrus","IX8_USUARIO_INCLUSAO","varchar(50)","NAO","",""
"Comercial / Vendas / Compras","IX8","Tabela do Sistema Petrus","IX8_USUARIO_ALTERACAO","varchar(50)","NAO","",""
"Comercial / Vendas / Compras","IX8","Tabela do Sistema Petrus","IX8_CAMINHO","varchar(300)","NAO","",""
"Comercial / Vendas / Compras","IX8","Tabela do Sistema Petrus","IX8_DESCRICAO","varchar(100)","NAO","",""
"Comercial / Vendas / Compras","IX8","Tabela do Sistema Petrus","I57_ID","int(4)","NAO","I57",""
"Comercial / Vendas / Compras","IX9","Tabela do Sistema Petrus","IX9_ID","int(4)","SIM","",""
"Comercial / Vendas / Compras","IX9","Tabela do Sistema Petrus","S1_ID","int(4)","NAO","S1",""
"Comercial / Vendas / Compras","IX9","Tabela do Sistema Petrus","IX9_SELECIONE","bit(1)","NAO","",""
"Comercial / Vendas / Compras","IX9","Tabela do Sistema Petrus","IX9_DATA_INCLUSAO","datetime(8)","NAO","",""
"Comercial / Vendas / Compras","IX9","Tabela do Sistema Petrus","IX9_DATA_ALTERACAO","datetime(8)","NAO","",""
"Comercial / Vendas / Compras","IX9","Tabela do Sistema Petrus","IX9_USUARIO_INCLUSAO","varchar(50)","NAO","",""
"Comercial / Vendas / Compras","IX9","Tabela do Sistema Petrus","IX9_USUARIO_ALTERACAO","varchar(50)","NAO","",""
"Comercial / Vendas / Compras","IX9","Tabela do Sistema Petrus","IX9_CAMINHO","varchar(300)","NAO","",""
"Comercial / Vendas / Compras","IX9","Tabela do Sistema Petrus","IX9_DESCRICAO","varchar(100)","NAO","",""
"Comercial / Vendas / Compras","IX9","Tabela do Sistema Petrus","I11_ID","int(4)","NAO","I11",""
"Estoque / Produtos","J1","Tabela do Sistema Petrus","J1_ID","int(4)","SIM","",""
"Estoque / Produtos","J1","Tabela do Sistema Petrus","S1_ID","int(4)","NAO","S1",""
"Estoque / Produtos","J1","Tabela do Sistema Petrus","J1_DESCRICAO","varchar(50)","NAO","",""
"Estoque / Produtos","J1","Tabela do Sistema Petrus","J1_DATA_EMISSAO","datetime(8)","NAO","",""
"Estoque / Produtos","J1","Tabela do Sistema Petrus","J1_SELECIONE","bit(1)","NAO","",""
"Estoque / Produtos","J1","Tabela do Sistema Petrus","J1_DATA_INCLUSAO","datetime(8)","NAO","",""
"Estoque / Produtos","J1","Tabela do Sistema Petrus","J1_DATA_ALTERACAO","datetime(8)","NAO","",""
"Estoque / Produtos","J1","Tabela do Sistema Petrus","J1_USUARIO_INCLUSAO","varchar(50)","NAO","",""
"Estoque / Produtos","J1","Tabela do Sistema Petrus","J1_USUARIO_ALTERACAO","varchar(50)","NAO","",""
"Estoque / Produtos","J10","Tabela do Sistema Petrus","J10_ID","int(4)","SIM","",""
"Estoque / Produtos","J10","Tabela do Sistema Petrus","S1_ID","int(4)","NAO","S1",""
"Estoque / Produtos","J10","Tabela do Sistema Petrus","J10_SELECIONE","bit(1)","NAO","",""
"Estoque / Produtos","J10","Tabela do Sistema Petrus","J10_DATA_INCLUSAO","datetime(8)","NAO","",""
"Estoque / Produtos","J10","Tabela do Sistema Petrus","J10_DATA_ALTERACAO","datetime(8)","NAO","",""
"Estoque / Produtos","J10","Tabela do Sistema Petrus","J10_USUARIO_INCLUSAO","varchar(50)","NAO","",""
"Estoque / Produtos","J10","Tabela do Sistema Petrus","J10_USUARIO_ALTERACAO","varchar(50)","NAO","",""
"Estoque / Produtos","J10","Tabela do Sistema Petrus","J10_CUBAGEM","numeric(9)","NAO","",""
"Estoque / Produtos","J10","Tabela do Sistema Petrus","J10_VOLUMES","numeric(9)","NAO","",""
"Estoque / Produtos","J10","Tabela do Sistema Petrus","J10_DATA_EMISSAO","datetime(8)","NAO","",""
"Estoque / Produtos","J10","Tabela do Sistema Petrus","J10_PESO_BRUTO","numeric(9)","NAO","",""
"Estoque / Produtos","J10","Tabela do Sistema Petrus","J10_MODO","varchar(20)","NAO","",""
"Estoque / Produtos","J10","Tabela do Sistema Petrus","J10_STATUS","varchar(20)","NAO","","Máquina de estados (Aberto, Fechado, etc)"
"Estoque / Produtos","J10","Tabela do Sistema Petrus","J2_ID","int(4)","NAO","J2",""
"Estoque / Produtos","J10","Tabela do Sistema Petrus","J9_ID","int(4)","NAO","J9",""
"Estoque / Produtos","J10","Tabela do Sistema Petrus","J10_OBS","varchar(300)","NAO","",""
"Estoque / Produtos","J10","Tabela do Sistema Petrus","J10_DATA_EMBARQUE","datetime(8)","NAO","",""
"Estoque / Produtos","J10","Tabela do Sistema Petrus","B1_ID","int(4)","NAO","B1",""
"Estoque / Produtos","J10","Tabela do Sistema Petrus","B2_ID","int(4)","NAO","B2",""
"Estoque / Produtos","J10","Tabela do Sistema Petrus","J10_VALOR_FRETE","numeric(9)","NAO","","Campo monetário"
"Estoque / Produtos","J10","Tabela do Sistema Petrus","J10_DATA_FATURAMENTO","datetime(8)","NAO","",""
"Estoque / Produtos","J10","Tabela do Sistema Petrus","J10_DATA_CANCELAMENTO","datetime(8)","NAO","",""
"Estoque / Produtos","J10","Tabela do Sistema Petrus","J10_DATA_REATIVACAO","datetime(8)","NAO","",""
"Estoque / Produtos","J10","Tabela do Sistema Petrus","J10_VALOR_TOTAL","numeric(9)","NAO","","Campo monetário"
"Estoque / Produtos","J10","Tabela do Sistema Petrus","J10_OBS_EMBARQUE","varchar(300)","NAO","",""
"Estoque / Produtos","J10","Tabela do Sistema Petrus","J10_FRETADO","bit(1)","NAO","",""
"Estoque / Produtos","J10","Tabela do Sistema Petrus","J1_ID","int(4)","NAO","J1",""
"Estoque / Produtos","J10","Tabela do Sistema Petrus","J10_DATA_LIBERACAO","datetime(8)","NAO","",""
"Estoque / Produtos","J10","Tabela do Sistema Petrus","A3_ID","int(4)","NAO","A3",""
"Estoque / Produtos","J10","Tabela do Sistema Petrus","J10_SUBTOTAL","numeric(9)","NAO","",""
"Estoque / Produtos","J10","Tabela do Sistema Petrus","J10_TIPO","varchar(20)","NAO","",""
"Estoque / Produtos","J10","Tabela do Sistema Petrus","J10_CONTROLE_1","numeric(9)","NAO","",""
"Estoque / Produtos","J10","Tabela do Sistema Petrus","J10_PESO_LIQUIDO","numeric(9)","NAO","",""
"Estoque / Produtos","J10","Tabela do Sistema Petrus","J10_EMITENTE","varchar(50)","NAO","",""
"Estoque / Produtos","J10","Tabela do Sistema Petrus","J10_MODAL","varchar(50)","NAO","",""
"Estoque / Produtos","J10","Tabela do Sistema Petrus","X12_ID","int(4)","NAO","X12",""
"Estoque / Produtos","J10","Tabela do Sistema Petrus","X12_ID_1","int(4)","NAO","",""
"Estoque / Produtos","J10","Tabela do Sistema Petrus","J10_CEP_ORIGEM","varchar(50)","NAO","",""
"Estoque / Produtos","J10","Tabela do Sistema Petrus","J10_CEP_DESTINO","varchar(50)","NAO","",""
"Estoque / Produtos","J10","Tabela do Sistema Petrus","B5_ID","int(4)","NAO","B5",""
"Estoque / Produtos","J10","Tabela do Sistema Petrus","J10_QTD_NFE","int(4)","NAO","",""
"Estoque / Produtos","J10","Tabela do Sistema Petrus","J10_OBS_MDFE","varchar(300)","NAO","",""
"Estoque / Produtos","J10","Tabela do Sistema Petrus","J10_DATA_EMISSAO_MANIFESTO","datetime(8)","NAO","",""
"Estoque / Produtos","J10","Tabela do Sistema Petrus","J10_EMITIR_MANIFESTO","bit(1)","NAO","",""
"Estoque / Produtos","J10","Tabela do Sistema Petrus","R2_ID","int(4)","NAO","R2",""
"Estoque / Produtos","J10","Tabela do Sistema Petrus","J34_ID","int(4)","NAO","J34",""
"Estoque / Produtos","J10","Tabela do Sistema Petrus","J10_AVERBACAO","varchar(50)","NAO","",""
"Estoque / Produtos","J10","Tabela do Sistema Petrus","J10_DATA_INICIAL","datetime(8)","NAO","",""
"Estoque / Produtos","J10","Tabela do Sistema Petrus","J10_DATA_FINAL","datetime(8)","NAO","",""
"Estoque / Produtos","J10","Tabela do Sistema Petrus","X12_ID_2","int(4)","NAO","",""
"Estoque / Produtos","J10","Tabela do Sistema Petrus","J10_DESCRICAO","varchar(100)","NAO","",""
"Estoque / Produtos","J10","Tabela do Sistema Petrus","L10_ID","int(4)","NAO","L10",""
"Estoque / Produtos","J16","Tabela do Sistema Petrus","J16_ID","int(4)","SIM","",""
"Estoque / Produtos","J16","Tabela do Sistema Petrus","S1_ID","int(4)","NAO","S1",""
"Estoque / Produtos","J16","Tabela do Sistema Petrus","J16_TIPO","varchar(15)","NAO","",""
"Estoque / Produtos","J16","Tabela do Sistema Petrus","J16_EMAIL","varchar(500)","NAO","",""
"Estoque / Produtos","J16","Tabela do Sistema Petrus","J16_CONTATO","varchar(100)","NAO","",""
"Estoque / Produtos","J16","Tabela do Sistema Petrus","J2_ID","int(4)","NAO","J2",""
"Estoque / Produtos","J16","Tabela do Sistema Petrus","J16_SELECIONE","bit(1)","NAO","",""
"Estoque / Produtos","J16","Tabela do Sistema Petrus","J16_DATA_INCLUSAO","datetime(8)","NAO","",""
"Estoque / Produtos","J16","Tabela do Sistema Petrus","J16_DATA_ALTERACAO","datetime(8)","NAO","",""
"Estoque / Produtos","J16","Tabela do Sistema Petrus","J16_USUARIO_INCLUSAO","varchar(50)","NAO","",""
"Estoque / Produtos","J16","Tabela do Sistema Petrus","J16_USUARIO_ALTERACAO","varchar(50)","NAO","",""
"Estoque / Produtos","J17","Tabela do Sistema Petrus","J17_ID","int(4)","SIM","",""
"Estoque / Produtos","J17","Tabela do Sistema Petrus","S1_ID","int(4)","NAO","S1",""
"Estoque / Produtos","J17","Tabela do Sistema Petrus","J17_TIPO","varchar(15)","NAO","",""
"Estoque / Produtos","J17","Tabela do Sistema Petrus","J17_DDI","varchar(5)","NAO","",""
"Estoque / Produtos","J17","Tabela do Sistema Petrus","J17_DDD","varchar(5)","NAO","",""
"Estoque / Produtos","J17","Tabela do Sistema Petrus","J17_TELEFONE","varchar(20)","NAO","",""
"Estoque / Produtos","J17","Tabela do Sistema Petrus","J17_CONTATO","varchar(100)","NAO","",""
"Estoque / Produtos","J17","Tabela do Sistema Petrus","J2_ID","int(4)","NAO","J2",""
"Estoque / Produtos","J17","Tabela do Sistema Petrus","J17_SELECIONE","bit(1)","NAO","",""
"Estoque / Produtos","J17","Tabela do Sistema Petrus","J17_DATA_INCLUSAO","datetime(8)","NAO","",""
"Estoque / Produtos","J17","Tabela do Sistema Petrus","J17_DATA_ALTERACAO","datetime(8)","NAO","",""
"Estoque / Produtos","J17","Tabela do Sistema Petrus","J17_USUARIO_INCLUSAO","varchar(50)","NAO","",""
"Estoque / Produtos","J17","Tabela do Sistema Petrus","J17_USUARIO_ALTERACAO","varchar(50)","NAO","",""
"Estoque / Produtos","J2","Tabela do Sistema Petrus","J2_ID","int(4)","SIM","",""
"Estoque / Produtos","J2","Tabela do Sistema Petrus","S1_ID","int(4)","NAO","S1",""
"Estoque / Produtos","J2","Tabela do Sistema Petrus","J2_NOME","varchar(300)","NAO","",""
"Estoque / Produtos","J2","Tabela do Sistema Petrus","J2_CNPJ_CPF","varchar(20)","NAO","",""
"Estoque / Produtos","J2","Tabela do Sistema Petrus","J2_DATA_ABERTURA","datetime(8)","NAO","",""
"Estoque / Produtos","J2","Tabela do Sistema Petrus","J2_IE_RG","varchar(20)","NAO","",""
"Estoque / Produtos","J2","Tabela do Sistema Petrus","J2_NOME_FANTASIA","varchar(300)","NAO","",""
"Estoque / Produtos","J2","Tabela do Sistema Petrus","J2_TIPO","varchar(15)","NAO","",""
"Estoque / Produtos","J2","Tabela do Sistema Petrus","J2_TIPO_PESSOA","varchar(10)","NAO","",""
"Estoque / Produtos","J2","Tabela do Sistema Petrus","J2_BAIRRO","varchar(100)","NAO","",""
"Estoque / Produtos","J2","Tabela do Sistema Petrus","J2_CAIXA_POSTAL","varchar(10)","NAO","",""
"Estoque / Produtos","J2","Tabela do Sistema Petrus","J2_CEP","varchar(15)","NAO","",""
"Estoque / Produtos","J2","Tabela do Sistema Petrus","J2_COMPLEMENTO","varchar(100)","NAO","",""
"Estoque / Produtos","J2","Tabela do Sistema Petrus","J2_LOGRADOURO","varchar(200)","NAO","",""
"Estoque / Produtos","J2","Tabela do Sistema Petrus","J2_NUMERO","varchar(50)","NAO","",""
"Estoque / Produtos","J2","Tabela do Sistema Petrus","J2_DATA_BLOQUEIO","datetime(8)","NAO","",""
"Estoque / Produtos","J2","Tabela do Sistema Petrus","J2_OBS","varchar(-1)","NAO","",""
"Estoque / Produtos","J2","Tabela do Sistema Petrus","J2_SELECIONE","bit(1)","NAO","",""
"Estoque / Produtos","J2","Tabela do Sistema Petrus","J2_DATA_INCLUSAO","datetime(8)","NAO","",""
"Estoque / Produtos","J2","Tabela do Sistema Petrus","J2_DATA_ALTERACAO","datetime(8)","NAO","",""
"Estoque / Produtos","J2","Tabela do Sistema Petrus","J2_USUARIO_INCLUSAO","varchar(50)","NAO","",""
"Estoque / Produtos","J2","Tabela do Sistema Petrus","J2_USUARIO_ALTERACAO","varchar(50)","NAO","",""
"Estoque / Produtos","J2","Tabela do Sistema Petrus","J2_EMAIL","varchar(500)","NAO","",""
"Estoque / Produtos","J2","Tabela do Sistema Petrus","J2_FONE_1","varchar(20)","NAO","",""
"Estoque / Produtos","J2","Tabela do Sistema Petrus","J2_FONE_2","varchar(20)","NAO","",""
"Estoque / Produtos","J2","Tabela do Sistema Petrus","J2_CONTATO","varchar(50)","NAO","",""
"Estoque / Produtos","J2","Tabela do Sistema Petrus","X12_ID","int(4)","NAO","X12",""
"Estoque / Produtos","J2","Tabela do Sistema Petrus","X4_ID","int(4)","NAO","X4",""
"Estoque / Produtos","J2","Tabela do Sistema Petrus","X9_ID","int(4)","NAO","X9",""
"Estoque / Produtos","J2","Tabela do Sistema Petrus","X10_ID","int(4)","NAO","X10",""
"Estoque / Produtos","J2","Tabela do Sistema Petrus","J40_ID_1","int(4)","NAO","",""
"Estoque / Produtos","J2","Tabela do Sistema Petrus","J40_ID","int(4)","NAO","J40",""
"Estoque / Produtos","J2","Tabela do Sistema Petrus","J2_IE_ISENTO","bit(1)","NAO","",""
"Estoque / Produtos","J2","Tabela do Sistema Petrus","J2_PLACA","varchar(15)","NAO","",""
"Estoque / Produtos","J2","Tabela do Sistema Petrus","J2_RNTC","varchar(15)","NAO","",""
"Estoque / Produtos","J2","Tabela do Sistema Petrus","X12_ID_1","int(4)","NAO","",""
"Estoque / Produtos","J2","Tabela do Sistema Petrus","J4_ID","int(4)","NAO","J4",""
"Estoque / Produtos","J2","Tabela do Sistema Petrus","J2_FONE_3","varchar(20)","NAO","",""
"Estoque / Produtos","J2","Tabela do Sistema Petrus","J2_STATUS","varchar(20)","NAO","","Máquina de estados (Aberto, Fechado, etc)"
"Estoque / Produtos","J2","Tabela do Sistema Petrus","J2_DATA_INATIVACAO","datetime(8)","NAO","",""
"Estoque / Produtos","J2","Tabela do Sistema Petrus","J2_DATA_REATIVACAO","datetime(8)","NAO","",""
"Estoque / Produtos","J2","Tabela do Sistema Petrus","J2_CODIGO","int(4)","NAO","",""
"Estoque / Produtos","J2","Tabela do Sistema Petrus","J2_COORDENADAS","varchar(300)","NAO","",""
"Estoque / Produtos","J2","Tabela do Sistema Petrus","I5_ID","int(4)","NAO","I5",""
"Estoque / Produtos","J20","Tabela do Sistema Petrus","J20_ID","int(4)","SIM","",""
"Estoque / Produtos","J20","Tabela do Sistema Petrus","S1_ID","int(4)","NAO","S1",""
"Estoque / Produtos","J20","Tabela do Sistema Petrus","J20_SELECIONE","bit(1)","NAO","",""
"Estoque / Produtos","J20","Tabela do Sistema Petrus","J20_DATA_INCLUSAO","datetime(8)","NAO","",""
"Estoque / Produtos","J20","Tabela do Sistema Petrus","J20_DATA_ALTERACAO","datetime(8)","NAO","",""
"Estoque / Produtos","J20","Tabela do Sistema Petrus","J20_USUARIO_INCLUSAO","varchar(50)","NAO","",""
"Estoque / Produtos","J20","Tabela do Sistema Petrus","J20_USUARIO_ALTERACAO","varchar(50)","NAO","",""
"Estoque / Produtos","J20","Tabela do Sistema Petrus","J20_PRODUTO","varchar(50)","NAO","",""
"Estoque / Produtos","J20","Tabela do Sistema Petrus","J20_DESCRICAO","varchar(300)","NAO","",""
"Estoque / Produtos","J20","Tabela do Sistema Petrus","J20_VOLUME","numeric(9)","NAO","",""
"Estoque / Produtos","J20","Tabela do Sistema Petrus","J20_QTD","numeric(9)","NAO","",""
"Estoque / Produtos","J20","Tabela do Sistema Petrus","J7_ID","int(4)","NAO","J7",""
"Estoque / Produtos","J20","Tabela do Sistema Petrus","J20_ENDERECO","varchar(50)","NAO","",""
"Estoque / Produtos","J20","Tabela do Sistema Petrus","G6_ID","int(4)","NAO","G6",""
"Estoque / Produtos","J20","Tabela do Sistema Petrus","R49_ID","int(4)","NAO","R49",""
"Estoque / Produtos","J20","Tabela do Sistema Petrus","J20_EAN13_GTIN","varchar(50)","NAO","",""
"Estoque / Produtos","J20","Tabela do Sistema Petrus","R13_ID","int(4)","NAO","R13",""
"Estoque / Produtos","J20","Tabela do Sistema Petrus","J20_PRODUTO_ORIGEM","int(4)","NAO","",""
"Estoque / Produtos","J20","Tabela do Sistema Petrus","J20_PRODUTO_FILHO","bit(1)","NAO","",""
"Estoque / Produtos","J20","Tabela do Sistema Petrus","J20_UN","varchar(10)","NAO","",""
"Estoque / Produtos","J23","Tabela do Sistema Petrus","J23_ID","int(4)","SIM","",""
"Estoque / Produtos","J23","Tabela do Sistema Petrus","S1_ID","int(4)","NAO","S1",""
"Estoque / Produtos","J23","Tabela do Sistema Petrus","J23_SELECIONE","bit(1)","NAO","",""
"Estoque / Produtos","J23","Tabela do Sistema Petrus","J23_DATA_INCLUSAO","datetime(8)","NAO","",""
"Estoque / Produtos","J23","Tabela do Sistema Petrus","J23_DATA_ALTERACAO","datetime(8)","NAO","",""
"Estoque / Produtos","J23","Tabela do Sistema Petrus","J23_USUARIO_INCLUSAO","varchar(50)","NAO","",""
"Estoque / Produtos","J23","Tabela do Sistema Petrus","J23_USUARIO_ALTERACAO","varchar(50)","NAO","",""
"Estoque / Produtos","J23","Tabela do Sistema Petrus","R13_ID","int(4)","NAO","R13",""
"Estoque / Produtos","J23","Tabela do Sistema Petrus","J23_CLIENTE","varchar(300)","NAO","",""
"Estoque / Produtos","J23","Tabela do Sistema Petrus","J23_VALOR_TOTAL","numeric(9)","NAO","","Campo monetário"
"Estoque / Produtos","J23","Tabela do Sistema Petrus","J23_CUBAGEM","numeric(9)","NAO","",""
"Estoque / Produtos","J23","Tabela do Sistema Petrus","J23_VOLUMES","numeric(9)","NAO","",""
"Estoque / Produtos","J23","Tabela do Sistema Petrus","J10_ID","int(4)","NAO","J10",""
"Estoque / Produtos","J23","Tabela do Sistema Petrus","J23_DESTINO","varchar(50)","NAO","",""
"Estoque / Produtos","J23","Tabela do Sistema Petrus","J23_PESO_BRUTO","numeric(9)","NAO","",""
"Estoque / Produtos","J23","Tabela do Sistema Petrus","R2_ID","int(4)","NAO","R2",""
"Estoque / Produtos","J23","Tabela do Sistema Petrus","J23_FRETE","varchar(50)","NAO","",""
"Estoque / Produtos","J23","Tabela do Sistema Petrus","J23_SUBTOTAL","numeric(9)","NAO","",""
"Estoque / Produtos","J23","Tabela do Sistema Petrus","J23_DATA_INICIO_EMBARQUE","datetime(8)","NAO","",""
"Estoque / Produtos","J23","Tabela do Sistema Petrus","J23_DATA_FIM_EMBARQUE","datetime(8)","NAO","",""
"Estoque / Produtos","J23","Tabela do Sistema Petrus","J23_PESO_LIQUIDO","numeric(9)","NAO","",""
"Estoque / Produtos","J23","Tabela do Sistema Petrus","J23_TIPO","varchar(50)","NAO","",""
"Estoque / Produtos","J23","Tabela do Sistema Petrus","J9_ID","int(4)","NAO","J9",""
"Estoque / Produtos","J26","Tabela do Sistema Petrus","J26_ID","int(4)","SIM","",""
"Estoque / Produtos","J26","Tabela do Sistema Petrus","S1_ID","int(4)","NAO","S1",""
"Estoque / Produtos","J26","Tabela do Sistema Petrus","J26_DESCRICAO","varchar(50)","NAO","",""
"Estoque / Produtos","J26","Tabela do Sistema Petrus","J26_TIPO","varchar(15)","NAO","",""
"Estoque / Produtos","J26","Tabela do Sistema Petrus","J26_SELECIONE","bit(1)","NAO","",""
"Estoque / Produtos","J26","Tabela do Sistema Petrus","J26_DATA_INCLUSAO","datetime(8)","NAO","",""
"Estoque / Produtos","J26","Tabela do Sistema Petrus","J26_DATA_ALTERACAO","datetime(8)","NAO","",""
"Estoque / Produtos","J26","Tabela do Sistema Petrus","J26_USUARIO_INCLUSAO","varchar(50)","NAO","",""
"Estoque / Produtos","J26","Tabela do Sistema Petrus","J26_USUARIO_ALTERACAO","varchar(50)","NAO","",""
"Estoque / Produtos","J26","Tabela do Sistema Petrus","J26_LARGURA","numeric(9)","NAO","",""
"Estoque / Produtos","J26","Tabela do Sistema Petrus","J26_ALTURA","numeric(9)","NAO","",""
"Estoque / Produtos","J26","Tabela do Sistema Petrus","J26_COMPRIMENTO","numeric(9)","NAO","",""
"Estoque / Produtos","J26","Tabela do Sistema Petrus","J26_DIAMETRO","numeric(9)","NAO","",""
"Estoque / Produtos","J26","Tabela do Sistema Petrus","J26_PESO","numeric(9)","NAO","",""
"Estoque / Produtos","J26","Tabela do Sistema Petrus","J26_CUBAGEM","numeric(9)","NAO","",""
"Estoque / Produtos","J32","Tabela do Sistema Petrus","J32_ID","int(4)","SIM","",""
"Estoque / Produtos","J32","Tabela do Sistema Petrus","S1_ID","int(4)","NAO","S1",""
"Estoque / Produtos","J32","Tabela do Sistema Petrus","J32_DESCRICAO","varchar(150)","NAO","",""
"Estoque / Produtos","J32","Tabela do Sistema Petrus","J32_SELECIONE","bit(1)","NAO","",""
"Estoque / Produtos","J32","Tabela do Sistema Petrus","J32_DATA_INCLUSAO","datetime(8)","NAO","",""
"Estoque / Produtos","J32","Tabela do Sistema Petrus","J32_DATA_ALTERACAO","datetime(8)","NAO","",""
"Estoque / Produtos","J32","Tabela do Sistema Petrus","J32_USUARIO_INCLUSAO","varchar(50)","NAO","",""
"Estoque / Produtos","J32","Tabela do Sistema Petrus","J32_USUARIO_ALTERACAO","varchar(50)","NAO","",""
"Estoque / Produtos","J32","Tabela do Sistema Petrus","J2_ID","int(4)","NAO","J2",""
"Estoque / Produtos","J32","Tabela do Sistema Petrus","J32_TIPO","varchar(50)","NAO","",""
"Estoque / Produtos","J32","Tabela do Sistema Petrus","J32_DATA","datetime(8)","NAO","",""
"Estoque / Produtos","J34","Tabela do Sistema Petrus","J34_ID","int(4)","SIM","",""
"Estoque / Produtos","J34","Tabela do Sistema Petrus","S1_ID","int(4)","NAO","S1",""
"Estoque / Produtos","J34","Tabela do Sistema Petrus","J34_SELECIONE","bit(1)","NAO","",""
"Estoque / Produtos","J34","Tabela do Sistema Petrus","J34_DATA_INCLUSAO","datetime(8)","NAO","",""
"Estoque / Produtos","J34","Tabela do Sistema Petrus","J34_DATA_ALTERACAO","datetime(8)","NAO","",""
"Estoque / Produtos","J34","Tabela do Sistema Petrus","J34_USUARIO_INCLUSAO","varchar(50)","NAO","",""
"Estoque / Produtos","J34","Tabela do Sistema Petrus","J34_USUARIO_ALTERACAO","varchar(50)","NAO","",""
"Estoque / Produtos","J34","Tabela do Sistema Petrus","J34_DATA_CANCELAMENTO","datetime(8)","NAO","",""
"Estoque / Produtos","J34","Tabela do Sistema Petrus","J34_DATA_EMISSAO","datetime(8)","NAO","",""
"Estoque / Produtos","J34","Tabela do Sistema Petrus","J34_PESO","numeric(9)","NAO","",""
"Estoque / Produtos","J34","Tabela do Sistema Petrus","J34_VALOR_CARGA","numeric(9)","NAO","","Campo monetário"
"Estoque / Produtos","J34","Tabela do Sistema Petrus","J34_OBS","varchar(500)","NAO","",""
"Estoque / Produtos","J34","Tabela do Sistema Petrus","J34_STATUS","varchar(15)","NAO","","Máquina de estados (Aberto, Fechado, etc)"
"Estoque / Produtos","J34","Tabela do Sistema Petrus","J34_MDF","int(4)","NAO","",""
"Estoque / Produtos","J34","Tabela do Sistema Petrus","J34_SERIE","varchar(10)","NAO","",""
"Estoque / Produtos","J34","Tabela do Sistema Petrus","J34_HORA_EMISSAO","datetime(8)","NAO","",""
"Estoque / Produtos","J34","Tabela do Sistema Petrus","J34_CHAVE_MDFE","varchar(50)","NAO","",""
"Estoque / Produtos","J34","Tabela do Sistema Petrus","J34_DATA_AUTORIZACAO_MDFE","datetime(8)","NAO","",""
"Estoque / Produtos","J34","Tabela do Sistema Petrus","J34_HORA_AUTORIZACAO_MDFE","datetime(8)","NAO","",""
"Estoque / Produtos","J34","Tabela do Sistema Petrus","J34_PROTOCOLO_AUTORIZACAO_MDFE","varchar(50)","NAO","",""
"Estoque / Produtos","J34","Tabela do Sistema Petrus","J34_CODIGO_VERIFICACAO_MDFE","varchar(50)","NAO","",""
"Estoque / Produtos","J34","Tabela do Sistema Petrus","J34_XML","xml(-1)","NAO","",""
"Estoque / Produtos","J34","Tabela do Sistema Petrus","J34_CODIGO_STATUS","int(4)","NAO","","Máquina de estados (Aberto, Fechado, etc)"
"Estoque / Produtos","J34","Tabela do Sistema Petrus","J34_MOTIVO","varchar(-1)","NAO","",""
"Estoque / Produtos","J34","Tabela do Sistema Petrus","J34_DATA_SAIDA","datetime(8)","NAO","",""
"Estoque / Produtos","J34","Tabela do Sistema Petrus","J34_HORA_SAIDA","datetime(8)","NAO","",""
"Estoque / Produtos","J34","Tabela do Sistema Petrus","J34_CORRECAO","varchar(500)","NAO","",""
"Estoque / Produtos","J34","Tabela do Sistema Petrus","J34_XML_CANCELAMENTO","xml(-1)","NAO","",""
"Estoque / Produtos","J34","Tabela do Sistema Petrus","J34_XML_CORRECAO","xml(-1)","NAO","",""
"Estoque / Produtos","J34","Tabela do Sistema Petrus","J34_RECIBO","varchar(50)","NAO","",""
"Estoque / Produtos","J34","Tabela do Sistema Petrus","J34_PROTOCOLO_CANCELAMENTO_MDFE","varchar(50)","NAO","",""
"Estoque / Produtos","J34","Tabela do Sistema Petrus","J34_PROTOCOLO_CORRECAO_MDFE","varchar(50)","NAO","",""
"Estoque / Produtos","J34","Tabela do Sistema Petrus","J34_EMITENTE","varchar(50)","NAO","",""
"Estoque / Produtos","J34","Tabela do Sistema Petrus","J34_MODAL","varchar(50)","NAO","",""
"Estoque / Produtos","J34","Tabela do Sistema Petrus","X12_ID","int(4)","NAO","X12",""
"Estoque / Produtos","J34","Tabela do Sistema Petrus","X12_ID_1","int(4)","NAO","",""
"Estoque / Produtos","J34","Tabela do Sistema Petrus","J34_CEP_ORIGEM","varchar(20)","NAO","",""
"Estoque / Produtos","J34","Tabela do Sistema Petrus","J34_CEP_DESTINO","varchar(20)","NAO","",""
"Estoque / Produtos","J34","Tabela do Sistema Petrus","J34_QTD_NFE","int(4)","NAO","",""
"Estoque / Produtos","J34","Tabela do Sistema Petrus","B1_ID","int(4)","NAO","B1",""
"Estoque / Produtos","J34","Tabela do Sistema Petrus","B2_ID","int(4)","NAO","B2",""
"Estoque / Produtos","J34","Tabela do Sistema Petrus","J34_RNTRC","varchar(50)","NAO","",""
"Estoque / Produtos","J34","Tabela do Sistema Petrus","X12_ID_2","int(4)","NAO","",""
"Estoque / Produtos","J34","Tabela do Sistema Petrus","J34_RENAVAM","varchar(30)","NAO","",""
"Estoque / Produtos","J34","Tabela do Sistema Petrus","J34_TARA","numeric(9)","NAO","",""
"Estoque / Produtos","J34","Tabela do Sistema Petrus","J34_CAPACIDADE","numeric(9)","NAO","",""
"Estoque / Produtos","J34","Tabela do Sistema Petrus","J34_CUBAGEM","numeric(9)","NAO","",""
"Estoque / Produtos","J34","Tabela do Sistema Petrus","J34_TIPO_RODADO","varchar(30)","NAO","",""
"Estoque / Produtos","J34","Tabela do Sistema Petrus","J34_CARROCERIA","varchar(30)","NAO","",""
"Estoque / Produtos","J34","Tabela do Sistema Petrus","B5_ID","int(4)","NAO","B5",""
"Estoque / Produtos","J34","Tabela do Sistema Petrus","J34_CNPJ_CPF","varchar(20)","NAO","",""
"Estoque / Produtos","J34","Tabela do Sistema Petrus","J34_NOME","varchar(300)","NAO","",""
"Estoque / Produtos","J34","Tabela do Sistema Petrus","J34_APOLICE","varchar(50)","NAO","",""
"Estoque / Produtos","J34","Tabela do Sistema Petrus","J34_AVERBACAO","varchar(50)","NAO","",""
"Estoque / Produtos","J34","Tabela do Sistema Petrus","J34_NOME_1","varchar(300)","NAO","",""
"Estoque / Produtos","J34","Tabela do Sistema Petrus","J34_CNPJ_CPF_1","varchar(20)","NAO","",""
"Estoque / Produtos","J34","Tabela do Sistema Petrus","J34_PLACA","varchar(20)","NAO","",""
"Estoque / Produtos","J34","Tabela do Sistema Petrus","J34_DATA_ENCERRAMENTO_MDFE","datetime(8)","NAO","",""
"Estoque / Produtos","J34","Tabela do Sistema Petrus","J34_PROTOCOLO_ENCERRAMENTO_MDFE","varchar(50)","NAO","",""
"Estoque / Produtos","J34","Tabela do Sistema Petrus","J34_DATA_CORRECAO","datetime(8)","NAO","",""
"Estoque / Produtos","J34","Tabela do Sistema Petrus","J34_DATA_GERACAO","datetime(8)","NAO","",""
"Estoque / Produtos","J34","Tabela do Sistema Petrus","J34_EVENTO","int(4)","NAO","",""
"Estoque / Produtos","J34","Tabela do Sistema Petrus","J34_LOTE","int(4)","NAO","",""
"Estoque / Produtos","J34","Tabela do Sistema Petrus","J10_ID","int(4)","NAO","J10",""
"Estoque / Produtos","J34","Tabela do Sistema Petrus","J34_XML_ENCERRAMENTO","xml(-1)","NAO","",""
"Usuários, Perfis e Acessos","J35","Tabela do Sistema Petrus","J35_ID","int(4)","SIM","",""
"Usuários, Perfis e Acessos","J35","Tabela do Sistema Petrus","S1_ID","int(4)","NAO","S1",""
"Usuários, Perfis e Acessos","J35","Tabela do Sistema Petrus","J35_CHAVE_ACESSO","varchar(300)","NAO","",""
"Usuários, Perfis e Acessos","J35","Tabela do Sistema Petrus","J35_SELECIONE","bit(1)","NAO","",""
"Usuários, Perfis e Acessos","J35","Tabela do Sistema Petrus","J35_DATA_INCLUSAO","datetime(8)","NAO","",""
"Usuários, Perfis e Acessos","J35","Tabela do Sistema Petrus","J35_DATA_ALTERACAO","datetime(8)","NAO","",""
"Usuários, Perfis e Acessos","J35","Tabela do Sistema Petrus","J35_USUARIO_INCLUSAO","varchar(50)","NAO","",""
"Usuários, Perfis e Acessos","J35","Tabela do Sistema Petrus","J35_USUARIO_ALTERACAO","varchar(50)","NAO","",""
"Usuários, Perfis e Acessos","J35","Tabela do Sistema Petrus","R7_ID","int(4)","NAO","R7",""
"Usuários, Perfis e Acessos","J35","Tabela do Sistema Petrus","J34_ID","int(4)","NAO","J34",""
"Usuários, Perfis e Acessos","J35","Tabela do Sistema Petrus","J35_VALOR_TOTAL","numeric(9)","NAO","","Campo monetário"
"Usuários, Perfis e Acessos","J35","Tabela do Sistema Petrus","J35_PESO","numeric(9)","NAO","",""
"Usuários, Perfis e Acessos","J35","Tabela do Sistema Petrus","J35_CIDADE","varchar(300)","NAO","",""
"Usuários, Perfis e Acessos","J35","Tabela do Sistema Petrus","X4_ID","int(4)","NAO","X4",""
"Usuários, Perfis e Acessos","J35","Tabela do Sistema Petrus","R13_ID","int(4)","NAO","R13",""
"Usuários, Perfis e Acessos","J35","Tabela do Sistema Petrus","J35_NF","int(4)","NAO","",""
"Estoque / Produtos","J38","Tabela do Sistema Petrus","J38_ID","int(4)","SIM","",""
"Estoque / Produtos","J38","Tabela do Sistema Petrus","S1_ID","int(4)","NAO","S1",""
"Estoque / Produtos","J38","Tabela do Sistema Petrus","J38_SIGLA","varchar(10)","NAO","",""
"Estoque / Produtos","J38","Tabela do Sistema Petrus","J38_SELECIONE","bit(1)","NAO","",""
"Estoque / Produtos","J38","Tabela do Sistema Petrus","J38_DATA_INCLUSAO","datetime(8)","NAO","",""
"Estoque / Produtos","J38","Tabela do Sistema Petrus","J38_DATA_ALTERACAO","datetime(8)","NAO","",""
"Estoque / Produtos","J38","Tabela do Sistema Petrus","J38_USUARIO_INCLUSAO","varchar(50)","NAO","",""
"Estoque / Produtos","J38","Tabela do Sistema Petrus","J38_USUARIO_ALTERACAO","varchar(50)","NAO","",""
"Estoque / Produtos","J38","Tabela do Sistema Petrus","X12_ID","int(4)","NAO","X12",""
"Estoque / Produtos","J38","Tabela do Sistema Petrus","J34_ID","int(4)","NAO","J34",""
"Estoque / Produtos","J38","Tabela do Sistema Petrus","J39_ID","int(4)","NAO","J39",""
"Estoque / Produtos","J38","Tabela do Sistema Petrus","J38_ORDEM","int(4)","NAO","",""
"Estoque / Produtos","J39","Tabela do Sistema Petrus","J39_ID","int(4)","SIM","",""
"Estoque / Produtos","J39","Tabela do Sistema Petrus","S1_ID","int(4)","NAO","S1",""
"Estoque / Produtos","J39","Tabela do Sistema Petrus","J39_SIGLA","varchar(10)","NAO","",""
"Estoque / Produtos","J39","Tabela do Sistema Petrus","J39_SELECIONE","bit(1)","NAO","",""
"Estoque / Produtos","J39","Tabela do Sistema Petrus","J39_DATA_INCLUSAO","datetime(8)","NAO","",""
"Estoque / Produtos","J39","Tabela do Sistema Petrus","J39_DATA_ALTERACAO","datetime(8)","NAO","",""
"Estoque / Produtos","J39","Tabela do Sistema Petrus","J39_USUARIO_INCLUSAO","varchar(50)","NAO","",""
"Estoque / Produtos","J39","Tabela do Sistema Petrus","J39_USUARIO_ALTERACAO","varchar(50)","NAO","",""
"Estoque / Produtos","J39","Tabela do Sistema Petrus","X12_ID","int(4)","NAO","X12",""
"Estoque / Produtos","J39","Tabela do Sistema Petrus","J1_ID","int(4)","NAO","J1",""
"Estoque / Produtos","J39","Tabela do Sistema Petrus","J10_ID","int(4)","NAO","J10",""
"Estoque / Produtos","J39","Tabela do Sistema Petrus","J38_ID","int(4)","NAO","J38",""
"Estoque / Produtos","J4","Tabela do Sistema Petrus","J4_ID","int(4)","SIM","",""
"Estoque / Produtos","J4","Tabela do Sistema Petrus","S1_ID","int(4)","NAO","S1",""
"Estoque / Produtos","J4","Tabela do Sistema Petrus","J4_DESCRICAO","varchar(50)","NAO","",""
"Estoque / Produtos","J4","Tabela do Sistema Petrus","J4_SELECIONE","bit(1)","NAO","",""
"Estoque / Produtos","J4","Tabela do Sistema Petrus","J4_DATA_INCLUSAO","datetime(8)","NAO","",""
"Estoque / Produtos","J4","Tabela do Sistema Petrus","J4_DATA_ALTERACAO","datetime(8)","NAO","",""
"Estoque / Produtos","J4","Tabela do Sistema Petrus","J4_USUARIO_INCLUSAO","varchar(50)","NAO","",""
"Estoque / Produtos","J4","Tabela do Sistema Petrus","J4_USUARIO_ALTERACAO","varchar(50)","NAO","",""
"Estoque / Produtos","J40","Tabela do Sistema Petrus","J40_ID","int(4)","SIM","",""
"Estoque / Produtos","J40","Tabela do Sistema Petrus","S1_ID","int(4)","NAO","S1",""
"Estoque / Produtos","J40","Tabela do Sistema Petrus","J40_BAIRRO","varchar(100)","NAO","",""
"Estoque / Produtos","J40","Tabela do Sistema Petrus","J40_CAIXA_POSTAL","varchar(10)","NAO","",""
"Estoque / Produtos","J40","Tabela do Sistema Petrus","J40_CEP","varchar(15)","NAO","",""
"Estoque / Produtos","J40","Tabela do Sistema Petrus","J40_COMPLEMENTO","varchar(100)","NAO","",""
"Estoque / Produtos","J40","Tabela do Sistema Petrus","J40_LOGRADOURO","varchar(200)","NAO","",""
"Estoque / Produtos","J40","Tabela do Sistema Petrus","J40_NUMERO","varchar(50)","NAO","",""
"Estoque / Produtos","J40","Tabela do Sistema Petrus","J40_OBS","varchar(100)","NAO","",""
"Estoque / Produtos","J40","Tabela do Sistema Petrus","J40_SELECIONE","bit(1)","NAO","",""
"Estoque / Produtos","J40","Tabela do Sistema Petrus","J40_DATA_INCLUSAO","datetime(8)","NAO","",""
"Estoque / Produtos","J40","Tabela do Sistema Petrus","J40_DATA_ALTERACAO","datetime(8)","NAO","",""
"Estoque / Produtos","J40","Tabela do Sistema Petrus","J40_USUARIO_INCLUSAO","varchar(50)","NAO","",""
"Estoque / Produtos","J40","Tabela do Sistema Petrus","J40_USUARIO_ALTERACAO","varchar(50)","NAO","",""
"Estoque / Produtos","J40","Tabela do Sistema Petrus","J40_TELEFONE","varchar(20)","NAO","",""
"Estoque / Produtos","J40","Tabela do Sistema Petrus","J40_CONTATO","varchar(50)","NAO","",""
"Estoque / Produtos","J40","Tabela do Sistema Petrus","X12_ID","int(4)","NAO","X12",""
"Estoque / Produtos","J40","Tabela do Sistema Petrus","X4_ID","int(4)","NAO","X4",""
"Estoque / Produtos","J40","Tabela do Sistema Petrus","X9_ID","int(4)","NAO","X9",""
"Estoque / Produtos","J40","Tabela do Sistema Petrus","X10_ID","int(4)","NAO","X10",""
"Estoque / Produtos","J40","Tabela do Sistema Petrus","J40_COORDENADAS","varchar(300)","NAO","",""
"Estoque / Produtos","J50","Tabela do Sistema Petrus","J50_ID","int(4)","SIM","",""
"Estoque / Produtos","J50","Tabela do Sistema Petrus","S1_ID","int(4)","NAO","S1",""
"Estoque / Produtos","J50","Tabela do Sistema Petrus","J50_DESCRICAO","varchar(300)","NAO","",""
"Estoque / Produtos","J50","Tabela do Sistema Petrus","J50_SELECIONE","bit(1)","NAO","",""
"Estoque / Produtos","J50","Tabela do Sistema Petrus","J50_DATA_INCLUSAO","datetime(8)","NAO","",""
"Estoque / Produtos","J50","Tabela do Sistema Petrus","J50_DATA_ALTERACAO","datetime(8)","NAO","",""
"Estoque / Produtos","J50","Tabela do Sistema Petrus","J50_USUARIO_INCLUSAO","varchar(50)","NAO","",""
"Estoque / Produtos","J50","Tabela do Sistema Petrus","J50_USUARIO_ALTERACAO","varchar(50)","NAO","",""
"Estoque / Produtos","J50","Tabela do Sistema Petrus","J10_ID","int(4)","NAO","J10",""
"Estoque / Produtos","J50","Tabela do Sistema Petrus","G6_ID","int(4)","NAO","G6",""
"Estoque / Produtos","J50","Tabela do Sistema Petrus","J50_REFERENCIA","varchar(50)","NAO","",""
"Estoque / Produtos","J50","Tabela do Sistema Petrus","J50_QUANTIDADE","numeric(9)","NAO","",""
"Estoque / Produtos","J50","Tabela do Sistema Petrus","J50_VOLUME","numeric(9)","NAO","",""
"Estoque / Produtos","J51","Tabela do Sistema Petrus","J51_ID","int(4)","SIM","",""
"Estoque / Produtos","J51","Tabela do Sistema Petrus","S1_ID","int(4)","NAO","S1",""
"Estoque / Produtos","J51","Tabela do Sistema Petrus","J51_DESCRICAO","varchar(300)","NAO","",""
"Estoque / Produtos","J51","Tabela do Sistema Petrus","J51_SELECIONE","bit(1)","NAO","",""
"Estoque / Produtos","J51","Tabela do Sistema Petrus","J51_DATA_INCLUSAO","datetime(8)","NAO","",""
"Estoque / Produtos","J51","Tabela do Sistema Petrus","J51_DATA_ALTERACAO","datetime(8)","NAO","",""
"Estoque / Produtos","J51","Tabela do Sistema Petrus","J51_USUARIO_INCLUSAO","varchar(50)","NAO","",""
"Estoque / Produtos","J51","Tabela do Sistema Petrus","J51_USUARIO_ALTERACAO","varchar(50)","NAO","",""
"Estoque / Produtos","J51","Tabela do Sistema Petrus","J10_ID","int(4)","NAO","J10",""
"Estoque / Produtos","J51","Tabela do Sistema Petrus","G6_ID","int(4)","NAO","G6",""
"Estoque / Produtos","J51","Tabela do Sistema Petrus","J51_REFERENCIA","varchar(50)","NAO","",""
"Estoque / Produtos","J51","Tabela do Sistema Petrus","J51_QUANTIDADE","numeric(9)","NAO","",""
"Estoque / Produtos","J51","Tabela do Sistema Petrus","J51_VOLUME","numeric(9)","NAO","",""
"Estoque / Produtos","J51","Tabela do Sistema Petrus","J51_ESTOQUE","numeric(9)","NAO","","Controla quantidade física"
"Estoque / Produtos","J51","Tabela do Sistema Petrus","J51_SALDO","numeric(9)","NAO","",""
"Estoque / Produtos","J7","Tabela do Sistema Petrus","J7_ID","int(4)","SIM","",""
"Estoque / Produtos","J7","Tabela do Sistema Petrus","S1_ID","int(4)","NAO","S1",""
"Estoque / Produtos","J7","Tabela do Sistema Petrus","J7_SELECIONE","bit(1)","NAO","",""
"Estoque / Produtos","J7","Tabela do Sistema Petrus","J7_DATA_INCLUSAO","datetime(8)","NAO","",""
"Estoque / Produtos","J7","Tabela do Sistema Petrus","J7_DATA_ALTERACAO","datetime(8)","NAO","",""
"Estoque / Produtos","J7","Tabela do Sistema Petrus","J7_USUARIO_INCLUSAO","varchar(50)","NAO","",""
"Estoque / Produtos","J7","Tabela do Sistema Petrus","J7_USUARIO_ALTERACAO","varchar(50)","NAO","",""
"Estoque / Produtos","J7","Tabela do Sistema Petrus","J7_DATA_EMISSAO","datetime(8)","NAO","",""
"Estoque / Produtos","J7","Tabela do Sistema Petrus","J7_DATA_SEPARACAO","datetime(8)","NAO","",""
"Estoque / Produtos","J7","Tabela do Sistema Petrus","R2_ID","int(4)","NAO","R2",""
"Estoque / Produtos","J7","Tabela do Sistema Petrus","R4_ID","int(4)","NAO","R4",""
"Estoque / Produtos","J7","Tabela do Sistema Petrus","J7_CUBAGEM","numeric(9)","NAO","",""
"Estoque / Produtos","J7","Tabela do Sistema Petrus","J7_PECAS","numeric(9)","NAO","",""
"Estoque / Produtos","J7","Tabela do Sistema Petrus","J7_VOLUMES","numeric(9)","NAO","",""
"Estoque / Produtos","J7","Tabela do Sistema Petrus","J7_PESO_BRUTO","numeric(9)","NAO","",""
"Estoque / Produtos","J7","Tabela do Sistema Petrus","J7_PESO_LIQUIDO","numeric(9)","NAO","",""
"Estoque / Produtos","J7","Tabela do Sistema Petrus","J7_FRETE","varchar(15)","NAO","",""
"Estoque / Produtos","J7","Tabela do Sistema Petrus","R13_ID","int(4)","NAO","R13",""
"Estoque / Produtos","J7","Tabela do Sistema Petrus","J7_STATUS","varchar(20)","NAO","","Máquina de estados (Aberto, Fechado, etc)"
"Estoque / Produtos","J7","Tabela do Sistema Petrus","J7_DATA_ENTREGA","datetime(8)","NAO","",""
"Estoque / Produtos","J7","Tabela do Sistema Petrus","X13_ID","int(4)","NAO","X13",""
"Estoque / Produtos","J7","Tabela do Sistema Petrus","J2_ID","int(4)","NAO","J2",""
"Estoque / Produtos","J7","Tabela do Sistema Petrus","J7_DESTINO","varchar(50)","NAO","",""
"Estoque / Produtos","J7","Tabela do Sistema Petrus","J2_ID_1","int(4)","NAO","",""
"Estoque / Produtos","J7","Tabela do Sistema Petrus","J7_LOGRADOURO","varchar(200)","NAO","",""
"Estoque / Produtos","J7","Tabela do Sistema Petrus","J7_NUMERO","varchar(50)","NAO","",""
"Estoque / Produtos","J7","Tabela do Sistema Petrus","J7_BAIRRO","varchar(100)","NAO","",""
"Estoque / Produtos","J7","Tabela do Sistema Petrus","J7_COMPLEMENTO","varchar(100)","NAO","",""
"Estoque / Produtos","J7","Tabela do Sistema Petrus","X4_ID","int(4)","NAO","X4",""
"Estoque / Produtos","J7","Tabela do Sistema Petrus","X12_ID","int(4)","NAO","X12",""
"Estoque / Produtos","J7","Tabela do Sistema Petrus","J7_CNPJ_CPF","varchar(20)","NAO","",""
"Estoque / Produtos","J7","Tabela do Sistema Petrus","J7_CEP","varchar(20)","NAO","",""
"Estoque / Produtos","J7","Tabela do Sistema Petrus","J7_FONE_1","varchar(20)","NAO","",""
"Estoque / Produtos","J7","Tabela do Sistema Petrus","J7_NOME","varchar(300)","NAO","",""
"Estoque / Produtos","J7","Tabela do Sistema Petrus","J7_NOME_1","varchar(300)","NAO","",""
"Estoque / Produtos","J7","Tabela do Sistema Petrus","J7_CNPJ_CPF_1","varchar(20)","NAO","",""
"Estoque / Produtos","J7","Tabela do Sistema Petrus","J7_ENDERECO_1","varchar(150)","NAO","",""
"Estoque / Produtos","J7","Tabela do Sistema Petrus","X4_ID_1","int(4)","NAO","",""
"Estoque / Produtos","J7","Tabela do Sistema Petrus","X12_ID_1","int(4)","NAO","",""
"Estoque / Produtos","J7","Tabela do Sistema Petrus","J7_ESPECIE","varchar(20)","NAO","",""
"Estoque / Produtos","J7","Tabela do Sistema Petrus","J7_NOME_2","varchar(300)","NAO","",""
"Estoque / Produtos","J7","Tabela do Sistema Petrus","J7_CNPJ_CPF_2","varchar(20)","NAO","",""
"Estoque / Produtos","J7","Tabela do Sistema Petrus","J7_ENDERECO_2","varchar(150)","NAO","",""
"Estoque / Produtos","J7","Tabela do Sistema Petrus","X4_ID_2","int(4)","NAO","",""
"Estoque / Produtos","J7","Tabela do Sistema Petrus","X12_ID_3","int(4)","NAO","",""
"Estoque / Produtos","J7","Tabela do Sistema Petrus","J7_TELEFONE_2","varchar(20)","NAO","",""
"Estoque / Produtos","J7","Tabela do Sistema Petrus","J7_TELEFONE_1","varchar(20)","NAO","",""
"Estoque / Produtos","J7","Tabela do Sistema Petrus","J7_FONE_2","varchar(20)","NAO","",""
"Estoque / Produtos","J7","Tabela do Sistema Petrus","J7_OBS_EXPEDICAO","varchar(500)","NAO","",""
"Estoque / Produtos","J7","Tabela do Sistema Petrus","J7_OBS_MINUTA","varchar(500)","NAO","",""
"Estoque / Produtos","J7","Tabela do Sistema Petrus","J7_FONE_3","varchar(20)","NAO","",""
"Estoque / Produtos","J7","Tabela do Sistema Petrus","J7_DATA_EMBALAGEM","datetime(8)","NAO","",""
"Estoque / Produtos","J7","Tabela do Sistema Petrus","J7_NRO_PEDIDO","int(4)","NAO","",""
"Estoque / Produtos","J7","Tabela do Sistema Petrus","J7_ORDEM_COMPRA","varchar(20)","NAO","",""
"Estoque / Produtos","J9","Tabela do Sistema Petrus","J9_ID","int(4)","SIM","",""
"Estoque / Produtos","J9","Tabela do Sistema Petrus","S1_ID","int(4)","NAO","S1",""
"Estoque / Produtos","J9","Tabela do Sistema Petrus","J9_SELECIONE","bit(1)","NAO","",""
"Estoque / Produtos","J9","Tabela do Sistema Petrus","J9_DATA_INCLUSAO","datetime(8)","NAO","",""
"Estoque / Produtos","J9","Tabela do Sistema Petrus","J9_DATA_ALTERACAO","datetime(8)","NAO","",""
"Estoque / Produtos","J9","Tabela do Sistema Petrus","J9_USUARIO_INCLUSAO","varchar(50)","NAO","",""
"Estoque / Produtos","J9","Tabela do Sistema Petrus","J9_USUARIO_ALTERACAO","varchar(50)","NAO","",""
"Estoque / Produtos","J9","Tabela do Sistema Petrus","J9_DATA_EMISSAO","datetime(8)","NAO","",""
"Estoque / Produtos","J9","Tabela do Sistema Petrus","J9_TIPO","varchar(20)","NAO","",""
"Estoque / Produtos","J9","Tabela do Sistema Petrus","J9_DESTINO","varchar(300)","NAO","",""
"Estoque / Produtos","J9","Tabela do Sistema Petrus","B1_ID","int(4)","NAO","B1",""
"Estoque / Produtos","J9","Tabela do Sistema Petrus","B2_ID","int(4)","NAO","B2",""
"Estoque / Produtos","J9","Tabela do Sistema Petrus","J2_ID","int(4)","NAO","J2",""
"Estoque / Produtos","J9","Tabela do Sistema Petrus","J9_FRETE","varchar(20)","NAO","",""
"Estoque / Produtos","J9","Tabela do Sistema Petrus","J9_CUBAGEM","numeric(9)","NAO","",""
"Estoque / Produtos","J9","Tabela do Sistema Petrus","J9_VOLUMES","numeric(9)","NAO","",""
"Estoque / Produtos","J9","Tabela do Sistema Petrus","J9_PESO_BRUTO","numeric(9)","NAO","",""
"Estoque / Produtos","J9","Tabela do Sistema Petrus","J9_PESO_LIQUIDO","numeric(9)","NAO","",""
"Estoque / Produtos","J9","Tabela do Sistema Petrus","R13_ID","int(4)","NAO","R13",""
"Estoque / Produtos","J9","Tabela do Sistema Petrus","J10_ID","int(4)","NAO","J10",""
"Estoque / Produtos","J9","Tabela do Sistema Petrus","J9_DATA_EXPEDICAO","datetime(8)","NAO","",""
"Estoque / Produtos","J9","Tabela do Sistema Petrus","J9_SUBTOTAL","numeric(9)","NAO","",""
"Estoque / Produtos","J9","Tabela do Sistema Petrus","J9_VALOR_TOTAL","numeric(9)","NAO","","Campo monetário"
"Estoque / Produtos","J9","Tabela do Sistema Petrus","R2_ID","int(4)","NAO","R2",""
"Estoque / Produtos","J9","Tabela do Sistema Petrus","J9_DATA_EMBARQUE","datetime(8)","NAO","",""
"Estoque / Produtos","J9","Tabela do Sistema Petrus","J23_ID","int(4)","NAO","J23",""
"Estoque / Produtos","JJ1","Tabela do Sistema Petrus","JJ1_ID","int(4)","SIM","",""
"Estoque / Produtos","JJ1","Tabela do Sistema Petrus","S1_ID","int(4)","NAO","S1",""
"Estoque / Produtos","JJ1","Tabela do Sistema Petrus","JJ1_SELECIONE","bit(1)","NAO","",""
"Estoque / Produtos","JJ1","Tabela do Sistema Petrus","JJ1_DATA_INCLUSAO","datetime(8)","NAO","",""
"Estoque / Produtos","JJ1","Tabela do Sistema Petrus","JJ1_DATA_ALTERACAO","datetime(8)","NAO","",""
"Estoque / Produtos","JJ1","Tabela do Sistema Petrus","JJ1_USUARIO_INCLUSAO","varchar(50)","NAO","",""
"Estoque / Produtos","JJ1","Tabela do Sistema Petrus","JJ1_USUARIO_ALTERACAO","varchar(50)","NAO","",""
"Estoque / Produtos","JJ1","Tabela do Sistema Petrus","B2_ID","int(4)","NAO","B2",""
"Estoque / Produtos","JJ1","Tabela do Sistema Petrus","B1_ID","int(4)","NAO","B1",""
"Estoque / Produtos","JJ1","Tabela do Sistema Petrus","I5_ID","int(4)","NAO","I5",""
"Estoque / Produtos","JJ1","Tabela do Sistema Petrus","JJ5_ID","int(4)","NAO","JJ5",""
"Estoque / Produtos","JJ1","Tabela do Sistema Petrus","JJ1_LITROS","numeric(9)","NAO","",""
"Estoque / Produtos","JJ1","Tabela do Sistema Petrus","JJ1_FORMA_PAGAMENTO","varchar(50)","NAO","",""
"Estoque / Produtos","JJ1","Tabela do Sistema Petrus","JJ1_DATA","datetime(8)","NAO","",""
"Estoque / Produtos","JJ1","Tabela do Sistema Petrus","JJ1_QUILOMETRAGEM","numeric(9)","NAO","",""
"Estoque / Produtos","JJ2","Tabela do Sistema Petrus","JJ2_ID","int(4)","SIM","",""
"Estoque / Produtos","JJ2","Tabela do Sistema Petrus","S1_ID","int(4)","NAO","S1",""
"Estoque / Produtos","JJ2","Tabela do Sistema Petrus","JJ2_SELECIONE","bit(1)","NAO","",""
"Estoque / Produtos","JJ2","Tabela do Sistema Petrus","JJ2_DATA_INCLUSAO","datetime(8)","NAO","",""
"Estoque / Produtos","JJ2","Tabela do Sistema Petrus","JJ2_DATA_ALTERACAO","datetime(8)","NAO","",""
"Estoque / Produtos","JJ2","Tabela do Sistema Petrus","JJ2_USUARIO_INCLUSAO","varchar(50)","NAO","",""
"Estoque / Produtos","JJ2","Tabela do Sistema Petrus","JJ2_USUARIO_ALTERACAO","varchar(50)","NAO","",""
"Estoque / Produtos","JJ2","Tabela do Sistema Petrus","B2_ID","int(4)","NAO","B2",""
"Estoque / Produtos","JJ2","Tabela do Sistema Petrus","B1_ID","int(4)","NAO","B1",""
"Estoque / Produtos","JJ2","Tabela do Sistema Petrus","JJ2_DATA","datetime(8)","NAO","",""
"Estoque / Produtos","JJ2","Tabela do Sistema Petrus","JJ2_VALOR","numeric(9)","NAO","","Campo monetário"
"Estoque / Produtos","JJ2","Tabela do Sistema Petrus","JJ7_ID","int(4)","NAO","JJ7",""
"Estoque / Produtos","JJ2","Tabela do Sistema Petrus","JJ2_LOCAL","varchar(150)","NAO","",""
"Estoque / Produtos","JJ2","Tabela do Sistema Petrus","JJ2_OBS","varchar(-1)","NAO","",""
"Estoque / Produtos","JJ2","Tabela do Sistema Petrus","JJ2_STATUS","varchar(50)","NAO","","Máquina de estados (Aberto, Fechado, etc)"
"Estoque / Produtos","JJ2","Tabela do Sistema Petrus","JJ2_DATA_CONCLUSAO","datetime(8)","NAO","",""
"Estoque / Produtos","JJ2","Tabela do Sistema Petrus","JJ2_DATA_CANCELAMENTO","datetime(8)","NAO","",""
"Estoque / Produtos","JJ3","Tabela do Sistema Petrus","JJ3_ID","int(4)","SIM","",""
"Estoque / Produtos","JJ3","Tabela do Sistema Petrus","S1_ID","int(4)","NAO","S1",""
"Estoque / Produtos","JJ3","Tabela do Sistema Petrus","JJ3_SELECIONE","bit(1)","NAO","",""
"Estoque / Produtos","JJ3","Tabela do Sistema Petrus","JJ3_DATA_INCLUSAO","datetime(8)","NAO","",""
"Estoque / Produtos","JJ3","Tabela do Sistema Petrus","JJ3_DATA_ALTERACAO","datetime(8)","NAO","",""
"Estoque / Produtos","JJ3","Tabela do Sistema Petrus","JJ3_USUARIO_INCLUSAO","varchar(50)","NAO","",""
"Estoque / Produtos","JJ3","Tabela do Sistema Petrus","JJ3_USUARIO_ALTERACAO","varchar(50)","NAO","",""
"Estoque / Produtos","JJ3","Tabela do Sistema Petrus","B2_ID","int(4)","NAO","B2",""
"Estoque / Produtos","JJ3","Tabela do Sistema Petrus","B1_ID","int(4)","NAO","B1",""
"Estoque / Produtos","JJ3","Tabela do Sistema Petrus","JJ3_DATA_SAIDA","datetime(8)","NAO","",""
"Estoque / Produtos","JJ3","Tabela do Sistema Petrus","JJ3_DATA_CHEGADA","datetime(8)","NAO","",""
"Estoque / Produtos","JJ3","Tabela do Sistema Petrus","JJ3_DESTINO","varchar(300)","NAO","",""
"Estoque / Produtos","JJ3","Tabela do Sistema Petrus","JJ3_KM_INICIAL","int(4)","NAO","",""
"Estoque / Produtos","JJ3","Tabela do Sistema Petrus","JJ3_KM_FINAL","int(4)","NAO","",""
"Estoque / Produtos","JJ3","Tabela do Sistema Petrus","JJ3_OBS","varchar(-1)","NAO","",""
"Estoque / Produtos","JJ4","Tabela do Sistema Petrus","JJ4_ID","int(4)","SIM","",""
"Estoque / Produtos","JJ4","Tabela do Sistema Petrus","S1_ID","int(4)","NAO","S1",""
"Estoque / Produtos","JJ4","Tabela do Sistema Petrus","JJ4_SELECIONE","bit(1)","NAO","",""
"Estoque / Produtos","JJ4","Tabela do Sistema Petrus","JJ4_DATA_INCLUSAO","datetime(8)","NAO","",""
"Estoque / Produtos","JJ4","Tabela do Sistema Petrus","JJ4_DATA_ALTERACAO","datetime(8)","NAO","",""
"Estoque / Produtos","JJ4","Tabela do Sistema Petrus","JJ4_USUARIO_INCLUSAO","varchar(50)","NAO","",""
"Estoque / Produtos","JJ4","Tabela do Sistema Petrus","JJ4_USUARIO_ALTERACAO","varchar(50)","NAO","",""
"Estoque / Produtos","JJ4","Tabela do Sistema Petrus","JJ4_TIPO","varchar(50)","NAO","",""
"Estoque / Produtos","JJ4","Tabela do Sistema Petrus","JJ4_DATA","datetime(8)","NAO","",""
"Estoque / Produtos","JJ4","Tabela do Sistema Petrus","I5_ID","int(4)","NAO","I5",""
"Estoque / Produtos","JJ4","Tabela do Sistema Petrus","JJ4_SERVICOS","varchar(1000)","NAO","",""
"Estoque / Produtos","JJ4","Tabela do Sistema Petrus","JJ4_VALOR","numeric(9)","NAO","","Campo monetário"
"Estoque / Produtos","JJ4","Tabela do Sistema Petrus","JJ4_DATA_PROXIMA","datetime(8)","NAO","",""
"Estoque / Produtos","JJ4","Tabela do Sistema Petrus","JJ4_OBS","varchar(-1)","NAO","",""
"Estoque / Produtos","JJ5","Tabela do Sistema Petrus","JJ5_ID","int(4)","SIM","",""
"Estoque / Produtos","JJ5","Tabela do Sistema Petrus","S1_ID","int(4)","NAO","S1",""
"Estoque / Produtos","JJ5","Tabela do Sistema Petrus","JJ5_SELECIONE","bit(1)","NAO","",""
"Estoque / Produtos","JJ5","Tabela do Sistema Petrus","JJ5_DATA_INCLUSAO","datetime(8)","NAO","",""
"Estoque / Produtos","JJ5","Tabela do Sistema Petrus","JJ5_DATA_ALTERACAO","datetime(8)","NAO","",""
"Estoque / Produtos","JJ5","Tabela do Sistema Petrus","JJ5_USUARIO_INCLUSAO","varchar(50)","NAO","",""
"Estoque / Produtos","JJ5","Tabela do Sistema Petrus","JJ5_USUARIO_ALTERACAO","varchar(50)","NAO","",""
"Estoque / Produtos","JJ5","Tabela do Sistema Petrus","JJ5_DESCRICAO","varchar(50)","NAO","",""
"Estoque / Produtos","JJ7","Tabela do Sistema Petrus","JJ7_ID","int(4)","SIM","",""
"Estoque / Produtos","JJ7","Tabela do Sistema Petrus","S1_ID","int(4)","NAO","S1",""
"Estoque / Produtos","JJ7","Tabela do Sistema Petrus","JJ7_SELECIONE","bit(1)","NAO","",""
"Estoque / Produtos","JJ7","Tabela do Sistema Petrus","JJ7_DATA_INCLUSAO","datetime(8)","NAO","",""
"Estoque / Produtos","JJ7","Tabela do Sistema Petrus","JJ7_DATA_ALTERACAO","datetime(8)","NAO","",""
"Estoque / Produtos","JJ7","Tabela do Sistema Petrus","JJ7_USUARIO_INCLUSAO","varchar(50)","NAO","",""
"Estoque / Produtos","JJ7","Tabela do Sistema Petrus","JJ7_USUARIO_ALTERACAO","varchar(50)","NAO","",""
"Estoque / Produtos","JJ7","Tabela do Sistema Petrus","JJ7_DESCRICAO","varchar(50)","NAO","",""
"Estoque / Produtos","JO1","Tabela do Sistema Petrus","JO1_ID","int(4)","SIM","",""
"Estoque / Produtos","JO1","Tabela do Sistema Petrus","S1_ID","int(4)","NAO","S1",""
"Estoque / Produtos","JO1","Tabela do Sistema Petrus","JO1_SELECIONE","bit(1)","NAO","",""
"Estoque / Produtos","JO1","Tabela do Sistema Petrus","JO1_DATA_INCLUSAO","datetime(8)","NAO","",""
"Estoque / Produtos","JO1","Tabela do Sistema Petrus","JO1_DATA_ALTERACAO","datetime(8)","NAO","",""
"Estoque / Produtos","JO1","Tabela do Sistema Petrus","JO1_USUARIO_INCLUSAO","varchar(50)","NAO","",""
"Estoque / Produtos","JO1","Tabela do Sistema Petrus","JO1_USUARIO_ALTERACAO","varchar(50)","NAO","",""
"Estoque / Produtos","JO1","Tabela do Sistema Petrus","R13_ID","int(4)","NAO","R13",""
"Estoque / Produtos","JO2","Tabela do Sistema Petrus","JO2_ID","int(4)","SIM","",""
"Estoque / Produtos","JO2","Tabela do Sistema Petrus","S1_ID","int(4)","NAO","S1",""
"Estoque / Produtos","JO2","Tabela do Sistema Petrus","JO2_DESCRICAO","varchar(300)","NAO","",""
"Estoque / Produtos","JO2","Tabela do Sistema Petrus","JO2_SELECIONE","bit(1)","NAO","",""
"Estoque / Produtos","JO2","Tabela do Sistema Petrus","JO2_DATA_INCLUSAO","datetime(8)","NAO","",""
"Estoque / Produtos","JO2","Tabela do Sistema Petrus","JO2_DATA_ALTERACAO","datetime(8)","NAO","",""
"Estoque / Produtos","JO2","Tabela do Sistema Petrus","JO2_USUARIO_INCLUSAO","varchar(50)","NAO","",""
"Estoque / Produtos","JO2","Tabela do Sistema Petrus","JO2_USUARIO_ALTERACAO","varchar(50)","NAO","",""
"Estoque / Produtos","JO2","Tabela do Sistema Petrus","JO1_ID","int(4)","NAO","JO1",""
"Estoque / Produtos","JO2","Tabela do Sistema Petrus","G6_ID","int(4)","NAO","G6",""
"Estoque / Produtos","JO2","Tabela do Sistema Petrus","R49_ID","varchar(50)","NAO","R49",""
"Estoque / Produtos","JO2","Tabela do Sistema Petrus","JO2_VOLUME","numeric(9)","NAO","",""
"Estoque / Produtos","JX1","Tabela do Sistema Petrus","JX1_ID","int(4)","SIM","",""
"Estoque / Produtos","JX1","Tabela do Sistema Petrus","S1_ID","int(4)","NAO","S1",""
"Estoque / Produtos","JX1","Tabela do Sistema Petrus","JX1_SELECIONE","bit(1)","NAO","",""
"Estoque / Produtos","JX1","Tabela do Sistema Petrus","JX1_DATA_INCLUSAO","datetime(8)","NAO","",""
"Estoque / Produtos","JX1","Tabela do Sistema Petrus","JX1_DATA_ALTERACAO","datetime(8)","NAO","",""
"Estoque / Produtos","JX1","Tabela do Sistema Petrus","JX1_USUARIO_INCLUSAO","varchar(50)","NAO","",""
"Estoque / Produtos","JX1","Tabela do Sistema Petrus","JX1_USUARIO_ALTERACAO","varchar(50)","NAO","",""
"Estoque / Produtos","JX1","Tabela do Sistema Petrus","J2_ID","int(4)","NAO","J2",""
"Estoque / Produtos","JX1","Tabela do Sistema Petrus","JX1_CIDADE","varchar(300)","NAO","",""
"Estoque / Produtos","JX1","Tabela do Sistema Petrus","X4_ID","int(4)","NAO","X4",""
"Estoque / Produtos","JX1","Tabela do Sistema Petrus","JX1_UF","varchar(10)","NAO","",""
"Estoque / Produtos","JX2","Tabela do Sistema Petrus","JX2_ID","int(4)","SIM","",""
"Estoque / Produtos","JX2","Tabela do Sistema Petrus","S1_ID","int(4)","NAO","S1",""
"Estoque / Produtos","JX2","Tabela do Sistema Petrus","JX2_SELECIONE","bit(1)","NAO","",""
"Estoque / Produtos","JX2","Tabela do Sistema Petrus","JX2_DATA_INCLUSAO","datetime(8)","NAO","",""
"Estoque / Produtos","JX2","Tabela do Sistema Petrus","JX2_DATA_ALTERACAO","datetime(8)","NAO","",""
"Estoque / Produtos","JX2","Tabela do Sistema Petrus","JX2_USUARIO_INCLUSAO","varchar(50)","NAO","",""
"Estoque / Produtos","JX2","Tabela do Sistema Petrus","JX2_USUARIO_ALTERACAO","varchar(50)","NAO","",""
"Estoque / Produtos","JX2","Tabela do Sistema Petrus","R13_ID","int(4)","NAO","R13",""
"Estoque / Produtos","JX2","Tabela do Sistema Petrus","JX2_OBS","varchar(-1)","NAO","",""
"Estoque / Produtos","JX2","Tabela do Sistema Petrus","J10_ID","int(4)","NAO","J10",""
"Estoque / Produtos","JX2","Tabela do Sistema Petrus","R2_ID","int(4)","NAO","R2",""
"Estoque / Produtos","JX2","Tabela do Sistema Petrus","JX2_LANCAR_ESTOQUE","bit(1)","NAO","","Controla quantidade física"
"Estoque / Produtos","JX2","Tabela do Sistema Petrus","JX2_DATA","datetime(8)","NAO","",""
"Estoque / Produtos","JX2","Tabela do Sistema Petrus","R13_ID_1","int(4)","NAO","",""
"Estoque / Produtos","JX2","Tabela do Sistema Petrus","JX2_TIPO","varchar(20)","NAO","",""
"Estoque / Produtos","JX2","Tabela do Sistema Petrus","JX2_CHAVE_NFE","varchar(50)","NAO","",""
"Estoque / Produtos","JX2","Tabela do Sistema Petrus","JX2_PROCOTOLO_AUTORIZACAO_NFE","varchar(50)","NAO","",""
"Estoque / Produtos","JX2","Tabela do Sistema Petrus","JX2_NF","int(4)","NAO","",""
"Estoque / Produtos","JX2","Tabela do Sistema Petrus","JX2_SERIE","int(4)","NAO","",""
"Estoque / Produtos","JX2","Tabela do Sistema Petrus","X13_ID","int(4)","NAO","X13",""
"Estoque / Produtos","JX2","Tabela do Sistema Petrus","JX2_DATA_EMISSAO","datetime(8)","NAO","",""
"Estoque / Produtos","JX2","Tabela do Sistema Petrus","JX2_MOTIVO","varchar(300)","NAO","",""
"Estoque / Produtos","JX3","Tabela do Sistema Petrus","JX3_ID","int(4)","SIM","",""
"Estoque / Produtos","JX3","Tabela do Sistema Petrus","S1_ID","int(4)","NAO","S1",""
"Estoque / Produtos","JX3","Tabela do Sistema Petrus","JX3_DESCRICAO","varchar(300)","NAO","",""
"Estoque / Produtos","JX3","Tabela do Sistema Petrus","JX3_SELECIONE","bit(1)","NAO","",""
"Estoque / Produtos","JX3","Tabela do Sistema Petrus","JX3_DATA_INCLUSAO","datetime(8)","NAO","",""
"Estoque / Produtos","JX3","Tabela do Sistema Petrus","JX3_DATA_ALTERACAO","datetime(8)","NAO","",""
"Estoque / Produtos","JX3","Tabela do Sistema Petrus","JX3_USUARIO_INCLUSAO","varchar(50)","NAO","",""
"Estoque / Produtos","JX3","Tabela do Sistema Petrus","JX3_USUARIO_ALTERACAO","varchar(50)","NAO","",""
"Estoque / Produtos","JX3","Tabela do Sistema Petrus","JX2_ID","int(4)","NAO","JX2",""
"Estoque / Produtos","JX3","Tabela do Sistema Petrus","R13_ID","int(4)","NAO","R13",""
"Estoque / Produtos","JX3","Tabela do Sistema Petrus","JX3_QUANTIDADE","numeric(9)","NAO","",""
"Estoque / Produtos","JX3","Tabela do Sistema Petrus","G17_ID","int(4)","NAO","G17",""
"Estoque / Produtos","JX3","Tabela do Sistema Petrus","JX3_SEQUENCIA","int(4)","NAO","",""
"Estoque / Produtos","JX3","Tabela do Sistema Petrus","JX3_BASE_ICMS","numeric(9)","NAO","",""
"Estoque / Produtos","JX3","Tabela do Sistema Petrus","JX3_VALOR_ICMS","numeric(9)","NAO","","Campo monetário"
"Estoque / Produtos","JX3","Tabela do Sistema Petrus","JX3_BASE_ICMS_ST","numeric(9)","NAO","",""
"Estoque / Produtos","JX3","Tabela do Sistema Petrus","JX3_VALOR_ICMS_ST","numeric(9)","NAO","","Campo monetário"
"Estoque / Produtos","JX3","Tabela do Sistema Petrus","JX3_BASE_IPI","numeric(9)","NAO","",""
"Estoque / Produtos","JX3","Tabela do Sistema Petrus","JX3_VALOR_IPI","numeric(9)","NAO","","Campo monetário"
"Estoque / Produtos","JX3","Tabela do Sistema Petrus","JX3_SUBTOTAL","numeric(9)","NAO","",""
"Estoque / Produtos","JX3","Tabela do Sistema Petrus","JX3_VALOR_TOTAL","numeric(9)","NAO","","Campo monetário"
"Estoque / Produtos","JX3","Tabela do Sistema Petrus","R49_ID","int(4)","NAO","R49",""
"Estoque / Produtos","JX3","Tabela do Sistema Petrus","G6_ID","int(4)","NAO","G6",""
"Estoque / Produtos","JX3","Tabela do Sistema Petrus","JX3_BASE_IS","numeric(9)","NAO","",""
"Estoque / Produtos","JX3","Tabela do Sistema Petrus","JX3_VALOR_IS","numeric(9)","NAO","","Campo monetário"
"Estoque / Produtos","JX3","Tabela do Sistema Petrus","JX3_BASE_IBS_CBS","numeric(9)","NAO","",""
"Estoque / Produtos","JX3","Tabela do Sistema Petrus","JX3_VALOR_CBS","numeric(9)","NAO","","Campo monetário"
"Estoque / Produtos","JX3","Tabela do Sistema Petrus","JX3_VALOR_IBS_UF","numeric(9)","NAO","","Campo monetário"
"Estoque / Produtos","JX3","Tabela do Sistema Petrus","JX3_VALOR_IBS_MUN","numeric(9)","NAO","","Campo monetário"
"Estoque / Produtos","JX3","Tabela do Sistema Petrus","JX3_VALOR_IBS_UF_DIFERIMENTO","numeric(9)","NAO","","Campo monetário"
"Estoque / Produtos","JX3","Tabela do Sistema Petrus","JX3_VALOR_IBS_MUN_DIFERIMENTO","numeric(9)","NAO","","Campo monetário"
"Estoque / Produtos","JX3","Tabela do Sistema Petrus","JX3_VALOR_CBS_DIFERIMENTO","numeric(9)","NAO","","Campo monetário"
"Estoque / Produtos","JX3","Tabela do Sistema Petrus","JX3_VALOR_IBS_CREDITO_PRESUMIDO","numeric(9)","NAO","","Campo monetário"
"Estoque / Produtos","JX3","Tabela do Sistema Petrus","JX3_VALOR_CBS_CREDITO_PRESUMIDO","numeric(9)","NAO","","Campo monetário"
"Estoque / Produtos","JX3","Tabela do Sistema Petrus","JX3_REFERENCIA","varchar(50)","NAO","",""
"Estoque / Produtos","JX5","Tabela do Sistema Petrus","JX5_ID","int(4)","SIM","",""
"Estoque / Produtos","JX5","Tabela do Sistema Petrus","S1_ID","int(4)","NAO","S1",""
"Estoque / Produtos","JX5","Tabela do Sistema Petrus","JX5_SELECIONE","bit(1)","NAO","",""
"Estoque / Produtos","JX5","Tabela do Sistema Petrus","JX5_DATA_INCLUSAO","datetime(8)","NAO","",""
"Estoque / Produtos","JX5","Tabela do Sistema Petrus","JX5_DATA_ALTERACAO","datetime(8)","NAO","",""
"Estoque / Produtos","JX5","Tabela do Sistema Petrus","JX5_USUARIO_INCLUSAO","varchar(50)","NAO","",""
"Estoque / Produtos","JX5","Tabela do Sistema Petrus","JX5_USUARIO_ALTERACAO","varchar(50)","NAO","",""
"Estoque / Produtos","JX5","Tabela do Sistema Petrus","JX5_DATA_EMISSAO","datetime(8)","NAO","",""
"Estoque / Produtos","JX5","Tabela do Sistema Petrus","JX5_CUBAGEM","numeric(9)","NAO","",""
"Estoque / Produtos","JX5","Tabela do Sistema Petrus","JX5_SUBTOTAL","numeric(9)","NAO","",""
"Estoque / Produtos","JX5","Tabela do Sistema Petrus","JX5_VALOR_TOTAL","numeric(9)","NAO","","Campo monetário"
"Estoque / Produtos","JX5","Tabela do Sistema Petrus","JX5_DESCRICAO","varchar(300)","NAO","",""
"Estoque / Produtos","JX5","Tabela do Sistema Petrus","JX5_VOLUME","numeric(9)","NAO","",""
"Estoque / Produtos","JX7","Tabela do Sistema Petrus","JX7_ID","int(4)","SIM","",""
"Estoque / Produtos","JX7","Tabela do Sistema Petrus","S1_ID","int(4)","NAO","S1",""
"Estoque / Produtos","JX7","Tabela do Sistema Petrus","JX7_NOME","varchar(300)","NAO","",""
"Estoque / Produtos","JX7","Tabela do Sistema Petrus","JX7_SELECIONE","bit(1)","NAO","",""
"Estoque / Produtos","JX7","Tabela do Sistema Petrus","JX7_DATA_INCLUSAO","datetime(8)","NAO","",""
"Estoque / Produtos","JX7","Tabela do Sistema Petrus","JX7_DATA_ALTERACAO","datetime(8)","NAO","",""
"Estoque / Produtos","JX7","Tabela do Sistema Petrus","JX7_USUARIO_INCLUSAO","varchar(50)","NAO","",""
"Estoque / Produtos","JX7","Tabela do Sistema Petrus","JX7_USUARIO_ALTERACAO","varchar(50)","NAO","",""
"Estoque / Produtos","JX7","Tabela do Sistema Petrus","JX5_ID","int(4)","NAO","JX5",""
"Estoque / Produtos","JX7","Tabela do Sistema Petrus","R13_ID","int(4)","NAO","R13",""
"Estoque / Produtos","JX7","Tabela do Sistema Petrus","JX7_CUBAGEM","numeric(9)","NAO","",""
"Estoque / Produtos","JX7","Tabela do Sistema Petrus","JX7_SUBTOTAL","numeric(9)","NAO","",""
"Estoque / Produtos","JX7","Tabela do Sistema Petrus","JX7_VALOR_TOTAL","numeric(9)","NAO","","Campo monetário"
"Estoque / Produtos","JX7","Tabela do Sistema Petrus","R2_ID","int(4)","NAO","R2",""
"Estoque / Produtos","JX7","Tabela do Sistema Petrus","JX7_DESTINO","varchar(300)","NAO","",""
"Estoque / Produtos","JX8","Tabela do Sistema Petrus","JX8_ID","int(4)","SIM","",""
"Estoque / Produtos","JX8","Tabela do Sistema Petrus","S1_ID","int(4)","NAO","S1",""
"Estoque / Produtos","JX8","Tabela do Sistema Petrus","JX8_DESCRICAO","varchar(300)","NAO","",""
"Estoque / Produtos","JX8","Tabela do Sistema Petrus","JX8_SELECIONE","bit(1)","NAO","",""
"Estoque / Produtos","JX8","Tabela do Sistema Petrus","JX8_DATA_INCLUSAO","datetime(8)","NAO","",""
"Estoque / Produtos","JX8","Tabela do Sistema Petrus","JX8_DATA_ALTERACAO","datetime(8)","NAO","",""
"Estoque / Produtos","JX8","Tabela do Sistema Petrus","JX8_USUARIO_INCLUSAO","varchar(50)","NAO","",""
"Estoque / Produtos","JX8","Tabela do Sistema Petrus","JX8_USUARIO_ALTERACAO","varchar(50)","NAO","",""
"Estoque / Produtos","JX8","Tabela do Sistema Petrus","JX5_ID","int(4)","NAO","JX5",""
"Estoque / Produtos","JX8","Tabela do Sistema Petrus","G6_ID","int(4)","NAO","G6",""
"Estoque / Produtos","JX8","Tabela do Sistema Petrus","JX8_REFERENCIA","varchar(50)","NAO","",""
"Estoque / Produtos","JX8","Tabela do Sistema Petrus","JX8_QUANTIDADE","numeric(9)","NAO","",""
"Estoque / Produtos","JX8","Tabela do Sistema Petrus","JX8_VOLUME","numeric(9)","NAO","",""
"Estoque / Produtos","JX9","Tabela do Sistema Petrus","JX9_ID","int(4)","SIM","",""
"Estoque / Produtos","JX9","Tabela do Sistema Petrus","S1_ID","int(4)","NAO","S1",""
"Estoque / Produtos","JX9","Tabela do Sistema Petrus","JX9_DESCRICAO","varchar(300)","NAO","",""
"Estoque / Produtos","JX9","Tabela do Sistema Petrus","JX9_SELECIONE","bit(1)","NAO","",""
"Estoque / Produtos","JX9","Tabela do Sistema Petrus","JX9_DATA_INCLUSAO","datetime(8)","NAO","",""
"Estoque / Produtos","JX9","Tabela do Sistema Petrus","JX9_DATA_ALTERACAO","datetime(8)","NAO","",""
"Estoque / Produtos","JX9","Tabela do Sistema Petrus","JX9_USUARIO_INCLUSAO","varchar(50)","NAO","",""
"Estoque / Produtos","JX9","Tabela do Sistema Petrus","JX9_USUARIO_ALTERACAO","varchar(50)","NAO","",""
"Estoque / Produtos","JX9","Tabela do Sistema Petrus","JX5_ID","int(4)","NAO","JX5",""
"Estoque / Produtos","JX9","Tabela do Sistema Petrus","G6_ID","int(4)","NAO","G6",""
"Estoque / Produtos","JX9","Tabela do Sistema Petrus","JX9_REFERENCIA","varchar(50)","NAO","",""
"Estoque / Produtos","JX9","Tabela do Sistema Petrus","JX9_QUANTIDADE","numeric(9)","NAO","",""
"Estoque / Produtos","JX9","Tabela do Sistema Petrus","JX9_SALDO","numeric(9)","NAO","",""
"Estoque / Produtos","JZ1","Tabela do Sistema Petrus","JZ1_ID","int(4)","SIM","",""
"Estoque / Produtos","JZ1","Tabela do Sistema Petrus","S1_ID","int(4)","NAO","S1",""
"Estoque / Produtos","JZ1","Tabela do Sistema Petrus","JZ1_UF","varchar(100)","NAO","",""
"Estoque / Produtos","JZ1","Tabela do Sistema Petrus","JZ1_SELECIONE","bit(1)","NAO","",""
"Estoque / Produtos","JZ1","Tabela do Sistema Petrus","JZ1_DATA_INCLUSAO","datetime(8)","NAO","",""
"Estoque / Produtos","JZ1","Tabela do Sistema Petrus","JZ1_DATA_ALTERACAO","datetime(8)","NAO","",""
"Estoque / Produtos","JZ1","Tabela do Sistema Petrus","JZ1_USUARIO_INCLUSAO","varchar(50)","NAO","",""
"Estoque / Produtos","JZ1","Tabela do Sistema Petrus","JZ1_USUARIO_ALTERACAO","varchar(50)","NAO","",""
"Estoque / Produtos","JZ1","Tabela do Sistema Petrus","JZ1_VALOR","numeric(9)","NAO","","Campo monetário"
"Estoque / Produtos","JZ1","Tabela do Sistema Petrus","JZ1_PORCENTAGEM","numeric(9)","NAO","",""
"Geral / Outros","K1","Tabela do Sistema Petrus","K1_ID","int(4)","SIM","",""
"Geral / Outros","K1","Tabela do Sistema Petrus","S1_ID","int(4)","NAO","S1",""
"Geral / Outros","K1","Tabela do Sistema Petrus","K1_DESCRICAO","varchar(300)","NAO","",""
"Geral / Outros","K1","Tabela do Sistema Petrus","K1_SELECIONE","bit(1)","NAO","",""
"Geral / Outros","K1","Tabela do Sistema Petrus","K1_DATA_INCLUSAO","datetime(8)","NAO","",""
"Geral / Outros","K1","Tabela do Sistema Petrus","K1_DATA_ALTERACAO","datetime(8)","NAO","",""
"Geral / Outros","K1","Tabela do Sistema Petrus","K1_USUARIO_INCLUSAO","varchar(50)","NAO","",""
"Geral / Outros","K1","Tabela do Sistema Petrus","K1_USUARIO_ALTERACAO","varchar(50)","NAO","",""
"Geral / Outros","K2","Tabela do Sistema Petrus","K2_ID","int(4)","SIM","",""
"Geral / Outros","K2","Tabela do Sistema Petrus","S1_ID","int(4)","NAO","S1",""
"Geral / Outros","K2","Tabela do Sistema Petrus","K2_DESCRICAO","varchar(300)","NAO","",""
"Geral / Outros","K2","Tabela do Sistema Petrus","K2_SELECIONE","bit(1)","NAO","",""
"Geral / Outros","K2","Tabela do Sistema Petrus","K2_DATA_INCLUSAO","datetime(8)","NAO","",""
"Geral / Outros","K2","Tabela do Sistema Petrus","K2_DATA_ALTERACAO","datetime(8)","NAO","",""
"Geral / Outros","K2","Tabela do Sistema Petrus","K2_USUARIO_INCLUSAO","varchar(50)","NAO","",""
"Geral / Outros","K2","Tabela do Sistema Petrus","K2_USUARIO_ALTERACAO","varchar(50)","NAO","",""
"Geral / Outros","K3","Tabela do Sistema Petrus","K3_ID","int(4)","SIM","",""
"Geral / Outros","K3","Tabela do Sistema Petrus","S1_ID","int(4)","NAO","S1",""
"Geral / Outros","K3","Tabela do Sistema Petrus","K3_DESCRICAO","varchar(300)","NAO","",""
"Geral / Outros","K3","Tabela do Sistema Petrus","K3_SELECIONE","bit(1)","NAO","",""
"Geral / Outros","K3","Tabela do Sistema Petrus","K3_DATA_INCLUSAO","datetime(8)","NAO","",""
"Geral / Outros","K3","Tabela do Sistema Petrus","K3_DATA_ALTERACAO","datetime(8)","NAO","",""
"Geral / Outros","K3","Tabela do Sistema Petrus","K3_USUARIO_INCLUSAO","varchar(50)","NAO","",""
"Geral / Outros","K3","Tabela do Sistema Petrus","K3_USUARIO_ALTERACAO","varchar(50)","NAO","",""
"Geral / Outros","L10","Tabela do Sistema Petrus","L10_ID","int(4)","SIM","",""
"Geral / Outros","L10","Tabela do Sistema Petrus","S1_ID","int(4)","NAO","S1",""
"Geral / Outros","L10","Tabela do Sistema Petrus","L10_DESCRICAO","varchar(300)","NAO","",""
"Geral / Outros","L10","Tabela do Sistema Petrus","L10_TIPO","varchar(20)","NAO","",""
"Geral / Outros","L10","Tabela do Sistema Petrus","L10_SELECIONE","bit(1)","NAO","",""
"Geral / Outros","L10","Tabela do Sistema Petrus","L10_DATA_INCLUSAO","datetime(8)","NAO","",""
"Geral / Outros","L10","Tabela do Sistema Petrus","L10_DATA_ALTERACAO","datetime(8)","NAO","",""
"Geral / Outros","L10","Tabela do Sistema Petrus","L10_USUARIO_INCLUSAO","varchar(50)","NAO","",""
"Geral / Outros","L10","Tabela do Sistema Petrus","L10_USUARIO_ALTERACAO","varchar(50)","NAO","",""
"Geral / Outros","L10","Tabela do Sistema Petrus","L10_CODIGO","varchar(30)","NAO","",""
"Geral / Outros","L10","Tabela do Sistema Petrus","L10_OBS","varchar(-1)","NAO","",""
"Geral / Outros","L10","Tabela do Sistema Petrus","L10_MODELO","varchar(20)","NAO","",""
"Geral / Outros","L10","Tabela do Sistema Petrus","L10_ID_1","int(4)","NAO","",""
"Geral / Outros","L10","Tabela do Sistema Petrus","L10_NATUREZA","varchar(50)","NAO","",""
"Geral / Outros","L4","Tabela do Sistema Petrus","L4_ID","int(4)","SIM","",""
"Geral / Outros","L4","Tabela do Sistema Petrus","S1_ID","int(4)","NAO","S1",""
"Geral / Outros","L4","Tabela do Sistema Petrus","L4_SELECIONE","bit(1)","NAO","",""
"Geral / Outros","L4","Tabela do Sistema Petrus","L4_DATA_INCLUSAO","datetime(8)","NAO","",""
"Geral / Outros","L4","Tabela do Sistema Petrus","L4_DATA_ALTERACAO","datetime(8)","NAO","",""
"Geral / Outros","L4","Tabela do Sistema Petrus","L4_USUARIO_INCLUSAO","varchar(50)","NAO","",""
"Geral / Outros","L4","Tabela do Sistema Petrus","L4_USUARIO_ALTERACAO","varchar(50)","NAO","",""
"Geral / Outros","L4","Tabela do Sistema Petrus","L4_VALOR","numeric(9)","NAO","","Campo monetário"
"Geral / Outros","L4","Tabela do Sistema Petrus","L4_DATA","datetime(8)","NAO","",""
"Geral / Outros","L4","Tabela do Sistema Petrus","L10_ID","int(4)","NAO","L10",""
"Geral / Outros","L4","Tabela do Sistema Petrus","N91_ID","int(4)","NAO","N91",""
"Geral / Outros","L4","Tabela do Sistema Petrus","L4_TIPO","varchar(20)","NAO","",""
"Geral / Outros","L4","Tabela do Sistema Petrus","L4_DESCRICAO","varchar(300)","NAO","",""
"Geral / Outros","L4","Tabela do Sistema Petrus","L4_CODIGO","varchar(50)","NAO","",""
"Geral / Outros","L4","Tabela do Sistema Petrus","L4_PORCENTAGEM","numeric(9)","NAO","",""
"Geral / Outros","L53","Tabela do Sistema Petrus","L53_ID","int(4)","SIM","",""
"Geral / Outros","L53","Tabela do Sistema Petrus","S1_ID","int(4)","NAO","S1",""
"Geral / Outros","L53","Tabela do Sistema Petrus","L53_SELECIONE","bit(1)","NAO","",""
"Geral / Outros","L53","Tabela do Sistema Petrus","L53_DATA_INCLUSAO","datetime(8)","NAO","",""
"Geral / Outros","L53","Tabela do Sistema Petrus","L53_DATA_ALTERACAO","datetime(8)","NAO","",""
"Geral / Outros","L53","Tabela do Sistema Petrus","L53_USUARIO_INCLUSAO","varchar(50)","NAO","",""
"Geral / Outros","L53","Tabela do Sistema Petrus","L53_USUARIO_ALTERACAO","varchar(50)","NAO","",""
"Geral / Outros","L53","Tabela do Sistema Petrus","L6_ID","int(4)","NAO","L6",""
"Geral / Outros","L53","Tabela do Sistema Petrus","L53_NOME","varchar(300)","NAO","",""
"Geral / Outros","L53","Tabela do Sistema Petrus","L53_CPF","varchar(30)","NAO","",""
"Geral / Outros","L53","Tabela do Sistema Petrus","L53_CRC","varchar(30)","NAO","",""
"Geral / Outros","L53","Tabela do Sistema Petrus","L53_CNPJ","varchar(30)","NAO","",""
"Geral / Outros","L53","Tabela do Sistema Petrus","L53_CEP","varchar(30)","NAO","",""
"Geral / Outros","L53","Tabela do Sistema Petrus","L53_LOGRADOURO","varchar(200)","NAO","",""
"Geral / Outros","L53","Tabela do Sistema Petrus","L53_NUMERO","varchar(50)","NAO","",""
"Geral / Outros","L53","Tabela do Sistema Petrus","L53_COMPLEMENTO","varchar(100)","NAO","",""
"Geral / Outros","L53","Tabela do Sistema Petrus","L53_BAIRRO","varchar(100)","NAO","",""
"Geral / Outros","L53","Tabela do Sistema Petrus","L53_TELEFONE","varchar(20)","NAO","",""
"Geral / Outros","L53","Tabela do Sistema Petrus","L53_FAX","varchar(20)","NAO","",""
"Geral / Outros","L53","Tabela do Sistema Petrus","L53_EMAIL","varchar(500)","NAO","",""
"Geral / Outros","L53","Tabela do Sistema Petrus","X4_ID","int(4)","NAO","X4",""
"Fiscal / Faturamento","L56","Tabela do Sistema Petrus","L56_ID","int(4)","SIM","",""
"Fiscal / Faturamento","L56","Tabela do Sistema Petrus","S1_ID","int(4)","NAO","S1",""
"Fiscal / Faturamento","L56","Tabela do Sistema Petrus","L56_SELECIONE","bit(1)","NAO","",""
"Fiscal / Faturamento","L56","Tabela do Sistema Petrus","L56_DATA_INCLUSAO","datetime(8)","NAO","",""
"Fiscal / Faturamento","L56","Tabela do Sistema Petrus","L56_DATA_ALTERACAO","datetime(8)","NAO","",""
"Fiscal / Faturamento","L56","Tabela do Sistema Petrus","L56_USUARIO_INCLUSAO","varchar(50)","NAO","",""
"Fiscal / Faturamento","L56","Tabela do Sistema Petrus","L56_USUARIO_ALTERACAO","varchar(50)","NAO","",""
"Fiscal / Faturamento","L56","Tabela do Sistema Petrus","L56_DATA_EMISSAO","datetime(8)","NAO","",""
"Fiscal / Faturamento","L56","Tabela do Sistema Petrus","L56_NOME_ARQUIVO","varchar(150)","NAO","",""
"Fiscal / Faturamento","L56","Tabela do Sistema Petrus","L56_XML","xml(-1)","NAO","",""
"Fiscal / Faturamento","L56","Tabela do Sistema Petrus","L71_ID","int(4)","NAO","L71",""
"Fiscal / Faturamento","L56","Tabela do Sistema Petrus","R7_ID","int(4)","NAO","R7",""
"Fiscal / Faturamento","L59","Tabela do Sistema Petrus","L59_ID","int(4)","SIM","",""
"Fiscal / Faturamento","L59","Tabela do Sistema Petrus","S1_ID","int(4)","NAO","S1",""
"Fiscal / Faturamento","L59","Tabela do Sistema Petrus","L59_SELECIONE","bit(1)","NAO","",""
"Fiscal / Faturamento","L59","Tabela do Sistema Petrus","L59_DATA_INCLUSAO","datetime(8)","NAO","",""
"Fiscal / Faturamento","L59","Tabela do Sistema Petrus","L59_DATA_ALTERACAO","datetime(8)","NAO","",""
"Fiscal / Faturamento","L59","Tabela do Sistema Petrus","L59_USUARIO_INCLUSAO","varchar(50)","NAO","",""
"Fiscal / Faturamento","L59","Tabela do Sistema Petrus","L59_USUARIO_ALTERACAO","varchar(50)","NAO","",""
"Fiscal / Faturamento","L59","Tabela do Sistema Petrus","L59_MODELO","varchar(20)","NAO","",""
"Fiscal / Faturamento","L59","Tabela do Sistema Petrus","L59_SERIE","int(4)","NAO","",""
"Fiscal / Faturamento","L59","Tabela do Sistema Petrus","L59_NUMERO_INICIAL","int(4)","NAO","",""
"Fiscal / Faturamento","L59","Tabela do Sistema Petrus","L59_NUMERO_FINAL","int(4)","NAO","",""
"Fiscal / Faturamento","L59","Tabela do Sistema Petrus","L59_JUSTIFICATIVA","varchar(150)","NAO","",""
"Fiscal / Faturamento","L59","Tabela do Sistema Petrus","L59_ANO","int(4)","NAO","",""
"Fiscal / Faturamento","L59","Tabela do Sistema Petrus","L59_XML","xml(-1)","NAO","",""
"Fiscal / Faturamento","L59","Tabela do Sistema Petrus","L59_DATA","datetime(8)","NAO","",""
"Fiscal / Faturamento","L59","Tabela do Sistema Petrus","L59_PROTOCOLO","varchar(50)","NAO","",""
"Geral / Outros","L6","Tabela do Sistema Petrus","L6_ID","int(4)","SIM","",""
"Geral / Outros","L6","Tabela do Sistema Petrus","S1_ID","int(4)","NAO","S1",""
"Geral / Outros","L6","Tabela do Sistema Petrus","L6_NOME_ARQUIVO","varchar(50)","NAO","",""
"Geral / Outros","L6","Tabela do Sistema Petrus","L6_SELECIONE","bit(1)","NAO","",""
"Geral / Outros","L6","Tabela do Sistema Petrus","L6_DATA_INCLUSAO","datetime(8)","NAO","",""
"Geral / Outros","L6","Tabela do Sistema Petrus","L6_DATA_ALTERACAO","datetime(8)","NAO","",""
"Geral / Outros","L6","Tabela do Sistema Petrus","L6_USUARIO_INCLUSAO","varchar(50)","NAO","",""
"Geral / Outros","L6","Tabela do Sistema Petrus","L6_USUARIO_ALTERACAO","varchar(50)","NAO","",""
"Geral / Outros","L6","Tabela do Sistema Petrus","L6_DATA_INICIAL","datetime(8)","NAO","",""
"Geral / Outros","L6","Tabela do Sistema Petrus","L6_DATA_FINAL","datetime(8)","NAO","",""
"Geral / Outros","L6","Tabela do Sistema Petrus","L6_DATA_EMISSAO","datetime(8)","NAO","",""
"Geral / Outros","L6","Tabela do Sistema Petrus","L53_ID","int(4)","NAO","L53",""
"Geral / Outros","L6","Tabela do Sistema Petrus","L6_STATUS","varchar(20)","NAO","","Máquina de estados (Aberto, Fechado, etc)"
"Geral / Outros","L6","Tabela do Sistema Petrus","L6_ARQUIVO","varchar(-1)","NAO","",""
"Geral / Outros","L70","Tabela do Sistema Petrus","L70_ID","int(4)","SIM","",""
"Geral / Outros","L70","Tabela do Sistema Petrus","S1_ID","int(4)","NAO","S1",""
"Geral / Outros","L70","Tabela do Sistema Petrus","L70_SELECIONE","bit(1)","NAO","",""
"Geral / Outros","L70","Tabela do Sistema Petrus","L70_DATA_INCLUSAO","datetime(8)","NAO","",""
"Geral / Outros","L70","Tabela do Sistema Petrus","L70_DATA_ALTERACAO","datetime(8)","NAO","",""
"Geral / Outros","L70","Tabela do Sistema Petrus","L70_USUARIO_INCLUSAO","varchar(50)","NAO","",""
"Geral / Outros","L70","Tabela do Sistema Petrus","L70_USUARIO_ALTERACAO","varchar(50)","NAO","",""
"Geral / Outros","L70","Tabela do Sistema Petrus","L70_VALOR","numeric(9)","NAO","","Campo monetário"
"Geral / Outros","L70","Tabela do Sistema Petrus","L70_DATA","datetime(8)","NAO","",""
"Geral / Outros","L70","Tabela do Sistema Petrus","N9_ID","int(4)","NAO","N9",""
"Geral / Outros","L70","Tabela do Sistema Petrus","L10_ID","int(4)","NAO","L10",""
"Geral / Outros","L70","Tabela do Sistema Petrus","L70_TIPO","varchar(20)","NAO","",""
"Geral / Outros","L70","Tabela do Sistema Petrus","L70_DESCRICAO","varchar(300)","NAO","",""
"Geral / Outros","L70","Tabela do Sistema Petrus","L70_CODIGO","varchar(50)","NAO","",""
"Geral / Outros","L70","Tabela do Sistema Petrus","L70_PORCENTAGEM","numeric(9)","NAO","",""
"Geral / Outros","L71","Tabela do Sistema Petrus","L71_ID","int(4)","SIM","",""
"Geral / Outros","L71","Tabela do Sistema Petrus","S1_ID","int(4)","NAO","S1",""
"Geral / Outros","L71","Tabela do Sistema Petrus","L71_SELECIONE","bit(1)","NAO","",""
"Geral / Outros","L71","Tabela do Sistema Petrus","L71_DATA_INCLUSAO","datetime(8)","NAO","",""
"Geral / Outros","L71","Tabela do Sistema Petrus","L71_DATA_ALTERACAO","datetime(8)","NAO","",""
"Geral / Outros","L71","Tabela do Sistema Petrus","L71_USUARIO_INCLUSAO","varchar(50)","NAO","",""
"Geral / Outros","L71","Tabela do Sistema Petrus","L71_USUARIO_ALTERACAO","varchar(50)","NAO","",""
"Financeiro / Cobrança","N1","Tabela do Sistema Petrus","N1_ID","int(4)","SIM","",""
"Financeiro / Cobrança","N1","Tabela do Sistema Petrus","S1_ID","int(4)","NAO","S1",""
"Financeiro / Cobrança","N1","Tabela do Sistema Petrus","N1_DESCRICAO","varchar(50)","NAO","",""
"Financeiro / Cobrança","N1","Tabela do Sistema Petrus","N1_SELECIONE","bit(1)","NAO","",""
"Financeiro / Cobrança","N1","Tabela do Sistema Petrus","N1_DATA_INCLUSAO","datetime(8)","NAO","",""
"Financeiro / Cobrança","N1","Tabela do Sistema Petrus","N1_DATA_ALTERACAO","datetime(8)","NAO","",""
"Financeiro / Cobrança","N1","Tabela do Sistema Petrus","N1_USUARIO_INCLUSAO","varchar(50)","NAO","",""
"Financeiro / Cobrança","N1","Tabela do Sistema Petrus","N1_USUARIO_ALTERACAO","varchar(50)","NAO","",""
"Financeiro / Cobrança","N13","Tabela do Sistema Petrus","N13_ID","int(4)","SIM","",""
"Financeiro / Cobrança","N13","Tabela do Sistema Petrus","S1_ID","int(4)","NAO","S1",""
"Financeiro / Cobrança","N13","Tabela do Sistema Petrus","N13_DESCRICAO","varchar(300)","NAO","",""
"Financeiro / Cobrança","N13","Tabela do Sistema Petrus","N13_TIPO","varchar(30)","NAO","",""
"Financeiro / Cobrança","N13","Tabela do Sistema Petrus","N13_SELECIONE","bit(1)","NAO","",""
"Financeiro / Cobrança","N13","Tabela do Sistema Petrus","N13_DATA_INCLUSAO","datetime(8)","NAO","",""
"Financeiro / Cobrança","N13","Tabela do Sistema Petrus","N13_DATA_ALTERACAO","datetime(8)","NAO","",""
"Financeiro / Cobrança","N13","Tabela do Sistema Petrus","N13_USUARIO_INCLUSAO","varchar(50)","NAO","",""
"Financeiro / Cobrança","N13","Tabela do Sistema Petrus","N13_USUARIO_ALTERACAO","varchar(50)","NAO","",""
"Financeiro / Cobrança","N13","Tabela do Sistema Petrus","N9_ID","int(4)","NAO","N9",""
"Financeiro / Cobrança","N13","Tabela do Sistema Petrus","N13_VALOR_PAGO","numeric(9)","NAO","","Campo monetário"
"Financeiro / Cobrança","N13","Tabela do Sistema Petrus","N13_DATA_PAGAMENTO","datetime(8)","NAO","",""
"Financeiro / Cobrança","N13","Tabela do Sistema Petrus","N13_VALOR_TITULO","numeric(9)","NAO","","Campo monetário"
"Financeiro / Cobrança","N13","Tabela do Sistema Petrus","I5_ID","int(4)","NAO","I5",""
"Financeiro / Cobrança","N13","Tabela do Sistema Petrus","I3_ID","int(4)","NAO","I3",""
"Financeiro / Cobrança","N13","Tabela do Sistema Petrus","I11_ID","int(4)","NAO","I11",""
"Financeiro / Cobrança","N13","Tabela do Sistema Petrus","N13_DIAS_ATRASO","int(4)","NAO","",""
"Financeiro / Cobrança","N13","Tabela do Sistema Petrus","N49_ID","int(4)","NAO","N49",""
"Financeiro / Cobrança","N13","Tabela do Sistema Petrus","N13_NUMERO_DOCUMENTO","varchar(50)","NAO","",""
"Financeiro / Cobrança","N13","Tabela do Sistema Petrus","N13_ESTORNADO","bit(1)","NAO","",""
"Financeiro / Cobrança","N13","Tabela do Sistema Petrus","N13_FORMA_PAGAMENTO","varchar(50)","NAO","",""
"Financeiro / Cobrança","N13","Tabela do Sistema Petrus","N13_VALOR_FINANCEIRO","numeric(9)","NAO","","Campo monetário"
"Financeiro / Cobrança","N13","Tabela do Sistema Petrus","N13_VALOR_DESCONTO","numeric(9)","NAO","","Campo monetário"
"Financeiro / Cobrança","N13","Tabela do Sistema Petrus","N13_DATA_ESTORNO","datetime(8)","NAO","",""
"Financeiro / Cobrança","N13","Tabela do Sistema Petrus","I57_ID","int(4)","NAO","I57",""
"Financeiro / Cobrança","N22","Títulos Financeiros (Contas a Receber/Pagar)","N22_ID","int(4)","SIM","",""
"Financeiro / Cobrança","N22","Títulos Financeiros (Contas a Receber/Pagar)","S1_ID","int(4)","NAO","S1",""
"Financeiro / Cobrança","N22","Títulos Financeiros (Contas a Receber/Pagar)","N22_BASE_COMISSAO","numeric(9)","NAO","",""
"Financeiro / Cobrança","N22","Títulos Financeiros (Contas a Receber/Pagar)","N22_DATA_BAIXA","datetime(8)","NAO","",""
"Financeiro / Cobrança","N22","Títulos Financeiros (Contas a Receber/Pagar)","N22_DATA_DESCONTO","datetime(8)","NAO","",""
"Financeiro / Cobrança","N22","Títulos Financeiros (Contas a Receber/Pagar)","N22_DATA_FATURAMENTO","datetime(8)","NAO","",""
"Financeiro / Cobrança","N22","Títulos Financeiros (Contas a Receber/Pagar)","N22_DATA_PROGRAMACAO","datetime(8)","NAO","",""
"Financeiro / Cobrança","N22","Títulos Financeiros (Contas a Receber/Pagar)","N22_DATA_VENCIMENTO","datetime(8)","NAO","",""
"Financeiro / Cobrança","N22","Títulos Financeiros (Contas a Receber/Pagar)","N22_DESCONTO","numeric(9)","NAO","",""
"Financeiro / Cobrança","N22","Títulos Financeiros (Contas a Receber/Pagar)","N22_DIAS","int(4)","NAO","",""
"Financeiro / Cobrança","N22","Títulos Financeiros (Contas a Receber/Pagar)","N22_JUROS","numeric(9)","NAO","",""
"Financeiro / Cobrança","N22","Títulos Financeiros (Contas a Receber/Pagar)","N22_MULTA","numeric(9)","NAO","",""
"Financeiro / Cobrança","N22","Títulos Financeiros (Contas a Receber/Pagar)","N49_ID","int(4)","NAO","N49",""
"Financeiro / Cobrança","N22","Títulos Financeiros (Contas a Receber/Pagar)","N22_TERMO_RESPONSABILIDADE","bit(1)","NAO","",""
"Financeiro / Cobrança","N22","Títulos Financeiros (Contas a Receber/Pagar)","N22_VALOR_DESCONTO","numeric(9)","NAO","","Campo monetário"
"Financeiro / Cobrança","N22","Títulos Financeiros (Contas a Receber/Pagar)","N22_VALOR_JUROS","numeric(9)","NAO","","Campo monetário"
"Financeiro / Cobrança","N22","Títulos Financeiros (Contas a Receber/Pagar)","N22_VALOR_MULTA","numeric(9)","NAO","","Campo monetário"
"Financeiro / Cobrança","N22","Títulos Financeiros (Contas a Receber/Pagar)","N22_VALOR_SALDO","numeric(9)","NAO","","Campo monetário"
"Financeiro / Cobrança","N22","Títulos Financeiros (Contas a Receber/Pagar)","N22_VALOR_TITULO","numeric(9)","NAO","","Campo monetário"
"Financeiro / Cobrança","N22","Títulos Financeiros (Contas a Receber/Pagar)","N22_TIPO","varchar(15)","NAO","",""
"Financeiro / Cobrança","N22","Títulos Financeiros (Contas a Receber/Pagar)","N22_SELECIONE","bit(1)","NAO","",""
"Financeiro / Cobrança","N22","Títulos Financeiros (Contas a Receber/Pagar)","N22_DATA_INCLUSAO","datetime(8)","NAO","",""
"Financeiro / Cobrança","N22","Títulos Financeiros (Contas a Receber/Pagar)","N22_DATA_ALTERACAO","datetime(8)","NAO","",""
"Financeiro / Cobrança","N22","Títulos Financeiros (Contas a Receber/Pagar)","N22_USUARIO_INCLUSAO","varchar(50)","NAO","",""
"Financeiro / Cobrança","N22","Títulos Financeiros (Contas a Receber/Pagar)","N22_USUARIO_ALTERACAO","varchar(50)","NAO","",""
"Financeiro / Cobrança","N22","Títulos Financeiros (Contas a Receber/Pagar)","R2_ID","int(4)","NAO","R2",""
"Financeiro / Cobrança","N22","Títulos Financeiros (Contas a Receber/Pagar)","N22_NUMERO_BANCARIO","varchar(50)","NAO","",""
"Financeiro / Cobrança","N22","Títulos Financeiros (Contas a Receber/Pagar)","N22_STATUS","varchar(50)","NAO","","Máquina de estados (Aberto, Fechado, etc)"
"Financeiro / Cobrança","N22","Títulos Financeiros (Contas a Receber/Pagar)","N22_VALOR_RECEBIDO","numeric(9)","NAO","","Campo monetário"
"Financeiro / Cobrança","N22","Títulos Financeiros (Contas a Receber/Pagar)","R7_ID","int(4)","NAO","R7",""
"Financeiro / Cobrança","N22","Títulos Financeiros (Contas a Receber/Pagar)","R13_ID","int(4)","NAO","R13",""
"Financeiro / Cobrança","N22","Títulos Financeiros (Contas a Receber/Pagar)","N22_VALOR_ACRESCIMO","numeric(9)","NAO","","Campo monetário"
"Financeiro / Cobrança","N22","Títulos Financeiros (Contas a Receber/Pagar)","N22_VALOR_COMISSAO","numeric(9)","NAO","","Campo monetário"
"Financeiro / Cobrança","N22","Títulos Financeiros (Contas a Receber/Pagar)","N22_COMISSAO","numeric(9)","NAO","",""
"Financeiro / Cobrança","N22","Títulos Financeiros (Contas a Receber/Pagar)","N22_DIAS_ATRASO","int(4)","NAO","",""
"Financeiro / Cobrança","N22","Títulos Financeiros (Contas a Receber/Pagar)","R4_ID","int(4)","NAO","R4",""
"Financeiro / Cobrança","N22","Títulos Financeiros (Contas a Receber/Pagar)","N22_COMISSIONAMENTO","varchar(50)","NAO","",""
"Financeiro / Cobrança","N22","Títulos Financeiros (Contas a Receber/Pagar)","N22_PARCELA","int(4)","NAO","",""
"Financeiro / Cobrança","N22","Títulos Financeiros (Contas a Receber/Pagar)","N22_PREFIXO","varchar(20)","NAO","",""
"Financeiro / Cobrança","N22","Títulos Financeiros (Contas a Receber/Pagar)","R50_ID","int(4)","NAO","R50",""
"Financeiro / Cobrança","N22","Títulos Financeiros (Contas a Receber/Pagar)","N22_DATA_EMISSAO","datetime(8)","NAO","",""
"Financeiro / Cobrança","N22","Títulos Financeiros (Contas a Receber/Pagar)","N22_LOGRADOURO","varchar(200)","NAO","",""
"Financeiro / Cobrança","N22","Títulos Financeiros (Contas a Receber/Pagar)","N22_NUMERO","varchar(50)","NAO","",""
"Financeiro / Cobrança","N22","Títulos Financeiros (Contas a Receber/Pagar)","N22_BAIRRO","varchar(100)","NAO","",""
"Financeiro / Cobrança","N22","Títulos Financeiros (Contas a Receber/Pagar)","N22_COMPLEMENTO","varchar(100)","NAO","",""
"Financeiro / Cobrança","N22","Títulos Financeiros (Contas a Receber/Pagar)","X4_ID","int(4)","NAO","X4",""
"Financeiro / Cobrança","N22","Títulos Financeiros (Contas a Receber/Pagar)","X12_ID","int(4)","NAO","X12",""
"Financeiro / Cobrança","N22","Títulos Financeiros (Contas a Receber/Pagar)","N22_CNPJ_CPF","varchar(20)","NAO","",""
"Financeiro / Cobrança","N22","Títulos Financeiros (Contas a Receber/Pagar)","N22_CEP","varchar(20)","NAO","",""
"Financeiro / Cobrança","N22","Títulos Financeiros (Contas a Receber/Pagar)","N22_EMAIL","varchar(500)","NAO","",""
"Financeiro / Cobrança","N22","Títulos Financeiros (Contas a Receber/Pagar)","N22_FONE_1","varchar(20)","NAO","",""
"Financeiro / Cobrança","N22","Títulos Financeiros (Contas a Receber/Pagar)","N22_NOME","varchar(300)","NAO","",""
"Financeiro / Cobrança","N22","Títulos Financeiros (Contas a Receber/Pagar)","N22_IE_RG","varchar(20)","NAO","",""
"Financeiro / Cobrança","N22","Títulos Financeiros (Contas a Receber/Pagar)","N22_IE_ISENTO","bit(1)","NAO","",""
"Financeiro / Cobrança","N22","Títulos Financeiros (Contas a Receber/Pagar)","N43_ID","int(4)","NAO","N43",""
"Financeiro / Cobrança","N22","Títulos Financeiros (Contas a Receber/Pagar)","N22_NUMERO_DOCUMENTO","varchar(20)","NAO","",""
"Financeiro / Cobrança","N22","Títulos Financeiros (Contas a Receber/Pagar)","N22_DATA_PROCESSAMENTO","datetime(8)","NAO","",""
"Financeiro / Cobrança","N22","Títulos Financeiros (Contas a Receber/Pagar)","N22_VALOR_FINANCEIRO","numeric(9)","NAO","","Campo monetário"
"Financeiro / Cobrança","N22","Títulos Financeiros (Contas a Receber/Pagar)","N22_FONE_2","varchar(20)","NAO","",""
"Financeiro / Cobrança","N22","Títulos Financeiros (Contas a Receber/Pagar)","N22_ORIGEM","varchar(50)","NAO","",""
"Financeiro / Cobrança","N22","Títulos Financeiros (Contas a Receber/Pagar)","N45_ID","int(4)","NAO","N45",""
"Financeiro / Cobrança","N22","Títulos Financeiros (Contas a Receber/Pagar)","R58_ID","int(4)","NAO","R58",""
"Financeiro / Cobrança","N22","Títulos Financeiros (Contas a Receber/Pagar)","N44_ID","int(4)","NAO","N44",""
"Financeiro / Cobrança","N22","Títulos Financeiros (Contas a Receber/Pagar)","N22_DATA_REMESSA","datetime(8)","NAO","",""
"Financeiro / Cobrança","N22","Títulos Financeiros (Contas a Receber/Pagar)","R8_ID","int(4)","NAO","R8",""
"Financeiro / Cobrança","N22","Títulos Financeiros (Contas a Receber/Pagar)","N22_NF","int(4)","NAO","",""
"Financeiro / Cobrança","N22","Títulos Financeiros (Contas a Receber/Pagar)","N22_NOSSO_NUMERO","varchar(50)","NAO","",""
"Financeiro / Cobrança","N22","Títulos Financeiros (Contas a Receber/Pagar)","N22_DATA_DOCUMENTO","datetime(8)","NAO","",""
"Financeiro / Cobrança","N22","Títulos Financeiros (Contas a Receber/Pagar)","N22_OBS","varchar(-1)","NAO","",""
"Financeiro / Cobrança","N22","Títulos Financeiros (Contas a Receber/Pagar)","N22_DATA_PROTESTO","datetime(8)","NAO","",""
"Financeiro / Cobrança","N22","Títulos Financeiros (Contas a Receber/Pagar)","N22_DATA_RETORNO","datetime(8)","NAO","",""
"Financeiro / Cobrança","N22","Títulos Financeiros (Contas a Receber/Pagar)","N22_TIPO_BAIXA","varchar(20)","NAO","",""
"Financeiro / Cobrança","N22","Títulos Financeiros (Contas a Receber/Pagar)","N22_TITULO","int(4)","NAO","",""
"Financeiro / Cobrança","N22","Títulos Financeiros (Contas a Receber/Pagar)","N22_VALOR_TOTAL","numeric(9)","NAO","","Campo monetário"
"Financeiro / Cobrança","N22","Títulos Financeiros (Contas a Receber/Pagar)","N22_DATA_CANCELAMENTO","datetime(8)","NAO","",""
"Financeiro / Cobrança","N22","Títulos Financeiros (Contas a Receber/Pagar)","N22_DATA_REATIVACAO","datetime(8)","NAO","",""
"Financeiro / Cobrança","N22","Títulos Financeiros (Contas a Receber/Pagar)","N22_FONE_3","varchar(20)","NAO","",""
"Financeiro / Cobrança","N22","Títulos Financeiros (Contas a Receber/Pagar)","N22_ENVIADO_CARTORIO","bit(1)","NAO","",""
"Financeiro / Cobrança","N22","Títulos Financeiros (Contas a Receber/Pagar)","N22_DATA_ENVIO_CARTORIO","datetime(8)","NAO","",""
"Financeiro / Cobrança","N22","Títulos Financeiros (Contas a Receber/Pagar)","N22_VALOR_TARIFA","numeric(9)","NAO","","Campo monetário"
"Financeiro / Cobrança","N22","Títulos Financeiros (Contas a Receber/Pagar)","N22_VALOR_DESPESA","numeric(9)","NAO","","Campo monetário"
"Financeiro / Cobrança","N22","Títulos Financeiros (Contas a Receber/Pagar)","N22_ENVIADO","bit(1)","NAO","",""
"Financeiro / Cobrança","N22","Títulos Financeiros (Contas a Receber/Pagar)","N22_DATA_ENVIO","datetime(8)","NAO","",""
"Financeiro / Cobrança","N22","Títulos Financeiros (Contas a Receber/Pagar)","N22_SITUACAO","varchar(50)","NAO","",""
"Financeiro / Cobrança","N22","Títulos Financeiros (Contas a Receber/Pagar)","R38_ID","int(4)","NAO","R38",""
"Financeiro / Cobrança","N22","Títulos Financeiros (Contas a Receber/Pagar)","N22_CONTATO","varchar(500)","NAO","",""
"Financeiro / Cobrança","N22","Títulos Financeiros (Contas a Receber/Pagar)","n22_dias_multa","numeric(9)","NAO","",""
"Financeiro / Cobrança","N22","Títulos Financeiros (Contas a Receber/Pagar)","N22_DIAS_DESCONTO","numeric(9)","NAO","",""
"Financeiro / Cobrança","N22","Títulos Financeiros (Contas a Receber/Pagar)","N22_DESCONTADO","bit(1)","NAO","",""
"Financeiro / Cobrança","N22","Títulos Financeiros (Contas a Receber/Pagar)","I11_ID","int(4)","NAO","I11",""
"Financeiro / Cobrança","N22","Títulos Financeiros (Contas a Receber/Pagar)","I49_ID","int(4)","NAO","I49",""
"Financeiro / Cobrança","N22","Títulos Financeiros (Contas a Receber/Pagar)","N22_ENVIADO_WHATSAPP","bit(1)","NAO","",""
"Financeiro / Cobrança","N22","Títulos Financeiros (Contas a Receber/Pagar)","N22_DATA_ENVIO_WHATSAPP","datetime(8)","NAO","",""
"Financeiro / Cobrança","N22","Títulos Financeiros (Contas a Receber/Pagar)","N22_NEGOCIADO","bit(1)","NAO","",""
"Financeiro / Cobrança","N22","Títulos Financeiros (Contas a Receber/Pagar)","N22_STATUS_CLIENTE","varchar(20)","NAO","","Máquina de estados (Aberto, Fechado, etc)"
"Financeiro / Cobrança","N22","Títulos Financeiros (Contas a Receber/Pagar)","N22_PREMIO","numeric(9)","NAO","",""
"Financeiro / Cobrança","N22","Títulos Financeiros (Contas a Receber/Pagar)","N22_PROTESTADO","bit(1)","NAO","",""
"Financeiro / Cobrança","N3","Tabela do Sistema Petrus","N3_ID","int(4)","SIM","",""
"Financeiro / Cobrança","N3","Tabela do Sistema Petrus","S1_ID","int(4)","NAO","S1",""
"Financeiro / Cobrança","N3","Tabela do Sistema Petrus","N3_DESCRICAO","varchar(50)","NAO","",""
"Financeiro / Cobrança","N3","Tabela do Sistema Petrus","R2_ID","int(4)","NAO","R2",""
"Financeiro / Cobrança","N3","Tabela do Sistema Petrus","N22_ID","int(4)","NAO","N22",""
"Financeiro / Cobrança","N3","Tabela do Sistema Petrus","N3_DATA_RECEBIMENTO","datetime(8)","NAO","",""
"Financeiro / Cobrança","N3","Tabela do Sistema Petrus","R13_ID","int(4)","NAO","R13",""
"Financeiro / Cobrança","N3","Tabela do Sistema Petrus","N3_VALOR_BASE","numeric(9)","NAO","","Campo monetário"
"Financeiro / Cobrança","N3","Tabela do Sistema Petrus","N3_VALOR_COMISSAO","numeric(9)","NAO","","Campo monetário"
"Financeiro / Cobrança","N3","Tabela do Sistema Petrus","N3_TIPO","varchar(15)","NAO","",""
"Financeiro / Cobrança","N3","Tabela do Sistema Petrus","N3_SELECIONE","bit(1)","NAO","",""
"Financeiro / Cobrança","N3","Tabela do Sistema Petrus","N3_COMISSAO","numeric(9)","NAO","",""
"Financeiro / Cobrança","N3","Tabela do Sistema Petrus","N3_DATA_INCLUSAO","datetime(8)","NAO","",""
"Financeiro / Cobrança","N3","Tabela do Sistema Petrus","N3_DATA_ALTERACAO","datetime(8)","NAO","",""
"Financeiro / Cobrança","N3","Tabela do Sistema Petrus","N3_USUARIO_INCLUSAO","varchar(50)","NAO","",""
"Financeiro / Cobrança","N3","Tabela do Sistema Petrus","N3_USUARIO_ALTERACAO","varchar(50)","NAO","",""
"Financeiro / Cobrança","N3","Tabela do Sistema Petrus","R4_ID","int(4)","NAO","R4",""
"Financeiro / Cobrança","N3","Tabela do Sistema Petrus","N43_ID","int(4)","NAO","N43",""
"Financeiro / Cobrança","N3","Tabela do Sistema Petrus","N3_MODELO","varchar(15)","NAO","",""
"Financeiro / Cobrança","N37","Tabela do Sistema Petrus","N37_ID","int(4)","SIM","",""
"Financeiro / Cobrança","N37","Tabela do Sistema Petrus","S1_ID","int(4)","NAO","S1",""
"Financeiro / Cobrança","N37","Tabela do Sistema Petrus","N37_OBS","varchar(500)","NAO","",""
"Financeiro / Cobrança","N37","Tabela do Sistema Petrus","N37_DATA_LANCAMENTO","datetime(8)","NAO","",""
"Financeiro / Cobrança","N37","Tabela do Sistema Petrus","I5_ID","int(4)","NAO","I5",""
"Financeiro / Cobrança","N37","Tabela do Sistema Petrus","N1_ID","int(4)","NAO","N1",""
"Financeiro / Cobrança","N37","Tabela do Sistema Petrus","N37_DATA_COMPENSACAO","datetime(8)","NAO","",""
"Financeiro / Cobrança","N37","Tabela do Sistema Petrus","N90_ID","int(4)","NAO","N90",""
"Financeiro / Cobrança","N37","Tabela do Sistema Petrus","N37_AGENCIA","varchar(50)","NAO","",""
"Financeiro / Cobrança","N37","Tabela do Sistema Petrus","N37_CONTA","varchar(50)","NAO","",""
"Financeiro / Cobrança","N37","Tabela do Sistema Petrus","N37_EMITENTE","varchar(300)","NAO","",""
"Financeiro / Cobrança","N37","Tabela do Sistema Petrus","N37_NUMERO","varchar(50)","NAO","",""
"Financeiro / Cobrança","N37","Tabela do Sistema Petrus","N37_VALOR","numeric(9)","NAO","","Campo monetário"
"Financeiro / Cobrança","N37","Tabela do Sistema Petrus","N37_SELECIONE","bit(1)","NAO","",""
"Financeiro / Cobrança","N37","Tabela do Sistema Petrus","N37_DATA_INCLUSAO","datetime(8)","NAO","",""
"Financeiro / Cobrança","N37","Tabela do Sistema Petrus","N37_DATA_ALTERACAO","datetime(8)","NAO","",""
"Financeiro / Cobrança","N37","Tabela do Sistema Petrus","N37_USUARIO_INCLUSAO","varchar(50)","NAO","",""
"Financeiro / Cobrança","N37","Tabela do Sistema Petrus","N37_USUARIO_ALTERACAO","varchar(50)","NAO","",""
"Financeiro / Cobrança","N37","Tabela do Sistema Petrus","N37_PREDATA","datetime(8)","NAO","",""
"Financeiro / Cobrança","N37","Tabela do Sistema Petrus","N37_DATA_BAIXA","datetime(8)","NAO","",""
"Financeiro / Cobrança","N37","Tabela do Sistema Petrus","N37_DATA_DEVOLUCAO","datetime(8)","NAO","",""
"Financeiro / Cobrança","N37","Tabela do Sistema Petrus","N37_STATUS","varchar(50)","NAO","","Máquina de estados (Aberto, Fechado, etc)"
"Financeiro / Cobrança","N37","Tabela do Sistema Petrus","N43_ID","int(4)","NAO","N43",""
"Financeiro / Cobrança","N37","Tabela do Sistema Petrus","NX2_ID","int(4)","NAO","NX2",""
"Financeiro / Cobrança","N37","Tabela do Sistema Petrus","N9_ID","int(4)","NAO","N9",""
"Financeiro / Cobrança","N43","Tabela do Sistema Petrus","N43_ID","int(4)","SIM","",""
"Financeiro / Cobrança","N43","Tabela do Sistema Petrus","S1_ID","int(4)","NAO","S1",""
"Financeiro / Cobrança","N43","Tabela do Sistema Petrus","N43_DESCRICAO","varchar(50)","NAO","",""
"Financeiro / Cobrança","N43","Tabela do Sistema Petrus","N43_TIPO","varchar(15)","NAO","",""
"Financeiro / Cobrança","N43","Tabela do Sistema Petrus","N43_SELECIONE","bit(1)","NAO","",""
"Financeiro / Cobrança","N43","Tabela do Sistema Petrus","N43_DATA_INCLUSAO","datetime(8)","NAO","",""
"Financeiro / Cobrança","N43","Tabela do Sistema Petrus","N43_DATA_ALTERACAO","datetime(8)","NAO","",""
"Financeiro / Cobrança","N43","Tabela do Sistema Petrus","N43_USUARIO_INCLUSAO","varchar(50)","NAO","",""
"Financeiro / Cobrança","N43","Tabela do Sistema Petrus","N43_USUARIO_ALTERACAO","varchar(50)","NAO","",""
"Financeiro / Cobrança","N43","Tabela do Sistema Petrus","N22_ID","int(4)","NAO","N22",""
"Financeiro / Cobrança","N43","Tabela do Sistema Petrus","N43_VALOR_RECEBIDO","numeric(9)","NAO","","Campo monetário"
"Financeiro / Cobrança","N43","Tabela do Sistema Petrus","N43_DATA_RECEBIMENTO","datetime(8)","NAO","",""
"Financeiro / Cobrança","N43","Tabela do Sistema Petrus","N43_VALOR_TITULO","numeric(9)","NAO","","Campo monetário"
"Financeiro / Cobrança","N43","Tabela do Sistema Petrus","R2_ID","int(4)","NAO","R2",""
"Financeiro / Cobrança","N43","Tabela do Sistema Petrus","R4_ID","int(4)","NAO","R4",""
"Financeiro / Cobrança","N43","Tabela do Sistema Petrus","N43_COMISSAO","numeric(9)","NAO","",""
"Financeiro / Cobrança","N43","Tabela do Sistema Petrus","R13_ID","int(4)","NAO","R13",""
"Financeiro / Cobrança","N43","Tabela do Sistema Petrus","R7_ID","int(4)","NAO","R7",""
"Financeiro / Cobrança","N43","Tabela do Sistema Petrus","N43_VALOR_COMISSAO","numeric(9)","NAO","","Campo monetário"
"Financeiro / Cobrança","N43","Tabela do Sistema Petrus","N43_DIAS_ATRASO","int(4)","NAO","",""
"Financeiro / Cobrança","N43","Tabela do Sistema Petrus","N49_ID","int(4)","NAO","N49",""
"Financeiro / Cobrança","N43","Tabela do Sistema Petrus","N3_ID","int(4)","NAO","N3",""
"Financeiro / Cobrança","N43","Tabela do Sistema Petrus","N43_NUMERO_DOCUMENTO","varchar(20)","NAO","",""
"Financeiro / Cobrança","N43","Tabela do Sistema Petrus","R8_ID","int(4)","NAO","R8",""
"Financeiro / Cobrança","N43","Tabela do Sistema Petrus","N43_NF","int(4)","NAO","",""
"Financeiro / Cobrança","N43","Tabela do Sistema Petrus","N43_MODELO","varchar(15)","NAO","",""
"Financeiro / Cobrança","N43","Tabela do Sistema Petrus","N43_ESTORNADO","bit(1)","NAO","",""
"Financeiro / Cobrança","N43","Tabela do Sistema Petrus","N43_FORMA_RECEBIMENTO","varchar(50)","NAO","",""
"Financeiro / Cobrança","N43","Tabela do Sistema Petrus","N43_VALOR_FINANCEIRO","numeric(9)","NAO","","Campo monetário"
"Financeiro / Cobrança","N43","Tabela do Sistema Petrus","N43_VALOR_DESCONTO","numeric(9)","NAO","","Campo monetário"
"Financeiro / Cobrança","N43","Tabela do Sistema Petrus","N43_DATA_ESTORNO","datetime(8)","NAO","",""
"Financeiro / Cobrança","N43","Tabela do Sistema Petrus","N43_BASE_COMISSAO","numeric(9)","NAO","",""
"Financeiro / Cobrança","N43","Tabela do Sistema Petrus","N43_DATA_VENCIMENTO","datetime(8)","NAO","",""
"Financeiro / Cobrança","N43","Tabela do Sistema Petrus","N43_OBS","varchar(300)","NAO","",""
"Financeiro / Cobrança","N44","Tabela do Sistema Petrus","N44_ID","int(4)","SIM","",""
"Financeiro / Cobrança","N44","Tabela do Sistema Petrus","S1_ID","int(4)","NAO","S1",""
"Financeiro / Cobrança","N44","Tabela do Sistema Petrus","N44_SELECIONE","bit(1)","NAO","",""
"Financeiro / Cobrança","N44","Tabela do Sistema Petrus","N44_DATA_INCLUSAO","datetime(8)","NAO","",""
"Financeiro / Cobrança","N44","Tabela do Sistema Petrus","N44_DATA_ALTERACAO","datetime(8)","NAO","",""
"Financeiro / Cobrança","N44","Tabela do Sistema Petrus","N44_USUARIO_INCLUSAO","varchar(50)","NAO","",""
"Financeiro / Cobrança","N44","Tabela do Sistema Petrus","N44_USUARIO_ALTERACAO","varchar(50)","NAO","",""
"Financeiro / Cobrança","N44","Tabela do Sistema Petrus","N44_DATA_EMISSAO","datetime(8)","NAO","",""
"Financeiro / Cobrança","N44","Tabela do Sistema Petrus","N49_ID","int(4)","NAO","N49",""
"Financeiro / Cobrança","N44","Tabela do Sistema Petrus","N44_TITULOS","int(4)","NAO","",""
"Financeiro / Cobrança","N44","Tabela do Sistema Petrus","N44_VALOR_TITULOS","numeric(9)","NAO","","Campo monetário"
"Financeiro / Cobrança","N44","Tabela do Sistema Petrus","N44_STATUS","varchar(20)","NAO","","Máquina de estados (Aberto, Fechado, etc)"
"Financeiro / Cobrança","N44","Tabela do Sistema Petrus","N44_REMESSA","int(4)","NAO","",""
"Financeiro / Cobrança","N44","Tabela do Sistema Petrus","N44_DATA_INICIAL","datetime(8)","NAO","",""
"Financeiro / Cobrança","N44","Tabela do Sistema Petrus","N44_DATA_FINAL","datetime(8)","NAO","",""
"Financeiro / Cobrança","N44","Tabela do Sistema Petrus","N49_ID_1","int(4)","NAO","",""
"Financeiro / Cobrança","N44","Tabela do Sistema Petrus","N44_TIPO","varchar(10)","NAO","",""
"Financeiro / Cobrança","N45","Tabela do Sistema Petrus","N45_ID","int(4)","SIM","",""
"Financeiro / Cobrança","N45","Tabela do Sistema Petrus","S1_ID","int(4)","NAO","S1",""
"Financeiro / Cobrança","N45","Tabela do Sistema Petrus","N45_NOME_ARQUIVO","varchar(300)","NAO","",""
"Financeiro / Cobrança","N45","Tabela do Sistema Petrus","N45_SELECIONE","bit(1)","NAO","",""
"Financeiro / Cobrança","N45","Tabela do Sistema Petrus","N45_DATA_INCLUSAO","datetime(8)","NAO","",""
"Financeiro / Cobrança","N45","Tabela do Sistema Petrus","N45_DATA_ALTERACAO","datetime(8)","NAO","",""
"Financeiro / Cobrança","N45","Tabela do Sistema Petrus","N45_USUARIO_INCLUSAO","varchar(50)","NAO","",""
"Financeiro / Cobrança","N45","Tabela do Sistema Petrus","N45_USUARIO_ALTERACAO","varchar(50)","NAO","",""
"Financeiro / Cobrança","N45","Tabela do Sistema Petrus","N45_DATA_RETORNO","datetime(8)","NAO","",""
"Financeiro / Cobrança","N45","Tabela do Sistema Petrus","N45_TITULOS","int(4)","NAO","",""
"Financeiro / Cobrança","N45","Tabela do Sistema Petrus","N49_ID","int(4)","NAO","N49",""
"Financeiro / Cobrança","N45","Tabela do Sistema Petrus","N45_PROCESSADO","bit(1)","NAO","",""
"Financeiro / Cobrança","N47","Tabela do Sistema Petrus","N47_ID","int(4)","SIM","",""
"Financeiro / Cobrança","N47","Tabela do Sistema Petrus","S1_ID","int(4)","NAO","S1",""
"Financeiro / Cobrança","N47","Tabela do Sistema Petrus","N47_DESCRICAO","varchar(300)","NAO","",""
"Financeiro / Cobrança","N47","Tabela do Sistema Petrus","N47_SELECIONE","bit(1)","NAO","",""
"Financeiro / Cobrança","N47","Tabela do Sistema Petrus","N47_PARCELAS","varchar(100)","NAO","",""
"Financeiro / Cobrança","N47","Tabela do Sistema Petrus","N47_DATA_INCLUSAO","datetime(8)","NAO","",""
"Financeiro / Cobrança","N47","Tabela do Sistema Petrus","N47_DATA_ALTERACAO","datetime(8)","NAO","",""
"Financeiro / Cobrança","N47","Tabela do Sistema Petrus","N47_USUARIO_INCLUSAO","varchar(50)","NAO","",""
"Financeiro / Cobrança","N47","Tabela do Sistema Petrus","N47_USUARIO_ALTERACAO","varchar(50)","NAO","",""
"Financeiro / Cobrança","N47","Tabela do Sistema Petrus","N49_ID","int(4)","NAO","N49",""
"Financeiro / Cobrança","N49","Tabela do Sistema Petrus","N49_ID","int(4)","SIM","",""
"Financeiro / Cobrança","N49","Tabela do Sistema Petrus","S1_ID","int(4)","NAO","S1",""
"Financeiro / Cobrança","N49","Tabela do Sistema Petrus","N49_DESCRICAO","varchar(50)","NAO","",""
"Financeiro / Cobrança","N49","Tabela do Sistema Petrus","N72_ID","int(4)","NAO","N72",""
"Financeiro / Cobrança","N49","Tabela do Sistema Petrus","N49_SELECIONE","bit(1)","NAO","",""
"Financeiro / Cobrança","N49","Tabela do Sistema Petrus","N49_DATA_INCLUSAO","datetime(8)","NAO","",""
"Financeiro / Cobrança","N49","Tabela do Sistema Petrus","N49_DATA_ALTERACAO","datetime(8)","NAO","",""
"Financeiro / Cobrança","N49","Tabela do Sistema Petrus","N49_USUARIO_INCLUSAO","varchar(50)","NAO","",""
"Financeiro / Cobrança","N49","Tabela do Sistema Petrus","N49_USUARIO_ALTERACAO","varchar(50)","NAO","",""
"Financeiro / Cobrança","N49","Tabela do Sistema Petrus","N49_COBRANCA","varchar(50)","NAO","",""
"Financeiro / Cobrança","N49","Tabela do Sistema Petrus","N49_VARIACAO","varchar(20)","NAO","",""
"Financeiro / Cobrança","N49","Tabela do Sistema Petrus","N49_CODIGO_BENEFICIARIO","varchar(20)","NAO","",""
"Financeiro / Cobrança","N49","Tabela do Sistema Petrus","N49_CONVENIO","varchar(50)","NAO","",""
"Financeiro / Cobrança","N49","Tabela do Sistema Petrus","N49_ACEITE","varchar(20)","NAO","",""
"Financeiro / Cobrança","N49","Tabela do Sistema Petrus","N49_DIAS_MULTA","int(4)","NAO","",""
"Financeiro / Cobrança","N49","Tabela do Sistema Petrus","N49_DIAS_PROTESTO","int(4)","NAO","",""
"Financeiro / Cobrança","N49","Tabela do Sistema Petrus","N49_ESPECIE_TITULOS","varchar(50)","NAO","",""
"Financeiro / Cobrança","N49","Tabela do Sistema Petrus","N49_LAYOUT","varchar(20)","NAO","",""
"Financeiro / Cobrança","N49","Tabela do Sistema Petrus","N49_MULTA","numeric(9)","NAO","",""
"Financeiro / Cobrança","N49","Tabela do Sistema Petrus","N49_DIGITO_BENEFICIARIO","varchar(20)","NAO","",""
"Financeiro / Cobrança","N49","Tabela do Sistema Petrus","N49_REMESSA","int(4)","NAO","",""
"Financeiro / Cobrança","N49","Tabela do Sistema Petrus","N49_JUROS","numeric(9)","NAO","",""
"Financeiro / Cobrança","N49","Tabela do Sistema Petrus","N49_TIPO_AMBIENTE","varchar(20)","NAO","",""
"Financeiro / Cobrança","N49","Tabela do Sistema Petrus","N49_FORMA_CADASTRAMENTO","varchar(30)","NAO","",""
"Financeiro / Cobrança","N49","Tabela do Sistema Petrus","N49_NOSSO_NUMERO","bigint(8)","NAO","",""
"Financeiro / Cobrança","N49","Tabela do Sistema Petrus","N49_DIAS_DESCONTO","int(4)","NAO","",""
"Financeiro / Cobrança","N49","Tabela do Sistema Petrus","N49_DESCONTO","numeric(9)","NAO","",""
"Financeiro / Cobrança","N49","Tabela do Sistema Petrus","N49_PRIMEIRA_INSTRUCAO","varchar(50)","NAO","",""
"Financeiro / Cobrança","N49","Tabela do Sistema Petrus","N49_SEGUNDA_INSTRUCAO","varchar(50)","NAO","",""
"Financeiro / Cobrança","N49","Tabela do Sistema Petrus","N49_INSTRUCAO_1","varchar(100)","NAO","",""
"Financeiro / Cobrança","N49","Tabela do Sistema Petrus","N49_INSTRUCAO_2","varchar(100)","NAO","",""
"Financeiro / Cobrança","N49","Tabela do Sistema Petrus","N49_INSTRUCAO_3","varchar(100)","NAO","",""
"Financeiro / Cobrança","N49","Tabela do Sistema Petrus","N49_INSTRUCAO_4","varchar(100)","NAO","",""
"Financeiro / Cobrança","N49","Tabela do Sistema Petrus","N90_ID","int(4)","NAO","N90",""
"Financeiro / Cobrança","N49","Tabela do Sistema Petrus","N49_MODALIDADE_FINANCEIRA","varchar(50)","NAO","",""
"Financeiro / Cobrança","N49","Tabela do Sistema Petrus","N49_TIPO","varchar(20)","NAO","",""
"Financeiro / Cobrança","N49","Tabela do Sistema Petrus","N49_ID_1","int(4)","NAO","",""
"Financeiro / Cobrança","N49","Tabela do Sistema Petrus","N49_CODIGO_TRANSMISSAO","varchar(50)","NAO","",""
"Financeiro / Cobrança","N49","Tabela do Sistema Petrus","N49_DESCONTADO","bit(1)","NAO","",""
"Financeiro / Cobrança","N49","Tabela do Sistema Petrus","N49_BLOQUEADO","bit(1)","NAO","",""
"Financeiro / Cobrança","N49","Tabela do Sistema Petrus","I5_ID","int(4)","NAO","I5",""
"Financeiro / Cobrança","N49","Tabela do Sistema Petrus","N49_PRE_GERAR","bit(1)","NAO","",""
"Financeiro / Cobrança","N49","Tabela do Sistema Petrus","N49_CAMINHO_REMESSA","varchar(300)","NAO","",""
"Financeiro / Cobrança","N49","Tabela do Sistema Petrus","N49_CAMINHO_RETORNO","varchar(300)","NAO","",""
"Financeiro / Cobrança","N50","Tabela do Sistema Petrus","R2_ID","int(4)","NAO","R2",""
"Financeiro / Cobrança","N50","Tabela do Sistema Petrus","N50_DATA_ALTERACAO","datetime(8)","NAO","",""
"Financeiro / Cobrança","N50","Tabela do Sistema Petrus","N50_DATA_INCLUSAO","datetime(8)","NAO","",""
"Financeiro / Cobrança","N50","Tabela do Sistema Petrus","N50_DATA_EMISSAO","datetime(8)","NAO","",""
"Financeiro / Cobrança","N50","Tabela do Sistema Petrus","N50_DATA_VENCIMENTO","datetime(8)","NAO","",""
"Financeiro / Cobrança","N50","Tabela do Sistema Petrus","S1_ID","int(4)","NAO","S1",""
"Financeiro / Cobrança","N50","Tabela do Sistema Petrus","N50_ID","int(4)","SIM","",""
"Financeiro / Cobrança","N50","Tabela do Sistema Petrus","N50_SELECIONE","bit(1)","NAO","",""
"Financeiro / Cobrança","N50","Tabela do Sistema Petrus","N50_USUARIO_ALTERACAO","varchar(50)","NAO","",""
"Financeiro / Cobrança","N50","Tabela do Sistema Petrus","N50_USUARIO_INCLUSAO","varchar(50)","NAO","",""
"Financeiro / Cobrança","N50","Tabela do Sistema Petrus","N50_VALOR_TITULO","numeric(9)","NAO","","Campo monetário"
"Financeiro / Cobrança","N50","Tabela do Sistema Petrus","N44_ID","int(4)","NAO","N44",""
"Financeiro / Cobrança","N50","Tabela do Sistema Petrus","N50_NOME","varchar(300)","NAO","",""
"Financeiro / Cobrança","N50","Tabela do Sistema Petrus","N22_ID","int(4)","NAO","N22",""
"Financeiro / Cobrança","N50","Tabela do Sistema Petrus","N50_NUMERO_DOCUMENTO","varchar(20)","NAO","",""
"Financeiro / Cobrança","N50","Tabela do Sistema Petrus","N50_TIPO","varchar(50)","NAO","",""
"Financeiro / Cobrança","N72","Tabela do Sistema Petrus","N72_ID","int(4)","SIM","",""
"Financeiro / Cobrança","N72","Tabela do Sistema Petrus","S1_ID","int(4)","NAO","S1",""
"Financeiro / Cobrança","N72","Tabela do Sistema Petrus","N72_DESCRICAO","varchar(150)","NAO","",""
"Financeiro / Cobrança","N72","Tabela do Sistema Petrus","N72_SELECIONE","bit(1)","NAO","",""
"Financeiro / Cobrança","N72","Tabela do Sistema Petrus","N72_DATA_INCLUSAO","datetime(8)","NAO","",""
"Financeiro / Cobrança","N72","Tabela do Sistema Petrus","N72_DATA_ALTERACAO","datetime(8)","NAO","",""
"Financeiro / Cobrança","N72","Tabela do Sistema Petrus","N72_USUARIO_INCLUSAO","varchar(50)","NAO","",""
"Financeiro / Cobrança","N72","Tabela do Sistema Petrus","N72_USUARIO_ALTERACAO","varchar(50)","NAO","",""
"Financeiro / Cobrança","N72","Tabela do Sistema Petrus","N1_ID","int(4)","NAO","N1",""
"Financeiro / Cobrança","N73","Tabela do Sistema Petrus","R2_ID","int(4)","NAO","R2",""
"Financeiro / Cobrança","N73","Tabela do Sistema Petrus","N73_DATA_ALTERACAO","datetime(8)","NAO","",""
"Financeiro / Cobrança","N73","Tabela do Sistema Petrus","N73_DATA_INCLUSAO","datetime(8)","NAO","",""
"Financeiro / Cobrança","N73","Tabela do Sistema Petrus","N73_DATA_VENCIMENTO","datetime(8)","NAO","",""
"Financeiro / Cobrança","N73","Tabela do Sistema Petrus","S1_ID","int(4)","NAO","S1",""
"Financeiro / Cobrança","N73","Tabela do Sistema Petrus","N73_ID","int(4)","SIM","",""
"Financeiro / Cobrança","N73","Tabela do Sistema Petrus","N73_NUMERO_BANCARIO","varchar(50)","NAO","",""
"Financeiro / Cobrança","N73","Tabela do Sistema Petrus","N73_SELECIONE","bit(1)","NAO","",""
"Financeiro / Cobrança","N73","Tabela do Sistema Petrus","N73_USUARIO_ALTERACAO","varchar(50)","NAO","",""
"Financeiro / Cobrança","N73","Tabela do Sistema Petrus","N73_USUARIO_INCLUSAO","varchar(50)","NAO","",""
"Financeiro / Cobrança","N73","Tabela do Sistema Petrus","N73_VALOR_TITULO","numeric(9)","NAO","","Campo monetário"
"Financeiro / Cobrança","N73","Tabela do Sistema Petrus","N45_ID","int(4)","NAO","N45",""
"Financeiro / Cobrança","N73","Tabela do Sistema Petrus","N73_NOME","varchar(300)","NAO","",""
"Financeiro / Cobrança","N73","Tabela do Sistema Petrus","N22_ID","int(4)","NAO","N22",""
"Financeiro / Cobrança","N73","Tabela do Sistema Petrus","N73_DATA_CREDITO","datetime(8)","NAO","",""
"Financeiro / Cobrança","N73","Tabela do Sistema Petrus","N73_VALOR_RECEBIDO","numeric(9)","NAO","","Campo monetário"
"Financeiro / Cobrança","N73","Tabela do Sistema Petrus","N73_NUMERO_DOCUMENTO","varchar(50)","NAO","",""
"Financeiro / Cobrança","N73","Tabela do Sistema Petrus","N73_OCORRENCIA","varchar(150)","NAO","",""
"Financeiro / Cobrança","N73","Tabela do Sistema Petrus","N73_DATA_OCORRENCIA","datetime(8)","NAO","",""
"Financeiro / Cobrança","N73","Tabela do Sistema Petrus","N73_VALOR_TARIFA","numeric(9)","NAO","","Campo monetário"
"Financeiro / Cobrança","N73","Tabela do Sistema Petrus","N73_VALOR_FINANCEIRO","numeric(9)","NAO","","Campo monetário"
"Financeiro / Cobrança","N73","Tabela do Sistema Petrus","N73_VALOR_OUTROS_CREDITOS","numeric(9)","NAO","","Campo monetário"
"Financeiro / Cobrança","N73","Tabela do Sistema Petrus","N73_VALOR_IOF","numeric(9)","NAO","","Campo monetário"
"Financeiro / Cobrança","N73","Tabela do Sistema Petrus","N73_VALOR_ABATIMENTO","numeric(9)","NAO","","Campo monetário"
"Financeiro / Cobrança","N73","Tabela do Sistema Petrus","N73_VALOR_OUTRAS_DESPESAS","numeric(9)","NAO","","Campo monetário"
"Financeiro / Cobrança","N73","Tabela do Sistema Petrus","N73_VALOR_DESCONTO","numeric(9)","NAO","","Campo monetário"
"Financeiro / Cobrança","N73","Tabela do Sistema Petrus","N73_INCONSISTENCIA","varchar(300)","NAO","",""
"Financeiro / Cobrança","N73","Tabela do Sistema Petrus","n73_valor_despesa","numeric(9)","NAO","",""
"Financeiro / Cobrança","N83","Tabela do Sistema Petrus","N83_ID","int(4)","SIM","",""
"Financeiro / Cobrança","N83","Tabela do Sistema Petrus","S1_ID","int(4)","NAO","S1",""
"Financeiro / Cobrança","N83","Tabela do Sistema Petrus","N83_DESCRICAO","varchar(150)","NAO","",""
"Financeiro / Cobrança","N83","Tabela do Sistema Petrus","N83_SELECIONE","bit(1)","NAO","",""
"Financeiro / Cobrança","N83","Tabela do Sistema Petrus","N83_DATA_INCLUSAO","datetime(8)","NAO","",""
"Financeiro / Cobrança","N83","Tabela do Sistema Petrus","N83_DATA_ALTERACAO","datetime(8)","NAO","",""
"Financeiro / Cobrança","N83","Tabela do Sistema Petrus","N83_USUARIO_INCLUSAO","varchar(50)","NAO","",""
"Financeiro / Cobrança","N83","Tabela do Sistema Petrus","N83_USUARIO_ALTERACAO","varchar(50)","NAO","",""
"Financeiro / Cobrança","N83","Tabela do Sistema Petrus","N22_ID","int(4)","NAO","N22",""
"Financeiro / Cobrança","N83","Tabela do Sistema Petrus","N83_DATA","datetime(8)","NAO","",""
"Financeiro / Cobrança","N87","Tabela do Sistema Petrus","N87_ID","int(4)","SIM","",""
"Financeiro / Cobrança","N87","Tabela do Sistema Petrus","S1_ID","int(4)","NAO","S1",""
"Financeiro / Cobrança","N87","Tabela do Sistema Petrus","N87_DESCRICAO","varchar(300)","NAO","",""
"Financeiro / Cobrança","N87","Tabela do Sistema Petrus","N87_SELECIONE","bit(1)","NAO","",""
"Financeiro / Cobrança","N87","Tabela do Sistema Petrus","N87_DATA_INCLUSAO","datetime(8)","NAO","",""
"Financeiro / Cobrança","N87","Tabela do Sistema Petrus","N87_DATA_ALTERACAO","datetime(8)","NAO","",""
"Financeiro / Cobrança","N87","Tabela do Sistema Petrus","N87_USUARIO_INCLUSAO","varchar(50)","NAO","",""
"Financeiro / Cobrança","N87","Tabela do Sistema Petrus","N87_USUARIO_ALTERACAO","varchar(50)","NAO","",""
"Financeiro / Cobrança","N87","Tabela do Sistema Petrus","N87_DATA","datetime(8)","NAO","",""
"Financeiro / Cobrança","N87","Tabela do Sistema Petrus","N87_VALOR","numeric(9)","NAO","","Campo monetário"
"Financeiro / Cobrança","N87","Tabela do Sistema Petrus","N90_ID","int(4)","NAO","N90",""
"Financeiro / Cobrança","N87","Tabela do Sistema Petrus","N90_ID_1","int(4)","NAO","",""
"Financeiro / Cobrança","N88","Tabela do Sistema Petrus","N88_ID","int(4)","SIM","",""
"Financeiro / Cobrança","N88","Tabela do Sistema Petrus","S1_ID","int(4)","NAO","S1",""
"Financeiro / Cobrança","N88","Tabela do Sistema Petrus","N88_NOME_ARQUIVO","varchar(300)","NAO","",""
"Financeiro / Cobrança","N88","Tabela do Sistema Petrus","N88_SELECIONE","bit(1)","NAO","",""
"Financeiro / Cobrança","N88","Tabela do Sistema Petrus","N88_DATA_INCLUSAO","datetime(8)","NAO","",""
"Financeiro / Cobrança","N88","Tabela do Sistema Petrus","N88_DATA_ALTERACAO","datetime(8)","NAO","",""
"Financeiro / Cobrança","N88","Tabela do Sistema Petrus","N88_USUARIO_INCLUSAO","varchar(50)","NAO","",""
"Financeiro / Cobrança","N88","Tabela do Sistema Petrus","N88_USUARIO_ALTERACAO","varchar(50)","NAO","",""
"Financeiro / Cobrança","N88","Tabela do Sistema Petrus","N88_DATA_EMISSAO","datetime(8)","NAO","",""
"Financeiro / Cobrança","N88","Tabela do Sistema Petrus","N88_VALOR_EXTRATO","numeric(9)","NAO","","Campo monetário"
"Financeiro / Cobrança","N88","Tabela do Sistema Petrus","N90_ID","int(4)","NAO","N90",""
"Financeiro / Cobrança","N88","Tabela do Sistema Petrus","N88_DATA_INICIAL","datetime(8)","NAO","",""
"Financeiro / Cobrança","N88","Tabela do Sistema Petrus","N88_DATA_FINAL","datetime(8)","NAO","",""
"Financeiro / Cobrança","N88","Tabela do Sistema Petrus","N88_MOVIMENTOS","int(4)","NAO","",""
"Financeiro / Cobrança","N9","Tabela do Sistema Petrus","N9_ID","int(4)","SIM","",""
"Financeiro / Cobrança","N9","Tabela do Sistema Petrus","S1_ID","int(4)","NAO","S1",""
"Financeiro / Cobrança","N9","Tabela do Sistema Petrus","N9_DESCRICAO","varchar(50)","NAO","",""
"Financeiro / Cobrança","N9","Tabela do Sistema Petrus","N9_TIPO","varchar(50)","NAO","",""
"Financeiro / Cobrança","N9","Tabela do Sistema Petrus","N9_SELECIONE","bit(1)","NAO","",""
"Financeiro / Cobrança","N9","Tabela do Sistema Petrus","N9_DATA_INCLUSAO","datetime(8)","NAO","",""
"Financeiro / Cobrança","N9","Tabela do Sistema Petrus","N9_DATA_ALTERACAO","datetime(8)","NAO","",""
"Financeiro / Cobrança","N9","Tabela do Sistema Petrus","N9_USUARIO_INCLUSAO","varchar(50)","NAO","",""
"Financeiro / Cobrança","N9","Tabela do Sistema Petrus","N9_USUARIO_ALTERACAO","varchar(50)","NAO","",""
"Financeiro / Cobrança","N9","Tabela do Sistema Petrus","I5_ID","int(4)","NAO","I5",""
"Financeiro / Cobrança","N9","Tabela do Sistema Petrus","N9_DATA_PAGAMENTO","datetime(8)","NAO","",""
"Financeiro / Cobrança","N9","Tabela do Sistema Petrus","N9_DATA_VENCIMENTO","datetime(8)","NAO","",""
"Financeiro / Cobrança","N9","Tabela do Sistema Petrus","N49_ID","int(4)","NAO","N49",""
"Financeiro / Cobrança","N9","Tabela do Sistema Petrus","N9_STATUS","varchar(20)","NAO","","Máquina de estados (Aberto, Fechado, etc)"
"Financeiro / Cobrança","N9","Tabela do Sistema Petrus","N9_VALOR_PAGO","numeric(9)","NAO","","Campo monetário"
"Financeiro / Cobrança","N9","Tabela do Sistema Petrus","N9_VALOR_SALDO","numeric(9)","NAO","","Campo monetário"
"Financeiro / Cobrança","N9","Tabela do Sistema Petrus","N9_VALOR_TITULO","numeric(9)","NAO","","Campo monetário"
"Financeiro / Cobrança","N9","Tabela do Sistema Petrus","N9_DIAS_ATRASO","int(4)","NAO","",""
"Financeiro / Cobrança","N9","Tabela do Sistema Petrus","I57_ID","int(4)","NAO","I57",""
"Financeiro / Cobrança","N9","Tabela do Sistema Petrus","I11_ID","int(4)","NAO","I11",""
"Financeiro / Cobrança","N9","Tabela do Sistema Petrus","I3_ID","int(4)","NAO","I3",""
"Financeiro / Cobrança","N9","Tabela do Sistema Petrus","N9_DATA_EMISSAO","datetime(8)","NAO","",""
"Financeiro / Cobrança","N9","Tabela do Sistema Petrus","N9_PARCELA","int(4)","NAO","",""
"Financeiro / Cobrança","N9","Tabela do Sistema Petrus","N9_NUMERO_DOCUMENTO","varchar(20)","NAO","",""
"Financeiro / Cobrança","N9","Tabela do Sistema Petrus","N9_VALOR_FINANCEIRO","numeric(9)","NAO","","Campo monetário"
"Financeiro / Cobrança","N9","Tabela do Sistema Petrus","N13_ID","int(4)","NAO","N13",""
"Financeiro / Cobrança","N9","Tabela do Sistema Petrus","N9_ORIGEM","varchar(50)","NAO","",""
"Financeiro / Cobrança","N9","Tabela do Sistema Petrus","I44_ID","int(4)","NAO","",""
"Financeiro / Cobrança","N9","Tabela do Sistema Petrus","I49_ID","int(4)","NAO","I49",""
"Financeiro / Cobrança","N9","Tabela do Sistema Petrus","N9_OBS","varchar(-1)","NAO","",""
"Financeiro / Cobrança","N9","Tabela do Sistema Petrus","N9_CODIGO_BARRAS","varchar(50)","NAO","",""
"Financeiro / Cobrança","N9","Tabela do Sistema Petrus","N9_CHAVE_PIX","varchar(50)","NAO","",""
"Financeiro / Cobrança","N9","Tabela do Sistema Petrus","N9_VALOR_DESCONTO","numeric(9)","NAO","","Campo monetário"
"Financeiro / Cobrança","N9","Tabela do Sistema Petrus","N9_VALOR_ACRESCIMO","numeric(9)","NAO","","Campo monetário"
"Financeiro / Cobrança","N9","Tabela do Sistema Petrus","N9_TIPO_PIX","varchar(20)","NAO","",""
"Financeiro / Cobrança","N9","Tabela do Sistema Petrus","N9_VALOR_TOTAL","numeric(9)","NAO","","Campo monetário"
"Financeiro / Cobrança","N9","Tabela do Sistema Petrus","N9_DATA_CANCELAMENTO","datetime(8)","NAO","",""
"Financeiro / Cobrança","N9","Tabela do Sistema Petrus","N9_DATA_REATIVACAO","datetime(8)","NAO","",""
"Financeiro / Cobrança","N9","Tabela do Sistema Petrus","N9_DIAS","int(4)","NAO","",""
"Financeiro / Cobrança","N9","Tabela do Sistema Petrus","I59_ID","int(4)","NAO","I59",""
"Financeiro / Cobrança","N9","Tabela do Sistema Petrus","N9_VALOR_LANCADO","numeric(9)","NAO","","Campo monetário"
"Financeiro / Cobrança","N9","Tabela do Sistema Petrus","N9_DATA_AGENDAMENTO","datetime(8)","NAO","",""
"Financeiro / Cobrança","N9","Tabela do Sistema Petrus","NZ1_ID","int(4)","NAO","NZ1",""
"Financeiro / Cobrança","N9","Tabela do Sistema Petrus","NZ3_ID","int(4)","NAO","NZ3",""
"Financeiro / Cobrança","N9","Tabela do Sistema Petrus","NX3_ID","int(4)","NAO","NX3",""
"Financeiro / Cobrança","N9","Tabela do Sistema Petrus","DX1_ID","int(4)","NAO","DX1",""
"Financeiro / Cobrança","N9","Tabela do Sistema Petrus","N9_USUARIO_PAGAMENTO","varchar(50)","NAO","",""
"Financeiro / Cobrança","N9","Tabela do Sistema Petrus","N9_ID_1","int(4)","NAO","",""
"Financeiro / Cobrança","N9","Tabela do Sistema Petrus","H5_ID","int(4)","NAO","H5",""
"Financeiro / Cobrança","N90","Tabela do Sistema Petrus","N90_ID","int(4)","SIM","",""
"Financeiro / Cobrança","N90","Tabela do Sistema Petrus","S1_ID","int(4)","NAO","S1",""
"Financeiro / Cobrança","N90","Tabela do Sistema Petrus","N90_DESCRICAO","varchar(300)","NAO","",""
"Financeiro / Cobrança","N90","Tabela do Sistema Petrus","N90_SELECIONE","bit(1)","NAO","",""
"Financeiro / Cobrança","N90","Tabela do Sistema Petrus","N90_DATA_INCLUSAO","datetime(8)","NAO","",""
"Financeiro / Cobrança","N90","Tabela do Sistema Petrus","N90_DATA_ALTERACAO","datetime(8)","NAO","",""
"Financeiro / Cobrança","N90","Tabela do Sistema Petrus","N90_USUARIO_INCLUSAO","varchar(50)","NAO","",""
"Financeiro / Cobrança","N90","Tabela do Sistema Petrus","N90_USUARIO_ALTERACAO","varchar(50)","NAO","",""
"Financeiro / Cobrança","N90","Tabela do Sistema Petrus","N90_TIPO","varchar(50)","NAO","",""
"Financeiro / Cobrança","N90","Tabela do Sistema Petrus","N1_ID","int(4)","NAO","N1",""
"Financeiro / Cobrança","N90","Tabela do Sistema Petrus","N90_TITULAR","varchar(300)","NAO","",""
"Financeiro / Cobrança","N90","Tabela do Sistema Petrus","N90_CNPJ_CPF","varchar(20)","NAO","",""
"Financeiro / Cobrança","N90","Tabela do Sistema Petrus","N90_AGENCIA","varchar(10)","NAO","",""
"Financeiro / Cobrança","N90","Tabela do Sistema Petrus","N90_CONTA","varchar(10)","NAO","",""
"Financeiro / Cobrança","N90","Tabela do Sistema Petrus","N90_DV_AGENCIA","varchar(10)","NAO","",""
"Financeiro / Cobrança","N90","Tabela do Sistema Petrus","N90_DV_CONTA","varchar(10)","NAO","",""
"Financeiro / Cobrança","N91","Tabela do Sistema Petrus","N91_ID","int(4)","SIM","",""
"Financeiro / Cobrança","N91","Tabela do Sistema Petrus","S1_ID","int(4)","NAO","S1",""
"Financeiro / Cobrança","N91","Tabela do Sistema Petrus","N91_DESCRICAO","varchar(300)","NAO","",""
"Financeiro / Cobrança","N91","Tabela do Sistema Petrus","N91_TIPO","varchar(15)","NAO","",""
"Financeiro / Cobrança","N91","Tabela do Sistema Petrus","N91_SELECIONE","bit(1)","NAO","",""
"Financeiro / Cobrança","N91","Tabela do Sistema Petrus","N91_DATA_INCLUSAO","datetime(8)","NAO","",""
"Financeiro / Cobrança","N91","Tabela do Sistema Petrus","N91_DATA_ALTERACAO","datetime(8)","NAO","",""
"Financeiro / Cobrança","N91","Tabela do Sistema Petrus","N91_USUARIO_INCLUSAO","varchar(50)","NAO","",""
"Financeiro / Cobrança","N91","Tabela do Sistema Petrus","N91_USUARIO_ALTERACAO","varchar(50)","NAO","",""
"Financeiro / Cobrança","N91","Tabela do Sistema Petrus","N91_DATA","datetime(8)","NAO","",""
"Financeiro / Cobrança","N91","Tabela do Sistema Petrus","N91_VALOR","numeric(9)","NAO","","Campo monetário"
"Financeiro / Cobrança","N91","Tabela do Sistema Petrus","N90_ID","int(4)","NAO","N90",""
"Financeiro / Cobrança","N91","Tabela do Sistema Petrus","N9_ID","int(4)","NAO","N9",""
"Financeiro / Cobrança","N91","Tabela do Sistema Petrus","N37_ID","int(4)","NAO","N37",""
"Financeiro / Cobrança","N91","Tabela do Sistema Petrus","N91_STATUS","varchar(50)","NAO","","Máquina de estados (Aberto, Fechado, etc)"
"Financeiro / Cobrança","N91","Tabela do Sistema Petrus","N91_DATA_CANCELAMENTO","datetime(8)","NAO","",""
"Financeiro / Cobrança","N91","Tabela do Sistema Petrus","N91_DATA_CONCILIACAO","datetime(8)","NAO","",""
"Financeiro / Cobrança","N91","Tabela do Sistema Petrus","N22_ID","int(4)","NAO","N22",""
"Financeiro / Cobrança","N91","Tabela do Sistema Petrus","N43_ID","int(4)","NAO","N43",""
"Financeiro / Cobrança","N91","Tabela do Sistema Petrus","N13_ID","int(4)","NAO","N13",""
"Financeiro / Cobrança","N91","Tabela do Sistema Petrus","N93_ID","int(4)","NAO","N93",""
"Financeiro / Cobrança","N93","Tabela do Sistema Petrus","N93_ID","int(4)","SIM","",""
"Financeiro / Cobrança","N93","Tabela do Sistema Petrus","S1_ID","int(4)","NAO","S1",""
"Financeiro / Cobrança","N93","Tabela do Sistema Petrus","N93_SELECIONE","bit(1)","NAO","",""
"Financeiro / Cobrança","N93","Tabela do Sistema Petrus","N93_DATA_INCLUSAO","datetime(8)","NAO","",""
"Financeiro / Cobrança","N93","Tabela do Sistema Petrus","N93_DATA_ALTERACAO","datetime(8)","NAO","",""
"Financeiro / Cobrança","N93","Tabela do Sistema Petrus","N93_USUARIO_INCLUSAO","varchar(50)","NAO","",""
"Financeiro / Cobrança","N93","Tabela do Sistema Petrus","N93_USUARIO_ALTERACAO","varchar(50)","NAO","",""
"Financeiro / Cobrança","N93","Tabela do Sistema Petrus","N93_DATA","datetime(8)","NAO","",""
"Financeiro / Cobrança","N93","Tabela do Sistema Petrus","N93_VALOR","numeric(9)","NAO","","Campo monetário"
"Financeiro / Cobrança","N93","Tabela do Sistema Petrus","N49_ID","int(4)","NAO","N49",""
"Financeiro / Cobrança","N93","Tabela do Sistema Petrus","N93_OBS","varchar(300)","NAO","",""
"Financeiro / Cobrança","N93","Tabela do Sistema Petrus","R2_ID","int(4)","NAO","R2",""
"Financeiro / Cobrança","N93","Tabela do Sistema Petrus","I5_ID","int(4)","NAO","I5",""
"Financeiro / Cobrança","N93","Tabela do Sistema Petrus","N93_STATUS","varchar(50)","NAO","","Máquina de estados (Aberto, Fechado, etc)"
"Financeiro / Cobrança","N93","Tabela do Sistema Petrus","N93_DATA_BAIXA","datetime(8)","NAO","",""
"Financeiro / Cobrança","N93","Tabela do Sistema Petrus","N93_DATA_CANCELAMENTO","datetime(8)","NAO","",""
"Financeiro / Cobrança","N93","Tabela do Sistema Petrus","N93_LOCALIZADO","bit(1)","NAO","",""
"Financeiro / Cobrança","N93","Tabela do Sistema Petrus","N93_TIPO","varchar(20)","NAO","",""
"Financeiro / Cobrança","N93","Tabela do Sistema Petrus","N93_ANTECIPADO","bit(1)","NAO","",""
"Financeiro / Cobrança","N93","Tabela do Sistema Petrus","N93_DESCRICAO","varchar(100)","NAO","",""
"Financeiro / Cobrança","N93","Tabela do Sistema Petrus","N43_ID","int(4)","NAO","N43",""
"Financeiro / Cobrança","N93","Tabela do Sistema Petrus","N13_ID","int(4)","NAO","N13",""
"Financeiro / Cobrança","N93","Tabela do Sistema Petrus","R13_ID","int(4)","NAO","R13",""
"Financeiro / Cobrança","N95","Tabela do Sistema Petrus","N95_ID","int(4)","SIM","",""
"Financeiro / Cobrança","N95","Tabela do Sistema Petrus","S1_ID","int(4)","NAO","S1",""
"Financeiro / Cobrança","N95","Tabela do Sistema Petrus","N95_SELECIONE","bit(1)","NAO","",""
"Financeiro / Cobrança","N95","Tabela do Sistema Petrus","N95_DATA_INCLUSAO","datetime(8)","NAO","",""
"Financeiro / Cobrança","N95","Tabela do Sistema Petrus","N95_DATA_ALTERACAO","datetime(8)","NAO","",""
"Financeiro / Cobrança","N95","Tabela do Sistema Petrus","N95_USUARIO_INCLUSAO","varchar(50)","NAO","",""
"Financeiro / Cobrança","N95","Tabela do Sistema Petrus","N95_USUARIO_ALTERACAO","varchar(50)","NAO","",""
"Financeiro / Cobrança","N95","Tabela do Sistema Petrus","N95_DATA","datetime(8)","NAO","",""
"Financeiro / Cobrança","N95","Tabela do Sistema Petrus","N95_DATA_INICIAL","datetime(8)","NAO","",""
"Financeiro / Cobrança","N95","Tabela do Sistema Petrus","N95_DATA_FINAL","datetime(8)","NAO","",""
"Financeiro / Cobrança","N95","Tabela do Sistema Petrus","N95_VALOR","numeric(9)","NAO","","Campo monetário"
"Financeiro / Cobrança","N95","Tabela do Sistema Petrus","N95_SALDO_ANTERIOR","numeric(9)","NAO","",""
"Financeiro / Cobrança","N95","Tabela do Sistema Petrus","N95_SALDO_ATUAL","numeric(9)","NAO","",""
"Financeiro / Cobrança","N95","Tabela do Sistema Petrus","R4_ID","int(4)","NAO","R4",""
"Financeiro / Cobrança","N97","Tabela do Sistema Petrus","N97_ID","int(4)","SIM","",""
"Financeiro / Cobrança","N97","Tabela do Sistema Petrus","S1_ID","int(4)","NAO","S1",""
"Financeiro / Cobrança","N97","Tabela do Sistema Petrus","N97_SELECIONE","bit(1)","NAO","",""
"Financeiro / Cobrança","N97","Tabela do Sistema Petrus","N97_DATA_INCLUSAO","datetime(8)","NAO","",""
"Financeiro / Cobrança","N97","Tabela do Sistema Petrus","N97_DATA_ALTERACAO","datetime(8)","NAO","",""
"Financeiro / Cobrança","N97","Tabela do Sistema Petrus","N97_USUARIO_INCLUSAO","varchar(50)","NAO","",""
"Financeiro / Cobrança","N97","Tabela do Sistema Petrus","N97_USUARIO_ALTERACAO","varchar(50)","NAO","",""
"Financeiro / Cobrança","N97","Tabela do Sistema Petrus","N97_DATA","datetime(8)","NAO","",""
"Financeiro / Cobrança","N97","Tabela do Sistema Petrus","N97_VALOR","numeric(9)","NAO","","Campo monetário"
"Financeiro / Cobrança","N97","Tabela do Sistema Petrus","N97_SALDO_ANTERIOR","numeric(9)","NAO","",""
"Financeiro / Cobrança","N97","Tabela do Sistema Petrus","N97_SALDO_ATUAL","numeric(9)","NAO","",""
"Financeiro / Cobrança","N97","Tabela do Sistema Petrus","R4_ID","int(4)","NAO","R4",""
"Financeiro / Cobrança","N97","Tabela do Sistema Petrus","N97_AUTOMATICO","bit(1)","NAO","",""
"Financeiro / Cobrança","N97","Tabela do Sistema Petrus","N97_INTEGRAL","bit(1)","NAO","",""
"Financeiro / Cobrança","N98","Tabela do Sistema Petrus","N98_ID","int(4)","SIM","",""
"Financeiro / Cobrança","N98","Tabela do Sistema Petrus","S1_ID","int(4)","NAO","S1",""
"Financeiro / Cobrança","N98","Tabela do Sistema Petrus","N98_OBS","varchar(500)","NAO","",""
"Financeiro / Cobrança","N98","Tabela do Sistema Petrus","N98_DATA_LANCAMENTO","datetime(8)","NAO","",""
"Financeiro / Cobrança","N98","Tabela do Sistema Petrus","N1_ID","int(4)","NAO","N1",""
"Financeiro / Cobrança","N98","Tabela do Sistema Petrus","N98_DATA_COMPENSACAO","datetime(8)","NAO","",""
"Financeiro / Cobrança","N98","Tabela do Sistema Petrus","N90_ID","int(4)","NAO","N90",""
"Financeiro / Cobrança","N98","Tabela do Sistema Petrus","N98_AGENCIA","varchar(50)","NAO","",""
"Financeiro / Cobrança","N98","Tabela do Sistema Petrus","N98_CONTA","varchar(50)","NAO","",""
"Financeiro / Cobrança","N98","Tabela do Sistema Petrus","N98_EMITENTE","varchar(300)","NAO","",""
"Financeiro / Cobrança","N98","Tabela do Sistema Petrus","N98_NUMERO","varchar(50)","NAO","",""
"Financeiro / Cobrança","N98","Tabela do Sistema Petrus","N98_VALOR","numeric(9)","NAO","","Campo monetário"
"Financeiro / Cobrança","N98","Tabela do Sistema Petrus","N98_SELECIONE","bit(1)","NAO","",""
"Financeiro / Cobrança","N98","Tabela do Sistema Petrus","N98_DATA_INCLUSAO","datetime(8)","NAO","",""
"Financeiro / Cobrança","N98","Tabela do Sistema Petrus","N98_DATA_ALTERACAO","datetime(8)","NAO","",""
"Financeiro / Cobrança","N98","Tabela do Sistema Petrus","N98_USUARIO_INCLUSAO","varchar(50)","NAO","",""
"Financeiro / Cobrança","N98","Tabela do Sistema Petrus","N98_USUARIO_ALTERACAO","varchar(50)","NAO","",""
"Financeiro / Cobrança","N98","Tabela do Sistema Petrus","N98_PREDATA","datetime(8)","NAO","",""
"Financeiro / Cobrança","N98","Tabela do Sistema Petrus","R2_ID","int(4)","NAO","R2",""
"Financeiro / Cobrança","N98","Tabela do Sistema Petrus","R13_ID","int(4)","NAO","R13",""
"Financeiro / Cobrança","N98","Tabela do Sistema Petrus","N98_STATUS","varchar(50)","NAO","","Máquina de estados (Aberto, Fechado, etc)"
"Financeiro / Cobrança","N98","Tabela do Sistema Petrus","I5_ID","int(4)","NAO","I5",""
"Financeiro / Cobrança","N98","Tabela do Sistema Petrus","N13_ID","int(4)","NAO","N13",""
"Financeiro / Cobrança","N98","Tabela do Sistema Petrus","N98_DATA_DEVOLUCAO","datetime(8)","NAO","",""
"Financeiro / Cobrança","N98","Tabela do Sistema Petrus","R4_ID","int(4)","NAO","R4",""
"Financeiro / Cobrança","N98","Tabela do Sistema Petrus","N98_CMC_7","varchar(300)","NAO","",""
"Financeiro / Cobrança","N98","Tabela do Sistema Petrus","N22_ID","int(4)","NAO","N22",""
"Financeiro / Cobrança","N98","Tabela do Sistema Petrus","N49_ID","int(4)","NAO","N49",""
"Financeiro / Cobrança","N98","Tabela do Sistema Petrus","N98_DATA_VENCIMENTO","datetime(8)","NAO","",""
"Financeiro / Cobrança","N98","Tabela do Sistema Petrus","N43_ID","int(4)","NAO","N43",""
"Financeiro / Cobrança","N98","Tabela do Sistema Petrus","N93_ID","int(4)","NAO","N93",""
"Financeiro / Cobrança","N98","Tabela do Sistema Petrus","N98_DATA_REPASSE","datetime(8)","NAO","",""
"Financeiro / Cobrança","N98","Tabela do Sistema Petrus","N98_CNPJ_CPF","varchar(20)","NAO","",""
"Financeiro / Cobrança","N98","Tabela do Sistema Petrus","N98_DATA_EMISSAO","datetime(8)","NAO","",""
"Financeiro / Cobrança","N99","Tabela do Sistema Petrus","N99_ID","int(4)","SIM","",""
"Financeiro / Cobrança","N99","Tabela do Sistema Petrus","S1_ID","int(4)","NAO","S1",""
"Financeiro / Cobrança","N99","Tabela do Sistema Petrus","N99_DESCRICAO","varchar(300)","NAO","",""
"Financeiro / Cobrança","N99","Tabela do Sistema Petrus","N99_TIPO","varchar(15)","NAO","",""
"Financeiro / Cobrança","N99","Tabela do Sistema Petrus","N99_SELECIONE","bit(1)","NAO","",""
"Financeiro / Cobrança","N99","Tabela do Sistema Petrus","N99_DATA_INCLUSAO","datetime(8)","NAO","",""
"Financeiro / Cobrança","N99","Tabela do Sistema Petrus","N99_DATA_ALTERACAO","datetime(8)","NAO","",""
"Financeiro / Cobrança","N99","Tabela do Sistema Petrus","N99_USUARIO_INCLUSAO","varchar(50)","NAO","",""
"Financeiro / Cobrança","N99","Tabela do Sistema Petrus","N99_USUARIO_ALTERACAO","varchar(50)","NAO","",""
"Financeiro / Cobrança","N99","Tabela do Sistema Petrus","N99_DATA","datetime(8)","NAO","",""
"Financeiro / Cobrança","N99","Tabela do Sistema Petrus","N99_VALOR","numeric(9)","NAO","","Campo monetário"
"Financeiro / Cobrança","N99","Tabela do Sistema Petrus","N88_ID","int(4)","NAO","N88",""
"Financeiro / Cobrança","N99","Tabela do Sistema Petrus","N90_ID","int(4)","NAO","N90",""
"Financeiro / Cobrança","N99","Tabela do Sistema Petrus","N91_ID","int(4)","NAO","N91",""
"Financeiro / Cobrança","N99","Tabela do Sistema Petrus","N99_MOVIMENTO","varchar(300)","NAO","",""
"Financeiro / Cobrança","NN1","Tabela do Sistema Petrus","NN1_ID","int(4)","SIM","",""
"Financeiro / Cobrança","NN1","Tabela do Sistema Petrus","S1_ID","int(4)","NAO","S1",""
"Financeiro / Cobrança","NN1","Tabela do Sistema Petrus","NN1_SELECIONE","bit(1)","NAO","",""
"Financeiro / Cobrança","NN1","Tabela do Sistema Petrus","NN1_DATA_INCLUSAO","datetime(8)","NAO","",""
"Financeiro / Cobrança","NN1","Tabela do Sistema Petrus","NN1_DATA_ALTERACAO","datetime(8)","NAO","",""
"Financeiro / Cobrança","NN1","Tabela do Sistema Petrus","NN1_USUARIO_INCLUSAO","varchar(50)","NAO","",""
"Financeiro / Cobrança","NN1","Tabela do Sistema Petrus","NN1_USUARIO_ALTERACAO","varchar(50)","NAO","",""
"Financeiro / Cobrança","NN1","Tabela do Sistema Petrus","N98_ID","int(4)","NAO","N98",""
"Financeiro / Cobrança","NN1","Tabela do Sistema Petrus","NN1_DATA","datetime(8)","NAO","",""
"Financeiro / Cobrança","NN1","Tabela do Sistema Petrus","NN1_DESCRICAO","varchar(300)","NAO","",""
"Financeiro / Cobrança","NN2","Tabela do Sistema Petrus","NN2_ID","int(4)","SIM","",""
"Financeiro / Cobrança","NN2","Tabela do Sistema Petrus","S1_ID","int(4)","NAO","S1",""
"Financeiro / Cobrança","NN2","Tabela do Sistema Petrus","NN2_SELECIONE","bit(1)","NAO","",""
"Financeiro / Cobrança","NN2","Tabela do Sistema Petrus","NN2_DATA_INCLUSAO","datetime(8)","NAO","",""
"Financeiro / Cobrança","NN2","Tabela do Sistema Petrus","NN2_DATA_ALTERACAO","datetime(8)","NAO","",""
"Financeiro / Cobrança","NN2","Tabela do Sistema Petrus","NN2_USUARIO_INCLUSAO","varchar(50)","NAO","",""
"Financeiro / Cobrança","NN2","Tabela do Sistema Petrus","NN2_USUARIO_ALTERACAO","varchar(50)","NAO","",""
"Financeiro / Cobrança","NN2","Tabela do Sistema Petrus","N98_ID","int(4)","NAO","N98",""
"Financeiro / Cobrança","NN2","Tabela do Sistema Petrus","NN2_DATA","datetime(8)","NAO","",""
"Financeiro / Cobrança","NN2","Tabela do Sistema Petrus","NN2_DESCRICAO","varchar(-1)","NAO","",""
"Financeiro / Cobrança","NN2","Tabela do Sistema Petrus","N13_ID","int(4)","NAO","N13",""
"Financeiro / Cobrança","NN2","Tabela do Sistema Petrus","N43_ID","int(4)","NAO","N43",""
"Financeiro / Cobrança","NN3","Tabela do Sistema Petrus","NN3_ID","int(4)","SIM","",""
"Financeiro / Cobrança","NN3","Tabela do Sistema Petrus","S1_ID","int(4)","NAO","S1",""
"Financeiro / Cobrança","NN3","Tabela do Sistema Petrus","NN3_SELECIONE","bit(1)","NAO","",""
"Financeiro / Cobrança","NN3","Tabela do Sistema Petrus","NN3_DATA_INCLUSAO","datetime(8)","NAO","",""
"Financeiro / Cobrança","NN3","Tabela do Sistema Petrus","NN3_DATA_ALTERACAO","datetime(8)","NAO","",""
"Financeiro / Cobrança","NN3","Tabela do Sistema Petrus","NN3_USUARIO_INCLUSAO","varchar(50)","NAO","",""
"Financeiro / Cobrança","NN3","Tabela do Sistema Petrus","NN3_USUARIO_ALTERACAO","varchar(50)","NAO","",""
"Financeiro / Cobrança","NN3","Tabela do Sistema Petrus","NN3_MES","varchar(50)","NAO","",""
"Financeiro / Cobrança","NN3","Tabela do Sistema Petrus","NN3_ANO","varchar(50)","NAO","",""
"Financeiro / Cobrança","NN3","Tabela do Sistema Petrus","L10_ID","int(4)","NAO","L10",""
"Financeiro / Cobrança","NN3","Tabela do Sistema Petrus","NN3_VALOR","numeric(9)","NAO","","Campo monetário"
"Financeiro / Cobrança","NN3","Tabela do Sistema Petrus","NN3_ATIVO","bit(1)","NAO","",""
"Financeiro / Cobrança","NX1","Logs e Histórico de Contatos (WhatsApp/Cobrança)","NX1_ID","int(4)","SIM","",""
"Financeiro / Cobrança","NX1","Logs e Histórico de Contatos (WhatsApp/Cobrança)","S1_ID","int(4)","NAO","S1",""
"Financeiro / Cobrança","NX1","Logs e Histórico de Contatos (WhatsApp/Cobrança)","NX1_DESCRICAO","varchar(-1)","NAO","",""
"Financeiro / Cobrança","NX1","Logs e Histórico de Contatos (WhatsApp/Cobrança)","NX1_SELECIONE","bit(1)","NAO","",""
"Financeiro / Cobrança","NX1","Logs e Histórico de Contatos (WhatsApp/Cobrança)","NX1_DATA_INCLUSAO","datetime(8)","NAO","",""
"Financeiro / Cobrança","NX1","Logs e Histórico de Contatos (WhatsApp/Cobrança)","NX1_DATA_ALTERACAO","datetime(8)","NAO","",""
"Financeiro / Cobrança","NX1","Logs e Histórico de Contatos (WhatsApp/Cobrança)","NX1_USUARIO_INCLUSAO","varchar(50)","NAO","",""
"Financeiro / Cobrança","NX1","Logs e Histórico de Contatos (WhatsApp/Cobrança)","NX1_USUARIO_ALTERACAO","varchar(50)","NAO","",""
"Financeiro / Cobrança","NX1","Logs e Histórico de Contatos (WhatsApp/Cobrança)","N22_ID","int(4)","NAO","N22",""
"Financeiro / Cobrança","NX1","Logs e Histórico de Contatos (WhatsApp/Cobrança)","NX1_TIPO","varchar(50)","NAO","",""
"Financeiro / Cobrança","NX1","Logs e Histórico de Contatos (WhatsApp/Cobrança)","NX1_DATA","datetime(8)","NAO","",""
"Financeiro / Cobrança","NX1","Logs e Histórico de Contatos (WhatsApp/Cobrança)","NX1_CONTATO","varchar(100)","NAO","",""
"Financeiro / Cobrança","NX2","Tabela do Sistema Petrus","NX2_ID","int(4)","SIM","",""
"Financeiro / Cobrança","NX2","Tabela do Sistema Petrus","S1_ID","int(4)","NAO","S1",""
"Financeiro / Cobrança","NX2","Tabela do Sistema Petrus","NX2_SELECIONE","bit(1)","NAO","",""
"Financeiro / Cobrança","NX2","Tabela do Sistema Petrus","NX2_DATA_INCLUSAO","datetime(8)","NAO","",""
"Financeiro / Cobrança","NX2","Tabela do Sistema Petrus","NX2_DATA_ALTERACAO","datetime(8)","NAO","",""
"Financeiro / Cobrança","NX2","Tabela do Sistema Petrus","NX2_USUARIO_INCLUSAO","varchar(50)","NAO","",""
"Financeiro / Cobrança","NX2","Tabela do Sistema Petrus","NX2_USUARIO_ALTERACAO","varchar(50)","NAO","",""
"Financeiro / Cobrança","NX2","Tabela do Sistema Petrus","NX2_SERIE","varchar(50)","NAO","",""
"Financeiro / Cobrança","NX2","Tabela do Sistema Petrus","NX2_NUMERACAO_INICIAL","int(4)","NAO","",""
"Financeiro / Cobrança","NX2","Tabela do Sistema Petrus","NX2_NUMERACAO_FINAL","int(4)","NAO","",""
"Financeiro / Cobrança","NX2","Tabela do Sistema Petrus","NX2_DATA","datetime(8)","NAO","",""
"Financeiro / Cobrança","NX2","Tabela do Sistema Petrus","NX2_ULTIMA_NUMERACAO","int(4)","NAO","",""
"Financeiro / Cobrança","NX2","Tabela do Sistema Petrus","N90_ID","int(4)","NAO","N90",""
"Financeiro / Cobrança","NX3","Tabela do Sistema Petrus","NX3_ID","int(4)","SIM","",""
"Financeiro / Cobrança","NX3","Tabela do Sistema Petrus","S1_ID","int(4)","NAO","S1",""
"Financeiro / Cobrança","NX3","Tabela do Sistema Petrus","NX3_DESCRICAO","varchar(50)","NAO","",""
"Financeiro / Cobrança","NX3","Tabela do Sistema Petrus","NX3_SELECIONE","bit(1)","NAO","",""
"Financeiro / Cobrança","NX3","Tabela do Sistema Petrus","NX3_DATA_INCLUSAO","datetime(8)","NAO","",""
"Financeiro / Cobrança","NX3","Tabela do Sistema Petrus","NX3_DATA_ALTERACAO","datetime(8)","NAO","",""
"Financeiro / Cobrança","NX3","Tabela do Sistema Petrus","NX3_USUARIO_INCLUSAO","varchar(50)","NAO","",""
"Financeiro / Cobrança","NX3","Tabela do Sistema Petrus","NX3_USUARIO_ALTERACAO","varchar(50)","NAO","",""
"Financeiro / Cobrança","NX5","Tabela do Sistema Petrus","NX5_ID","int(4)","SIM","",""
"Financeiro / Cobrança","NX5","Tabela do Sistema Petrus","S1_ID","int(4)","NAO","S1",""
"Financeiro / Cobrança","NX5","Tabela do Sistema Petrus","NX5_SELECIONE","bit(1)","NAO","",""
"Financeiro / Cobrança","NX5","Tabela do Sistema Petrus","NX5_DATA_INCLUSAO","datetime(8)","NAO","",""
"Financeiro / Cobrança","NX5","Tabela do Sistema Petrus","NX5_DATA_ALTERACAO","datetime(8)","NAO","",""
"Financeiro / Cobrança","NX5","Tabela do Sistema Petrus","NX5_USUARIO_INCLUSAO","varchar(50)","NAO","",""
"Financeiro / Cobrança","NX5","Tabela do Sistema Petrus","NX5_USUARIO_ALTERACAO","varchar(50)","NAO","",""
"Financeiro / Cobrança","NX5","Tabela do Sistema Petrus","R4_ID","int(4)","NAO","R4",""
"Financeiro / Cobrança","NX5","Tabela do Sistema Petrus","NX5_COMISSAO","numeric(9)","NAO","",""
"Financeiro / Cobrança","NX5","Tabela do Sistema Petrus","N22_ID","int(4)","NAO","N22",""
"Financeiro / Cobrança","NX5","Tabela do Sistema Petrus","NX5_NOME","varchar(300)","NAO","",""
"Financeiro / Cobrança","NX5","Tabela do Sistema Petrus","NX5_TIPO","varchar(50)","NAO","",""
"Financeiro / Cobrança","NX7","Tabela do Sistema Petrus","NX7_ID","int(4)","SIM","",""
"Financeiro / Cobrança","NX7","Tabela do Sistema Petrus","S1_ID","int(4)","NAO","S1",""
"Financeiro / Cobrança","NX7","Tabela do Sistema Petrus","NX7_SELECIONE","bit(1)","NAO","",""
"Financeiro / Cobrança","NX7","Tabela do Sistema Petrus","NX7_DATA_INCLUSAO","datetime(8)","NAO","",""
"Financeiro / Cobrança","NX7","Tabela do Sistema Petrus","NX7_DATA_ALTERACAO","datetime(8)","NAO","",""
"Financeiro / Cobrança","NX7","Tabela do Sistema Petrus","NX7_USUARIO_INCLUSAO","varchar(50)","NAO","",""
"Financeiro / Cobrança","NX7","Tabela do Sistema Petrus","NX7_USUARIO_ALTERACAO","varchar(50)","NAO","",""
"Financeiro / Cobrança","NX7","Tabela do Sistema Petrus","NX7_CAMINHO","varchar(300)","NAO","",""
"Financeiro / Cobrança","NX7","Tabela do Sistema Petrus","NX7_DESCRICAO","varchar(100)","NAO","",""
"Financeiro / Cobrança","NX7","Tabela do Sistema Petrus","N9_ID","int(4)","NAO","N9",""
"Financeiro / Cobrança","NX8","Tabela do Sistema Petrus","NX8_ID","int(4)","SIM","",""
"Financeiro / Cobrança","NX8","Tabela do Sistema Petrus","S1_ID","int(4)","NAO","S1",""
"Financeiro / Cobrança","NX8","Tabela do Sistema Petrus","NX8_SELECIONE","bit(1)","NAO","",""
"Financeiro / Cobrança","NX8","Tabela do Sistema Petrus","NX8_DATA_INCLUSAO","datetime(8)","NAO","",""
"Financeiro / Cobrança","NX8","Tabela do Sistema Petrus","NX8_DATA_ALTERACAO","datetime(8)","NAO","",""
"Financeiro / Cobrança","NX8","Tabela do Sistema Petrus","NX8_USUARIO_INCLUSAO","varchar(50)","NAO","",""
"Financeiro / Cobrança","NX8","Tabela do Sistema Petrus","NX8_USUARIO_ALTERACAO","varchar(50)","NAO","",""
"Financeiro / Cobrança","NX8","Tabela do Sistema Petrus","NX8_CAMINHO","varchar(300)","NAO","",""
"Financeiro / Cobrança","NX8","Tabela do Sistema Petrus","NX8_DESCRICAO","varchar(100)","NAO","",""
"Financeiro / Cobrança","NX8","Tabela do Sistema Petrus","N22_ID","int(4)","NAO","N22",""
"Financeiro / Cobrança","NX9","Tabela do Sistema Petrus","NX9_ID","int(4)","SIM","",""
"Financeiro / Cobrança","NX9","Tabela do Sistema Petrus","S1_ID","int(4)","NAO","S1",""
"Financeiro / Cobrança","NX9","Tabela do Sistema Petrus","NX9_SELECIONE","bit(1)","NAO","",""
"Financeiro / Cobrança","NX9","Tabela do Sistema Petrus","NX9_DATA_INCLUSAO","datetime(8)","NAO","",""
"Financeiro / Cobrança","NX9","Tabela do Sistema Petrus","NX9_DATA_ALTERACAO","datetime(8)","NAO","",""
"Financeiro / Cobrança","NX9","Tabela do Sistema Petrus","NX9_USUARIO_INCLUSAO","varchar(50)","NAO","",""
"Financeiro / Cobrança","NX9","Tabela do Sistema Petrus","NX9_USUARIO_ALTERACAO","varchar(50)","NAO","",""
"Financeiro / Cobrança","NX9","Tabela do Sistema Petrus","NX9_CAMINHO","varchar(300)","NAO","",""
"Financeiro / Cobrança","NX9","Tabela do Sistema Petrus","NX9_DESCRICAO","varchar(100)","NAO","",""
"Financeiro / Cobrança","NX9","Tabela do Sistema Petrus","N93_ID","int(4)","NAO","N93",""
"Financeiro / Cobrança","NZ1","Tabela do Sistema Petrus","NZ1_ID","int(4)","SIM","",""
"Financeiro / Cobrança","NZ1","Tabela do Sistema Petrus","S1_ID","int(4)","NAO","S1",""
"Financeiro / Cobrança","NZ1","Tabela do Sistema Petrus","NZ1_SELECIONE","bit(1)","NAO","",""
"Financeiro / Cobrança","NZ1","Tabela do Sistema Petrus","NZ1_DATA_INCLUSAO","datetime(8)","NAO","",""
"Financeiro / Cobrança","NZ1","Tabela do Sistema Petrus","NZ1_DATA_ALTERACAO","datetime(8)","NAO","",""
"Financeiro / Cobrança","NZ1","Tabela do Sistema Petrus","NZ1_USUARIO_INCLUSAO","varchar(50)","NAO","",""
"Financeiro / Cobrança","NZ1","Tabela do Sistema Petrus","NZ1_USUARIO_ALTERACAO","varchar(50)","NAO","",""
"Financeiro / Cobrança","NZ1","Tabela do Sistema Petrus","NZ1_DATA_EMISSAO","datetime(8)","NAO","",""
"Financeiro / Cobrança","NZ1","Tabela do Sistema Petrus","N49_ID","int(4)","NAO","N49",""
"Financeiro / Cobrança","NZ1","Tabela do Sistema Petrus","NZ1_TITULOS","int(4)","NAO","",""
"Financeiro / Cobrança","NZ1","Tabela do Sistema Petrus","NZ1_VALOR_TITULOS","numeric(9)","NAO","","Campo monetário"
"Financeiro / Cobrança","NZ1","Tabela do Sistema Petrus","NZ1_STATUS","varchar(20)","NAO","","Máquina de estados (Aberto, Fechado, etc)"
"Financeiro / Cobrança","NZ1","Tabela do Sistema Petrus","NZ1_REMESSA","int(4)","NAO","",""
"Financeiro / Cobrança","NZ1","Tabela do Sistema Petrus","NZ1_DATA_INICIAL","datetime(8)","NAO","",""
"Financeiro / Cobrança","NZ1","Tabela do Sistema Petrus","NZ1_DATA_FINAL","datetime(8)","NAO","",""
"Financeiro / Cobrança","NZ2","Tabela do Sistema Petrus","I5_ID","int(4)","NAO","I5",""
"Financeiro / Cobrança","NZ2","Tabela do Sistema Petrus","NZ2_DATA_ALTERACAO","datetime(8)","NAO","",""
"Financeiro / Cobrança","NZ2","Tabela do Sistema Petrus","NZ2_DATA_INCLUSAO","datetime(8)","NAO","",""
"Financeiro / Cobrança","NZ2","Tabela do Sistema Petrus","NZ2_DATA_EMISSAO","datetime(8)","NAO","",""
"Financeiro / Cobrança","NZ2","Tabela do Sistema Petrus","NZ2_DATA_VENCIMENTO","datetime(8)","NAO","",""
"Financeiro / Cobrança","NZ2","Tabela do Sistema Petrus","S1_ID","int(4)","NAO","S1",""
"Financeiro / Cobrança","NZ2","Tabela do Sistema Petrus","NZ2_ID","int(4)","SIM","",""
"Financeiro / Cobrança","NZ2","Tabela do Sistema Petrus","NZ2_SELECIONE","bit(1)","NAO","",""
"Financeiro / Cobrança","NZ2","Tabela do Sistema Petrus","NZ2_USUARIO_ALTERACAO","varchar(50)","NAO","",""
"Financeiro / Cobrança","NZ2","Tabela do Sistema Petrus","NZ2_USUARIO_INCLUSAO","varchar(50)","NAO","",""
"Financeiro / Cobrança","NZ2","Tabela do Sistema Petrus","NZ2_VALOR_TITULO","numeric(9)","NAO","","Campo monetário"
"Financeiro / Cobrança","NZ2","Tabela do Sistema Petrus","NZ1_ID","int(4)","NAO","NZ1",""
"Financeiro / Cobrança","NZ2","Tabela do Sistema Petrus","NZ2_NOME","varchar(300)","NAO","",""
"Financeiro / Cobrança","NZ2","Tabela do Sistema Petrus","N9_ID","int(4)","NAO","N9",""
"Financeiro / Cobrança","NZ2","Tabela do Sistema Petrus","NZ2_NUMERO_DOCUMENTO","varchar(20)","NAO","",""
"Financeiro / Cobrança","NZ2","Tabela do Sistema Petrus","NZ2_TIPO","varchar(50)","NAO","",""
"Financeiro / Cobrança","NZ3","Tabela do Sistema Petrus","NZ3_ID","int(4)","SIM","",""
"Financeiro / Cobrança","NZ3","Tabela do Sistema Petrus","S1_ID","int(4)","NAO","S1",""
"Financeiro / Cobrança","NZ3","Tabela do Sistema Petrus","NZ3_NOME_ARQUIVO","varchar(300)","NAO","",""
"Financeiro / Cobrança","NZ3","Tabela do Sistema Petrus","NZ3_SELECIONE","bit(1)","NAO","",""
"Financeiro / Cobrança","NZ3","Tabela do Sistema Petrus","NZ3_DATA_INCLUSAO","datetime(8)","NAO","",""
"Financeiro / Cobrança","NZ3","Tabela do Sistema Petrus","NZ3_DATA_ALTERACAO","datetime(8)","NAO","",""
"Financeiro / Cobrança","NZ3","Tabela do Sistema Petrus","NZ3_USUARIO_INCLUSAO","varchar(50)","NAO","",""
"Financeiro / Cobrança","NZ3","Tabela do Sistema Petrus","NZ3_USUARIO_ALTERACAO","varchar(50)","NAO","",""
"Financeiro / Cobrança","NZ3","Tabela do Sistema Petrus","NZ3_DATA_RETORNO","datetime(8)","NAO","",""
"Financeiro / Cobrança","NZ3","Tabela do Sistema Petrus","NZ3_TITULOS","int(4)","NAO","",""
"Financeiro / Cobrança","NZ3","Tabela do Sistema Petrus","N49_ID","int(4)","NAO","N49",""
"Financeiro / Cobrança","NZ4","Tabela do Sistema Petrus","I5_ID","int(4)","NAO","I5",""
"Financeiro / Cobrança","NZ4","Tabela do Sistema Petrus","NZ4_DATA_ALTERACAO","datetime(8)","NAO","",""
"Financeiro / Cobrança","NZ4","Tabela do Sistema Petrus","NZ4_DATA_INCLUSAO","datetime(8)","NAO","",""
"Financeiro / Cobrança","NZ4","Tabela do Sistema Petrus","NZ4_DATA_VENCIMENTO","datetime(8)","NAO","",""
"Financeiro / Cobrança","NZ4","Tabela do Sistema Petrus","S1_ID","int(4)","NAO","S1",""
"Financeiro / Cobrança","NZ4","Tabela do Sistema Petrus","NZ4_ID","int(4)","SIM","",""
"Financeiro / Cobrança","NZ4","Tabela do Sistema Petrus","NZ4_SELECIONE","bit(1)","NAO","",""
"Financeiro / Cobrança","NZ4","Tabela do Sistema Petrus","NZ4_USUARIO_ALTERACAO","varchar(50)","NAO","",""
"Financeiro / Cobrança","NZ4","Tabela do Sistema Petrus","NZ4_USUARIO_INCLUSAO","varchar(50)","NAO","",""
"Financeiro / Cobrança","NZ4","Tabela do Sistema Petrus","NZ4_VALOR_TITULO","numeric(9)","NAO","","Campo monetário"
"Financeiro / Cobrança","NZ4","Tabela do Sistema Petrus","NZ3_ID","int(4)","NAO","NZ3",""
"Financeiro / Cobrança","NZ4","Tabela do Sistema Petrus","NZ4_NOME","varchar(300)","NAO","",""
"Financeiro / Cobrança","NZ4","Tabela do Sistema Petrus","N9_ID","int(4)","NAO","N9",""
"Financeiro / Cobrança","NZ4","Tabela do Sistema Petrus","NZ4_DATA_CREDITO","datetime(8)","NAO","",""
"Financeiro / Cobrança","NZ4","Tabela do Sistema Petrus","NZ4_VALOR_PAGO","numeric(9)","NAO","","Campo monetário"
"Financeiro / Cobrança","NZ4","Tabela do Sistema Petrus","NZ4_NUMERO_DOCUMENTO","varchar(50)","NAO","",""
"Financeiro / Cobrança","NZ4","Tabela do Sistema Petrus","NZ4_OCORRENCIA","varchar(150)","NAO","",""
"Financeiro / Cobrança","NZ4","Tabela do Sistema Petrus","NZ4_DATA_OCORRENCIA","datetime(8)","NAO","",""
"Financeiro / Cobrança","NZ4","Tabela do Sistema Petrus","NZ4_INCONSISTENCIA","varchar(300)","NAO","",""
"Geral / Outros","O1","Tabela do Sistema Petrus","O1_SELECIONE","bit(1)","NAO","",""
"Geral / Outros","O1","Tabela do Sistema Petrus","O1_DATA_INCLUSAO","datetime(8)","NAO","",""
"Geral / Outros","O1","Tabela do Sistema Petrus","O1_DATA_ALTERACAO","datetime(8)","NAO","",""
"Geral / Outros","O1","Tabela do Sistema Petrus","O1_USUARIO_INCLUSAO","varchar(50)","NAO","",""
"Geral / Outros","O1","Tabela do Sistema Petrus","O1_USUARIO_ALTERACAO","varchar(50)","NAO","",""
"Geral / Outros","O1","Tabela do Sistema Petrus","O1_ID","int(4)","SIM","",""
"Geral / Outros","O1","Tabela do Sistema Petrus","S1_ID","int(4)","NAO","S1",""
"Geral / Outros","O1","Tabela do Sistema Petrus","O1_DATA_EMISSAO","datetime(8)","NAO","",""
"Geral / Outros","O1","Tabela do Sistema Petrus","O1_VALOR","numeric(9)","NAO","","Campo monetário"
"Geral / Outros","O1","Tabela do Sistema Petrus","O1_DATA_INICIAL","datetime(8)","NAO","",""
"Geral / Outros","O1","Tabela do Sistema Petrus","O1_DATA_FINAL","datetime(8)","NAO","",""
"Geral / Outros","O1","Tabela do Sistema Petrus","I5_ID","int(4)","NAO","I5",""
"Geral / Outros","O1","Tabela do Sistema Petrus","O3_ID","int(4)","NAO","O3",""
"Geral / Outros","O1","Tabela do Sistema Petrus","O1_OBS","varchar(-1)","NAO","",""
"Geral / Outros","O2","Tabela do Sistema Petrus","O2_ID","int(4)","SIM","",""
"Geral / Outros","O2","Tabela do Sistema Petrus","S1_ID","int(4)","NAO","S1",""
"Geral / Outros","O2","Tabela do Sistema Petrus","O2_SELECIONE","bit(1)","NAO","",""
"Geral / Outros","O2","Tabela do Sistema Petrus","O2_DATA_INCLUSAO","datetime(8)","NAO","",""
"Geral / Outros","O2","Tabela do Sistema Petrus","O2_DATA_ALTERACAO","datetime(8)","NAO","",""
"Geral / Outros","O2","Tabela do Sistema Petrus","O2_USUARIO_INCLUSAO","varchar(50)","NAO","",""
"Geral / Outros","O2","Tabela do Sistema Petrus","O2_USUARIO_ALTERACAO","varchar(50)","NAO","",""
"Geral / Outros","O2","Tabela do Sistema Petrus","O2_CAMINHO","varchar(300)","NAO","",""
"Geral / Outros","O2","Tabela do Sistema Petrus","O2_DESCRICAO","varchar(100)","NAO","",""
"Geral / Outros","O2","Tabela do Sistema Petrus","O1_ID","int(4)","NAO","O1",""
"Geral / Outros","O3","Tabela do Sistema Petrus","O3_ID","int(4)","SIM","",""
"Geral / Outros","O3","Tabela do Sistema Petrus","S1_ID","int(4)","NAO","S1",""
"Geral / Outros","O3","Tabela do Sistema Petrus","O3_NOME","varchar(50)","NAO","",""
"Geral / Outros","O3","Tabela do Sistema Petrus","O3_SELECIONE","bit(1)","NAO","",""
"Geral / Outros","O3","Tabela do Sistema Petrus","O3_DATA_INCLUSAO","datetime(8)","NAO","",""
"Geral / Outros","O3","Tabela do Sistema Petrus","O3_DATA_ALTERACAO","datetime(8)","NAO","",""
"Geral / Outros","O3","Tabela do Sistema Petrus","O3_USUARIO_INCLUSAO","varchar(50)","NAO","",""
"Geral / Outros","O3","Tabela do Sistema Petrus","O3_USUARIO_ALTERACAO","varchar(50)","NAO","",""
"Estoque / Produtos","R13","Tabela do Sistema Petrus","R13_ID","int(4)","SIM","",""
"Estoque / Produtos","R13","Tabela do Sistema Petrus","S1_ID","int(4)","NAO","S1",""
"Estoque / Produtos","R13","Tabela do Sistema Petrus","R13_TERMO_RESPONSABILIDADE","bit(1)","NAO","",""
"Estoque / Produtos","R13","Tabela do Sistema Petrus","R13_DATA_CANCELAMENTO","datetime(8)","NAO","",""
"Estoque / Produtos","R13","Tabela do Sistema Petrus","R13_DATA_INICIO_EMBARQUE","datetime(8)","NAO","",""
"Estoque / Produtos","R13","Tabela do Sistema Petrus","R13_DATA_DEVOLUCAO","datetime(8)","NAO","",""
"Estoque / Produtos","R13","Tabela do Sistema Petrus","R13_DATA_EMISSAO","datetime(8)","NAO","",""
"Estoque / Produtos","R13","Tabela do Sistema Petrus","R13_DATA_ENTREGA","datetime(8)","NAO","",""
"Estoque / Produtos","R13","Tabela do Sistema Petrus","R13_DATA_FATURAMENTO","datetime(8)","NAO","",""
"Estoque / Produtos","R13","Tabela do Sistema Petrus","R13_DATA_LIBERACAO","datetime(8)","NAO","",""
"Estoque / Produtos","R13","Tabela do Sistema Petrus","R13_DATA_PROGRAMACAO","datetime(8)","NAO","",""
"Estoque / Produtos","R13","Tabela do Sistema Petrus","R13_ACRESCIMO","numeric(9)","NAO","",""
"Estoque / Produtos","R13","Tabela do Sistema Petrus","R13_COMISSAO","numeric(9)","NAO","",""
"Estoque / Produtos","R13","Tabela do Sistema Petrus","R13_CUBAGEM","numeric(9)","NAO","",""
"Estoque / Produtos","R13","Tabela do Sistema Petrus","R13_DESCONTO","numeric(9)","NAO","",""
"Estoque / Produtos","R13","Tabela do Sistema Petrus","R13_LUCRO","numeric(9)","NAO","",""
"Estoque / Produtos","R13","Tabela do Sistema Petrus","R13_MARGEM","numeric(9)","NAO","",""
"Estoque / Produtos","R13","Tabela do Sistema Petrus","R13_MEDIA","numeric(9)","NAO","",""
"Estoque / Produtos","R13","Tabela do Sistema Petrus","R13_PECAS","numeric(9)","NAO","",""
"Estoque / Produtos","R13","Tabela do Sistema Petrus","R13_PESO_BRUTO","numeric(9)","NAO","",""
"Estoque / Produtos","R13","Tabela do Sistema Petrus","R13_PESO_LIQUIDO","numeric(9)","NAO","",""
"Estoque / Produtos","R13","Tabela do Sistema Petrus","R13_VALOR_COMISSAO","numeric(9)","NAO","","Campo monetário"
"Estoque / Produtos","R13","Tabela do Sistema Petrus","R13_VALOR_DESCONTO","numeric(9)","NAO","","Campo monetário"
"Estoque / Produtos","R13","Tabela do Sistema Petrus","R13_VALOR_MARGEM","numeric(9)","NAO","","Campo monetário"
"Estoque / Produtos","R13","Tabela do Sistema Petrus","R13_VALOR_FRETE","numeric(9)","NAO","","Campo monetário"
"Estoque / Produtos","R13","Tabela do Sistema Petrus","R13_VALOR_OUTRAS_DESPESAS","numeric(9)","NAO","","Campo monetário"
"Estoque / Produtos","R13","Tabela do Sistema Petrus","R13_VALOR_SEGURO","numeric(9)","NAO","","Campo monetário"
"Estoque / Produtos","R13","Tabela do Sistema Petrus","R13_SUBTOTAL","numeric(9)","NAO","",""
"Estoque / Produtos","R13","Tabela do Sistema Petrus","R13_VALOR_TABELA","numeric(9)","NAO","","Campo monetário"
"Estoque / Produtos","R13","Tabela do Sistema Petrus","R13_VALOR_TOTAL","numeric(9)","NAO","","Campo monetário"
"Estoque / Produtos","R13","Tabela do Sistema Petrus","R13_VOLUMES","numeric(9)","NAO","",""
"Estoque / Produtos","R13","Tabela do Sistema Petrus","R13_CONTROLE_1","numeric(9)","NAO","",""
"Estoque / Produtos","R13","Tabela do Sistema Petrus","R13_CONTROLE_2","numeric(9)","NAO","",""
"Estoque / Produtos","R13","Tabela do Sistema Petrus","J10_ID","int(4)","NAO","J10",""
"Estoque / Produtos","R13","Tabela do Sistema Petrus","R7_ID","int(4)","NAO","R7",""
"Estoque / Produtos","R13","Tabela do Sistema Petrus","R2_ID","int(4)","NAO","R2",""
"Estoque / Produtos","R13","Tabela do Sistema Petrus","N47_ID","int(4)","NAO","N47",""
"Estoque / Produtos","R13","Tabela do Sistema Petrus","X13_ID","int(4)","NAO","X13",""
"Estoque / Produtos","R13","Tabela do Sistema Petrus","N49_ID","int(4)","NAO","N49",""
"Estoque / Produtos","R13","Tabela do Sistema Petrus","R43_ID","int(4)","NAO","R43",""
"Estoque / Produtos","R13","Tabela do Sistema Petrus","J2_ID","int(4)","NAO","J2",""
"Estoque / Produtos","R13","Tabela do Sistema Petrus","R4_ID","int(4)","NAO","R4",""
"Estoque / Produtos","R13","Tabela do Sistema Petrus","R13_DESTINO","varchar(50)","NAO","",""
"Estoque / Produtos","R13","Tabela do Sistema Petrus","R13_FRETE","varchar(15)","NAO","",""
"Estoque / Produtos","R13","Tabela do Sistema Petrus","RC1_ID","int(4)","NAO","RC1",""
"Estoque / Produtos","R13","Tabela do Sistema Petrus","R13_OBS","varchar(-1)","NAO","",""
"Estoque / Produtos","R13","Tabela do Sistema Petrus","R13_OBS_EXPEDICAO","varchar(500)","NAO","",""
"Estoque / Produtos","R13","Tabela do Sistema Petrus","R13_OBS_MINUTA","varchar(500)","NAO","",""
"Estoque / Produtos","R13","Tabela do Sistema Petrus","R13_TIPO_FATURAMENTO","varchar(15)","NAO","",""
"Estoque / Produtos","R13","Tabela do Sistema Petrus","R13_STATUS","varchar(50)","NAO","","Máquina de estados (Aberto, Fechado, etc)"
"Estoque / Produtos","R13","Tabela do Sistema Petrus","R13_SELECIONE","bit(1)","NAO","",""
"Estoque / Produtos","R13","Tabela do Sistema Petrus","R13_DATA_INCLUSAO","datetime(8)","NAO","",""
"Estoque / Produtos","R13","Tabela do Sistema Petrus","R13_DATA_ALTERACAO","datetime(8)","NAO","",""
"Estoque / Produtos","R13","Tabela do Sistema Petrus","R13_USUARIO_INCLUSAO","varchar(50)","NAO","",""
"Estoque / Produtos","R13","Tabela do Sistema Petrus","R13_USUARIO_ALTERACAO","varchar(50)","NAO","",""
"Estoque / Produtos","R13","Tabela do Sistema Petrus","R13_ORDEM_COMPRA","varchar(20)","NAO","",""
"Estoque / Produtos","R13","Tabela do Sistema Petrus","J2_ID_1","int(4)","NAO","",""
"Estoque / Produtos","R13","Tabela do Sistema Petrus","R13_BASE_ICMS","numeric(9)","NAO","",""
"Estoque / Produtos","R13","Tabela do Sistema Petrus","R13_VALOR_ICMS","numeric(9)","NAO","","Campo monetário"
"Estoque / Produtos","R13","Tabela do Sistema Petrus","R13_BASE_ICMS_ST","numeric(9)","NAO","",""
"Estoque / Produtos","R13","Tabela do Sistema Petrus","R13_VALOR_ICMS_ST","numeric(9)","NAO","","Campo monetário"
"Estoque / Produtos","R13","Tabela do Sistema Petrus","R13_BASE_IPI","numeric(9)","NAO","",""
"Estoque / Produtos","R13","Tabela do Sistema Petrus","R13_VALOR_IPI","numeric(9)","NAO","","Campo monetário"
"Estoque / Produtos","R13","Tabela do Sistema Petrus","R13_VALOR_ICMS_FCP","numeric(9)","NAO","","Campo monetário"
"Estoque / Produtos","R13","Tabela do Sistema Petrus","R13_VALOR_ICMS_ST_FCP","numeric(9)","NAO","","Campo monetário"
"Estoque / Produtos","R13","Tabela do Sistema Petrus","R13_VALOR_ICMS_ORIGEM","numeric(9)","NAO","","Campo monetário"
"Estoque / Produtos","R13","Tabela do Sistema Petrus","R13_VALOR_ICMS_DESTINO","numeric(9)","NAO","","Campo monetário"
"Estoque / Produtos","R13","Tabela do Sistema Petrus","R13_VALOR_ACRESCIMO","numeric(9)","NAO","","Campo monetário"
"Estoque / Produtos","R13","Tabela do Sistema Petrus","R13_LOGRADOURO","varchar(200)","NAO","",""
"Estoque / Produtos","R13","Tabela do Sistema Petrus","R13_NUMERO","varchar(50)","NAO","",""
"Estoque / Produtos","R13","Tabela do Sistema Petrus","R13_BAIRRO","varchar(100)","NAO","",""
"Estoque / Produtos","R13","Tabela do Sistema Petrus","R13_COMPLEMENTO","varchar(100)","NAO","",""
"Estoque / Produtos","R13","Tabela do Sistema Petrus","X4_ID","int(4)","NAO","X4",""
"Estoque / Produtos","R13","Tabela do Sistema Petrus","X10_ID","int(4)","NAO","X10",""
"Estoque / Produtos","R13","Tabela do Sistema Petrus","X12_ID","int(4)","NAO","X12",""
"Estoque / Produtos","R13","Tabela do Sistema Petrus","R13_CNPJ_CPF","varchar(20)","NAO","",""
"Estoque / Produtos","R13","Tabela do Sistema Petrus","R13_CEP","varchar(20)","NAO","",""
"Estoque / Produtos","R13","Tabela do Sistema Petrus","J40_ID_1","int(4)","NAO","",""
"Estoque / Produtos","R13","Tabela do Sistema Petrus","J40_ID","int(4)","NAO","J40",""
"Estoque / Produtos","R13","Tabela do Sistema Petrus","X9_ID","int(4)","NAO","X9",""
"Estoque / Produtos","R13","Tabela do Sistema Petrus","N49_ID_1","int(4)","NAO","",""
"Estoque / Produtos","R13","Tabela do Sistema Petrus","R13_DATA_REATIVACAO","datetime(8)","NAO","",""
"Estoque / Produtos","R13","Tabela do Sistema Petrus","R13_COMISSIONAMENTO","varchar(50)","NAO","",""
"Estoque / Produtos","R13","Tabela do Sistema Petrus","R13_VALOR_LUCRO","numeric(9)","NAO","","Campo monetário"
"Estoque / Produtos","R13","Tabela do Sistema Petrus","J7_ID","int(4)","NAO","J7",""
"Estoque / Produtos","R13","Tabela do Sistema Petrus","R13_EMAIL","varchar(500)","NAO","",""
"Estoque / Produtos","R13","Tabela do Sistema Petrus","R13_FONE_1","varchar(20)","NAO","",""
"Estoque / Produtos","R13","Tabela do Sistema Petrus","R13_OBS_FISCAIS","varchar(-1)","NAO","",""
"Estoque / Produtos","R13","Tabela do Sistema Petrus","R13_IE_RG","varchar(20)","NAO","",""
"Estoque / Produtos","R13","Tabela do Sistema Petrus","R13_IE_ISENTO","bit(1)","NAO","",""
"Estoque / Produtos","R13","Tabela do Sistema Petrus","R13_DATA_BLOQUEIO","datetime(8)","NAO","",""
"Estoque / Produtos","R13","Tabela do Sistema Petrus","R13_NOME","varchar(300)","NAO","",""
"Estoque / Produtos","R13","Tabela do Sistema Petrus","X26_ID","int(4)","NAO","X26",""
"Estoque / Produtos","R13","Tabela do Sistema Petrus","R13_FATURADO","bit(1)","NAO","",""
"Estoque / Produtos","R13","Tabela do Sistema Petrus","R13_SUFRAMA","varchar(50)","NAO","",""
"Estoque / Produtos","R13","Tabela do Sistema Petrus","R13_TIPO_PESSOA","varchar(20)","NAO","",""
"Estoque / Produtos","R13","Tabela do Sistema Petrus","R13_NOME_1","varchar(300)","NAO","",""
"Estoque / Produtos","R13","Tabela do Sistema Petrus","R13_CNPJ_CPF_1","varchar(20)","NAO","",""
"Estoque / Produtos","R13","Tabela do Sistema Petrus","R13_ENDERECO_1","varchar(150)","NAO","",""
"Estoque / Produtos","R13","Tabela do Sistema Petrus","X4_ID_1","int(4)","NAO","",""
"Estoque / Produtos","R13","Tabela do Sistema Petrus","X12_ID_1","int(4)","NAO","",""
"Estoque / Produtos","R13","Tabela do Sistema Petrus","R13_IE_RG_1","varchar(20)","NAO","",""
"Estoque / Produtos","R13","Tabela do Sistema Petrus","R13_IE_ISENTO_1","bit(1)","NAO","",""
"Estoque / Produtos","R13","Tabela do Sistema Petrus","R13_PLACA_1","varchar(20)","NAO","",""
"Estoque / Produtos","R13","Tabela do Sistema Petrus","X12_ID_2","int(4)","NAO","",""
"Estoque / Produtos","R13","Tabela do Sistema Petrus","R13_ESPECIE","varchar(20)","NAO","",""
"Estoque / Produtos","R13","Tabela do Sistema Petrus","R13_MARCA","varchar(20)","NAO","",""
"Estoque / Produtos","R13","Tabela do Sistema Petrus","R13_NUMERACAO","varchar(20)","NAO","",""
"Estoque / Produtos","R13","Tabela do Sistema Petrus","R13_NOME_2","varchar(300)","NAO","",""
"Estoque / Produtos","R13","Tabela do Sistema Petrus","R13_CNPJ_CPF_2","varchar(20)","NAO","",""
"Estoque / Produtos","R13","Tabela do Sistema Petrus","R13_ENDERECO_2","varchar(150)","NAO","",""
"Estoque / Produtos","R13","Tabela do Sistema Petrus","X4_ID_2","int(4)","NAO","",""
"Estoque / Produtos","R13","Tabela do Sistema Petrus","X12_ID_3","int(4)","NAO","",""
"Estoque / Produtos","R13","Tabela do Sistema Petrus","R13_IE_RG_2","varchar(20)","NAO","",""
"Estoque / Produtos","R13","Tabela do Sistema Petrus","R13_IE_ISENTO_2","bit(1)","NAO","",""
"Estoque / Produtos","R13","Tabela do Sistema Petrus","R13_TELEFONE_2","varchar(20)","NAO","",""
"Estoque / Produtos","R13","Tabela do Sistema Petrus","R13_TELEFONE_1","varchar(20)","NAO","",""
"Estoque / Produtos","R13","Tabela do Sistema Petrus","R13_FONE_2","varchar(20)","NAO","",""
"Estoque / Produtos","R13","Tabela do Sistema Petrus","R13_CONSUMIDOR_FINAL","bit(1)","NAO","",""
"Estoque / Produtos","R13","Tabela do Sistema Petrus","X32_ID","int(4)","NAO","X32",""
"Estoque / Produtos","R13","Tabela do Sistema Petrus","R13_VALOR_APROX_TRIBUTOS","numeric(9)","NAO","","Campo monetário"
"Estoque / Produtos","R13","Tabela do Sistema Petrus","R13_VALOR_ICMS_FCP_PARTILHA","numeric(9)","NAO","","Campo monetário"
"Estoque / Produtos","R13","Tabela do Sistema Petrus","R13_VALOR_ICMS_FCP_ST_RETIDO","numeric(9)","NAO","","Campo monetário"
"Estoque / Produtos","R13","Tabela do Sistema Petrus","R13_NF","int(4)","NAO","",""
"Estoque / Produtos","R13","Tabela do Sistema Petrus","R13_PARTILHA_ICMS_INTERESTADUAL","numeric(9)","NAO","",""
"Estoque / Produtos","R13","Tabela do Sistema Petrus","R13_BASE_CONTROLE_1","numeric(9)","NAO","",""
"Estoque / Produtos","R13","Tabela do Sistema Petrus","R13_OBS_INTERNA","varchar(-1)","NAO","",""
"Estoque / Produtos","R13","Tabela do Sistema Petrus","R13_BASE_CONTROLE_2","numeric(9)","NAO","",""
"Estoque / Produtos","R13","Tabela do Sistema Petrus","R8_ID","int(4)","NAO","R8",""
"Estoque / Produtos","R13","Tabela do Sistema Petrus","R13_OBS_NF","varchar(-1)","NAO","",""
"Estoque / Produtos","R13","Tabela do Sistema Petrus","N47_ID_1","int(4)","NAO","",""
"Estoque / Produtos","R13","Tabela do Sistema Petrus","N3_ID","int(4)","NAO","N3",""
"Estoque / Produtos","R13","Tabela do Sistema Petrus","R13_FONE_3","varchar(20)","NAO","",""
"Estoque / Produtos","R13","Tabela do Sistema Petrus","R13_DATA_EXPEDICAO","datetime(8)","NAO","",""
"Estoque / Produtos","R13","Tabela do Sistema Petrus","J9_ID","int(4)","NAO","J9",""
"Estoque / Produtos","R13","Tabela do Sistema Petrus","R13_PERCENTUAL_DESCONTO","numeric(9)","NAO","",""
"Estoque / Produtos","R13","Tabela do Sistema Petrus","R13_DESCONTO_MEDIO","numeric(9)","NAO","",""
"Estoque / Produtos","R13","Tabela do Sistema Petrus","R13_BASE_COFINS","numeric(9)","NAO","",""
"Estoque / Produtos","R13","Tabela do Sistema Petrus","R13_VALOR_COFINS","numeric(9)","NAO","","Campo monetário"
"Estoque / Produtos","R13","Tabela do Sistema Petrus","R13_BASE_PIS","numeric(9)","NAO","",""
"Estoque / Produtos","R13","Tabela do Sistema Petrus","R13_VALOR_PIS","numeric(9)","NAO","","Campo monetário"
"Estoque / Produtos","R13","Tabela do Sistema Petrus","R13_ITENS","int(4)","NAO","",""
"Estoque / Produtos","R13","Tabela do Sistema Petrus","R13_VALOR_CUSTO","numeric(9)","NAO","","Campo monetário"
"Estoque / Produtos","R13","Tabela do Sistema Petrus","R13_DATA_FIM_EMBARQUE","datetime(8)","NAO","",""
"Estoque / Produtos","R13","Tabela do Sistema Petrus","R13_DATA_CARREGAMENTO","datetime(8)","NAO","",""
"Estoque / Produtos","R13","Tabela do Sistema Petrus","R13_DATA_PREVISAO_CARREGAMENTO","datetime(8)","NAO","",""
"Estoque / Produtos","R13","Tabela do Sistema Petrus","R13_VALOR_DESCONTO_MEDIO","numeric(9)","NAO","","Campo monetário"
"Estoque / Produtos","R13","Tabela do Sistema Petrus","R13_VALOR_RESIDUAL","numeric(9)","NAO","","Campo monetário"
"Estoque / Produtos","R13","Tabela do Sistema Petrus","R13_NRO_DOCUMENTO","int(4)","NAO","",""
"Estoque / Produtos","R13","Tabela do Sistema Petrus","R13_TIPO_REDESPACHO","varchar(20)","NAO","",""
"Estoque / Produtos","R13","Tabela do Sistema Petrus","R13_TIPO","varchar(20)","NAO","",""
"Estoque / Produtos","R13","Tabela do Sistema Petrus","R13_ID_1","int(4)","NAO","",""
"Estoque / Produtos","R13","Tabela do Sistema Petrus","A3_ID","int(4)","NAO","A3",""
"Estoque / Produtos","R13","Tabela do Sistema Petrus","R13_DATA_RETORNO","datetime(8)","NAO","",""
"Estoque / Produtos","R13","Tabela do Sistema Petrus","R13_DATA_REEMBARQUE","datetime(8)","NAO","",""
"Estoque / Produtos","R13","Tabela do Sistema Petrus","I11_ID","int(4)","NAO","I11",""
"Estoque / Produtos","R13","Tabela do Sistema Petrus","I57_ID","int(4)","NAO","I57",""
"Estoque / Produtos","R13","Tabela do Sistema Petrus","J35_ID","int(4)","NAO","J35",""
"Estoque / Produtos","R13","Tabela do Sistema Petrus","R13_VL","int(4)","NAO","",""
"Estoque / Produtos","R13","Tabela do Sistema Petrus","R13_CALCULO_AUTOMATICO_VOLUME","bit(1)","NAO","",""
"Estoque / Produtos","R13","Tabela do Sistema Petrus","R13_CALCULO_AUTOMATICO_DUPLICATA","bit(1)","NAO","",""
"Estoque / Produtos","R13","Tabela do Sistema Petrus","R13_CHAVE_NFE_REFERENCIADA","varchar(50)","NAO","",""
"Estoque / Produtos","R13","Tabela do Sistema Petrus","R13_FINALIDADE","varchar(50)","NAO","",""
"Estoque / Produtos","R13","Tabela do Sistema Petrus","R13_OBS_FINANCEIRAS","varchar(500)","NAO","",""
"Estoque / Produtos","R13","Tabela do Sistema Petrus","R13_SITUACAO","varchar(50)","NAO","",""
"Estoque / Produtos","R13","Tabela do Sistema Petrus","R13_DATA_RESTRICAO","datetime(8)","NAO","",""
"Estoque / Produtos","R13","Tabela do Sistema Petrus","RR1_ID","int(4)","NAO","RR1",""
"Estoque / Produtos","R13","Tabela do Sistema Petrus","RR1_ID_1","int(4)","NAO","",""
"Estoque / Produtos","R13","Tabela do Sistema Petrus","RR1_ID_2","int(4)","NAO","",""
"Estoque / Produtos","R13","Tabela do Sistema Petrus","R13_BASE_IS","numeric(9)","NAO","",""
"Estoque / Produtos","R13","Tabela do Sistema Petrus","R13_VALOR_IS","numeric(9)","NAO","","Campo monetário"
"Estoque / Produtos","R13","Tabela do Sistema Petrus","R13_BASE_IBS_CBS","numeric(9)","NAO","",""
"Estoque / Produtos","R13","Tabela do Sistema Petrus","R13_VALOR_CBS","numeric(9)","NAO","","Campo monetário"
"Estoque / Produtos","R13","Tabela do Sistema Petrus","R13_VALOR_IBS_UF","numeric(9)","NAO","","Campo monetário"
"Estoque / Produtos","R13","Tabela do Sistema Petrus","R13_VALOR_IBS_MUN","numeric(9)","NAO","","Campo monetário"
"Estoque / Produtos","R13","Tabela do Sistema Petrus","R13_PRAZO_MEDIO","int(4)","NAO","",""
"Estoque / Produtos","R13","Tabela do Sistema Petrus","R13_VALOR_IBS_CREDITO_PRESUMIDO","numeric(9)","NAO","","Campo monetário"
"Estoque / Produtos","R13","Tabela do Sistema Petrus","R13_VALOR_IBS_UF_DIFERIMENTO","numeric(9)","NAO","","Campo monetário"
"Estoque / Produtos","R13","Tabela do Sistema Petrus","R13_VALOR_IBS_UF_DEV_TRIB","numeric(9)","NAO","","Campo monetário"
"Estoque / Produtos","R13","Tabela do Sistema Petrus","R13_VALOR_IBS_MUN_DIFERIMENTO","numeric(9)","NAO","","Campo monetário"
"Estoque / Produtos","R13","Tabela do Sistema Petrus","R13_VALOR_IBS_MUN_DEV_TRIB","numeric(9)","NAO","","Campo monetário"
"Estoque / Produtos","R13","Tabela do Sistema Petrus","R13_VALOR_CBS_CREDITO_PRESUMIDO","numeric(9)","NAO","","Campo monetário"
"Estoque / Produtos","R13","Tabela do Sistema Petrus","R13_VALOR_CBS_DIFERIMENTO","numeric(9)","NAO","","Campo monetário"
"Estoque / Produtos","R13","Tabela do Sistema Petrus","R13_VALOR_CBS_DEV_TRIB","numeric(9)","NAO","","Campo monetário"
"Estoque / Produtos","R13","Tabela do Sistema Petrus","R13_VALOR_CBS_MONO","numeric(9)","NAO","","Campo monetário"
"Estoque / Produtos","R13","Tabela do Sistema Petrus","R13_VALOR_IBS_MONO","numeric(9)","NAO","","Campo monetário"
"Estoque / Produtos","R13","Tabela do Sistema Petrus","R13_VALOR_CBS_MONO_RETIDO","numeric(9)","NAO","","Campo monetário"
"Estoque / Produtos","R13","Tabela do Sistema Petrus","R13_VALOR_IBS_MONO_RETIDO","numeric(9)","NAO","","Campo monetário"
"Estoque / Produtos","R13","Tabela do Sistema Petrus","R13_VALOR_CBS_MONO_RETENCAO","numeric(9)","NAO","","Campo monetário"
"Estoque / Produtos","R13","Tabela do Sistema Petrus","R13_VALOR_IBS_MONO_RETENCAO","numeric(9)","NAO","","Campo monetário"
"Estoque / Produtos","R13","Tabela do Sistema Petrus","RM11_ID","int(4)","NAO","RM11",""
"Estoque / Produtos","R13","Tabela do Sistema Petrus","R13_MARGEM_CONTRIBUICAO","numeric(9)","NAO","",""
"Estoque / Produtos","R13","Tabela do Sistema Petrus","R35_ID","int(4)","NAO","R35",""
"Estoque / Produtos","R13","Tabela do Sistema Petrus","R38_ID","int(4)","NAO","R38",""
"Estoque / Produtos","R13","Tabela do Sistema Petrus","R13_VALOR_ENTRADA","numeric(9)","NAO","","Campo monetário"
"Estoque / Produtos","R13","Tabela do Sistema Petrus","R13_VALOR_SALDO","numeric(9)","NAO","","Campo monetário"
"Estoque / Produtos","R13","Tabela do Sistema Petrus","R13_OBS_REDESPACHO","varchar(-1)","NAO","",""
"Comercial / Vendas / Compras","R2","Pedidos de Venda (Cabeçalho)","R2_ID","int(4)","SIM","",""
"Comercial / Vendas / Compras","R2","Pedidos de Venda (Cabeçalho)","S1_ID","int(4)","NAO","S1",""
"Comercial / Vendas / Compras","R2","Pedidos de Venda (Cabeçalho)","R2_NOME","varchar(300)","NAO","",""
"Comercial / Vendas / Compras","R2","Pedidos de Venda (Cabeçalho)","R2_BAIRRO","varchar(100)","NAO","",""
"Comercial / Vendas / Compras","R2","Pedidos de Venda (Cabeçalho)","R2_CAIXA_POSTAL","varchar(10)","NAO","",""
"Comercial / Vendas / Compras","R2","Pedidos de Venda (Cabeçalho)","R35_ID","int(4)","NAO","R35",""
"Comercial / Vendas / Compras","R2","Pedidos de Venda (Cabeçalho)","R2_CEP","varchar(15)","NAO","",""
"Comercial / Vendas / Compras","R2","Pedidos de Venda (Cabeçalho)","X4_ID","int(4)","NAO","X4",""
"Comercial / Vendas / Compras","R2","Pedidos de Venda (Cabeçalho)","X6_ID","int(4)","NAO","X6",""
"Comercial / Vendas / Compras","R2","Pedidos de Venda (Cabeçalho)","R2_CNPJ_CPF","varchar(20)","NAO","",""
"Comercial / Vendas / Compras","R2","Pedidos de Venda (Cabeçalho)","R2_COMPLEMENTO","varchar(100)","NAO","",""
"Comercial / Vendas / Compras","R2","Pedidos de Venda (Cabeçalho)","N47_ID","int(4)","NAO","N47",""
"Comercial / Vendas / Compras","R2","Pedidos de Venda (Cabeçalho)","R2_DATA_ABERTURA","datetime(8)","NAO","",""
"Comercial / Vendas / Compras","R2","Pedidos de Venda (Cabeçalho)","R2_DATA_BLOQUEIO","datetime(8)","NAO","",""
"Comercial / Vendas / Compras","R2","Pedidos de Venda (Cabeçalho)","R2_DESCONTO","numeric(9)","NAO","",""
"Comercial / Vendas / Compras","R2","Pedidos de Venda (Cabeçalho)","R2_FRETE","varchar(15)","NAO","",""
"Comercial / Vendas / Compras","R2","Pedidos de Venda (Cabeçalho)","R38_ID","int(4)","NAO","R38",""
"Comercial / Vendas / Compras","R2","Pedidos de Venda (Cabeçalho)","R2_IE_RG","varchar(20)","NAO","",""
"Comercial / Vendas / Compras","R2","Pedidos de Venda (Cabeçalho)","R2_INSCRICAO_MUNICIPAL","varchar(20)","NAO","",""
"Comercial / Vendas / Compras","R2","Pedidos de Venda (Cabeçalho)","R2_LIMITE_CREDITO","numeric(9)","NAO","",""
"Comercial / Vendas / Compras","R2","Pedidos de Venda (Cabeçalho)","R2_LOGRADOURO","varchar(200)","NAO","",""
"Comercial / Vendas / Compras","R2","Pedidos de Venda (Cabeçalho)","X13_ID","int(4)","NAO","X13",""
"Comercial / Vendas / Compras","R2","Pedidos de Venda (Cabeçalho)","R2_NOME_FANTASIA","varchar(300)","NAO","",""
"Comercial / Vendas / Compras","R2","Pedidos de Venda (Cabeçalho)","R2_NUMERO","varchar(50)","NAO","",""
"Comercial / Vendas / Compras","R2","Pedidos de Venda (Cabeçalho)","R2_OBS","varchar(-1)","NAO","",""
"Comercial / Vendas / Compras","R2","Pedidos de Venda (Cabeçalho)","X9_ID","int(4)","NAO","X9",""
"Comercial / Vendas / Compras","R2","Pedidos de Venda (Cabeçalho)","N49_ID","int(4)","NAO","N49",""
"Comercial / Vendas / Compras","R2","Pedidos de Venda (Cabeçalho)","X10_ID","int(4)","NAO","X10",""
"Comercial / Vendas / Compras","R2","Pedidos de Venda (Cabeçalho)","X25_ID","int(4)","NAO","X25",""
"Comercial / Vendas / Compras","R2","Pedidos de Venda (Cabeçalho)","R2_RISCO","varchar(15)","NAO","",""
"Comercial / Vendas / Compras","R2","Pedidos de Venda (Cabeçalho)","R2_STATUS","varchar(20)","NAO","","Máquina de estados (Aberto, Fechado, etc)"
"Comercial / Vendas / Compras","R2","Pedidos de Venda (Cabeçalho)","R2_SUFRAMA","varchar(50)","NAO","",""
"Comercial / Vendas / Compras","R2","Pedidos de Venda (Cabeçalho)","R43_ID","int(4)","NAO","R43",""
"Comercial / Vendas / Compras","R2","Pedidos de Venda (Cabeçalho)","R2_TIPO","varchar(20)","NAO","",""
"Comercial / Vendas / Compras","R2","Pedidos de Venda (Cabeçalho)","R2_TIPO_FATURAMENTO","varchar(15)","NAO","",""
"Comercial / Vendas / Compras","R2","Pedidos de Venda (Cabeçalho)","R2_TIPO_PESSOA","varchar(10)","NAO","",""
"Comercial / Vendas / Compras","R2","Pedidos de Venda (Cabeçalho)","J2_ID","int(4)","NAO","J2",""
"Comercial / Vendas / Compras","R2","Pedidos de Venda (Cabeçalho)","X12_ID","int(4)","NAO","X12",""
"Comercial / Vendas / Compras","R2","Pedidos de Venda (Cabeçalho)","R4_ID","int(4)","NAO","R4",""
"Comercial / Vendas / Compras","R2","Pedidos de Venda (Cabeçalho)","R2_SELECIONE","bit(1)","NAO","",""
"Comercial / Vendas / Compras","R2","Pedidos de Venda (Cabeçalho)","R2_DATA_INCLUSAO","datetime(8)","NAO","",""
"Comercial / Vendas / Compras","R2","Pedidos de Venda (Cabeçalho)","R2_DATA_ALTERACAO","datetime(8)","NAO","",""
"Comercial / Vendas / Compras","R2","Pedidos de Venda (Cabeçalho)","R2_USUARIO_INCLUSAO","varchar(50)","NAO","",""
"Comercial / Vendas / Compras","R2","Pedidos de Venda (Cabeçalho)","R2_USUARIO_ALTERACAO","varchar(50)","NAO","",""
"Comercial / Vendas / Compras","R2","Pedidos de Venda (Cabeçalho)","R2_EMAIL","varchar(500)","NAO","",""
"Comercial / Vendas / Compras","R2","Pedidos de Venda (Cabeçalho)","R2_FONE_1","varchar(20)","NAO","",""
"Comercial / Vendas / Compras","R2","Pedidos de Venda (Cabeçalho)","R2_FONE_2","varchar(20)","NAO","",""
"Comercial / Vendas / Compras","R2","Pedidos de Venda (Cabeçalho)","R2_CONTATO","varchar(50)","NAO","",""
"Comercial / Vendas / Compras","R2","Pedidos de Venda (Cabeçalho)","J40_ID_1","int(4)","NAO","",""
"Comercial / Vendas / Compras","R2","Pedidos de Venda (Cabeçalho)","J40_ID","int(4)","NAO","J40",""
"Comercial / Vendas / Compras","R2","Pedidos de Venda (Cabeçalho)","X26_ID","int(4)","NAO","X26",""
"Comercial / Vendas / Compras","R2","Pedidos de Venda (Cabeçalho)","R2_IE_ISENTO","bit(1)","NAO","",""
"Comercial / Vendas / Compras","R2","Pedidos de Venda (Cabeçalho)","J2_ID_1","int(4)","NAO","",""
"Comercial / Vendas / Compras","R2","Pedidos de Venda (Cabeçalho)","N49_ID_1","int(4)","NAO","",""
"Comercial / Vendas / Compras","R2","Pedidos de Venda (Cabeçalho)","R2_CONSUMIDOR_FINAL","bit(1)","NAO","",""
"Comercial / Vendas / Compras","R2","Pedidos de Venda (Cabeçalho)","N47_ID_1","int(4)","NAO","",""
"Comercial / Vendas / Compras","R2","Pedidos de Venda (Cabeçalho)","R2_FONE_3","varchar(20)","NAO","",""
"Comercial / Vendas / Compras","R2","Pedidos de Venda (Cabeçalho)","X40_ID","int(4)","NAO","X40",""
"Comercial / Vendas / Compras","R2","Pedidos de Venda (Cabeçalho)","R2_MEI","bit(1)","NAO","",""
"Comercial / Vendas / Compras","R2","Pedidos de Venda (Cabeçalho)","R2_SIMPLES_NACIONAL","bit(1)","NAO","",""
"Comercial / Vendas / Compras","R2","Pedidos de Venda (Cabeçalho)","R2_DATA_OPCAO_MEI","datetime(8)","NAO","",""
"Comercial / Vendas / Compras","R2","Pedidos de Venda (Cabeçalho)","R2_DATA_OPCAO_SIMPLES","datetime(8)","NAO","",""
"Comercial / Vendas / Compras","R2","Pedidos de Venda (Cabeçalho)","R2_ICMS_ISENTO","bit(1)","NAO","",""
"Comercial / Vendas / Compras","R2","Pedidos de Venda (Cabeçalho)","R2_IPI_ISENTO","bit(1)","NAO","",""
"Comercial / Vendas / Compras","R2","Pedidos de Venda (Cabeçalho)","R2_SUFRAMA_HABILITADO","bit(1)","NAO","",""
"Comercial / Vendas / Compras","R2","Pedidos de Venda (Cabeçalho)","X41_ID","int(4)","NAO","X41",""
"Comercial / Vendas / Compras","R2","Pedidos de Venda (Cabeçalho)","X42_ID","int(4)","NAO","X42",""
"Comercial / Vendas / Compras","R2","Pedidos de Venda (Cabeçalho)","R2_DATA_INATIVACAO","datetime(8)","NAO","",""
"Comercial / Vendas / Compras","R2","Pedidos de Venda (Cabeçalho)","R2_DATA_REATIVACAO","datetime(8)","NAO","",""
"Comercial / Vendas / Compras","R2","Pedidos de Venda (Cabeçalho)","R2_IE_HABILITADO","bit(1)","NAO","",""
"Comercial / Vendas / Compras","R2","Pedidos de Venda (Cabeçalho)","R2_DATA_ANALISE","datetime(8)","NAO","",""
"Comercial / Vendas / Compras","R2","Pedidos de Venda (Cabeçalho)","R2_USUARIO_ANALISE","varchar(50)","NAO","",""
"Comercial / Vendas / Compras","R2","Pedidos de Venda (Cabeçalho)","R2_CODIGO","int(4)","NAO","",""
"Comercial / Vendas / Compras","R2","Pedidos de Venda (Cabeçalho)","R2_DATA_SERASA","datetime(8)","NAO","",""
"Comercial / Vendas / Compras","R2","Pedidos de Venda (Cabeçalho)","R2_DATA_CENPROT","datetime(8)","NAO","",""
"Comercial / Vendas / Compras","R2","Pedidos de Venda (Cabeçalho)","R2_STATUS_ANALISE","varchar(50)","NAO","","Máquina de estados (Aberto, Fechado, etc)"
"Comercial / Vendas / Compras","R2","Pedidos de Venda (Cabeçalho)","R2_STATUS_SERASA","varchar(50)","NAO","","Máquina de estados (Aberto, Fechado, etc)"
"Comercial / Vendas / Compras","R2","Pedidos de Venda (Cabeçalho)","R2_STATUS_CENPROT","varchar(50)","NAO","","Máquina de estados (Aberto, Fechado, etc)"
"Comercial / Vendas / Compras","R2","Pedidos de Venda (Cabeçalho)","R2_QUADRO_SOCIETARIO","varchar(-1)","NAO","",""
"Comercial / Vendas / Compras","R2","Pedidos de Venda (Cabeçalho)","R2_CNPJ_MAPEAMENTO","varchar(30)","NAO","",""
"Comercial / Vendas / Compras","R2","Pedidos de Venda (Cabeçalho)","R2_LIBERAR_CONTAS_VENCIDAS","bit(1)","NAO","",""
"Comercial / Vendas / Compras","R2","Pedidos de Venda (Cabeçalho)","R2_FACEBOOK","varchar(200)","NAO","",""
"Comercial / Vendas / Compras","R2","Pedidos de Venda (Cabeçalho)","R2_INSTAGRAM","varchar(200)","NAO","",""
"Comercial / Vendas / Compras","R2","Pedidos de Venda (Cabeçalho)","R2_LINKEDIN","varchar(200)","NAO","",""
"Comercial / Vendas / Compras","R2","Pedidos de Venda (Cabeçalho)","R2_WEBSITE","varchar(200)","NAO","",""
"Comercial / Vendas / Compras","R2","Pedidos de Venda (Cabeçalho)","R2_TIKTOK","varchar(200)","NAO","",""
"Comercial / Vendas / Compras","R2","Pedidos de Venda (Cabeçalho)","R2_EXPORTACAO","bit(1)","NAO","",""
"Comercial / Vendas / Compras","R35","Tabela do Sistema Petrus","R35_ID","int(4)","SIM","",""
"Comercial / Vendas / Compras","R35","Tabela do Sistema Petrus","S1_ID","int(4)","NAO","S1",""
"Comercial / Vendas / Compras","R35","Tabela do Sistema Petrus","R35_DESCRICAO","varchar(50)","NAO","",""
"Comercial / Vendas / Compras","R35","Tabela do Sistema Petrus","R35_SELECIONE","bit(1)","NAO","",""
"Comercial / Vendas / Compras","R35","Tabela do Sistema Petrus","R35_DATA_INCLUSAO","datetime(8)","NAO","",""
"Comercial / Vendas / Compras","R35","Tabela do Sistema Petrus","R35_DATA_ALTERACAO","datetime(8)","NAO","",""
"Comercial / Vendas / Compras","R35","Tabela do Sistema Petrus","R35_USUARIO_INCLUSAO","varchar(50)","NAO","",""
"Comercial / Vendas / Compras","R35","Tabela do Sistema Petrus","R35_USUARIO_ALTERACAO","varchar(50)","NAO","",""
"Comercial / Vendas / Compras","R38","Tabela do Sistema Petrus","R38_ID","int(4)","SIM","",""
"Comercial / Vendas / Compras","R38","Tabela do Sistema Petrus","S1_ID","int(4)","NAO","S1",""
"Comercial / Vendas / Compras","R38","Tabela do Sistema Petrus","R38_DESCRICAO","varchar(300)","NAO","",""
"Comercial / Vendas / Compras","R38","Tabela do Sistema Petrus","R38_SELECIONE","bit(1)","NAO","",""
"Comercial / Vendas / Compras","R38","Tabela do Sistema Petrus","R38_DATA_INCLUSAO","datetime(8)","NAO","",""
"Comercial / Vendas / Compras","R38","Tabela do Sistema Petrus","R38_DATA_ALTERACAO","datetime(8)","NAO","",""
"Comercial / Vendas / Compras","R38","Tabela do Sistema Petrus","R38_USUARIO_INCLUSAO","varchar(50)","NAO","",""
"Comercial / Vendas / Compras","R38","Tabela do Sistema Petrus","R38_USUARIO_ALTERACAO","varchar(50)","NAO","",""
"Comercial / Vendas / Compras","R38","Tabela do Sistema Petrus","R38_STATUS","varchar(50)","NAO","","Máquina de estados (Aberto, Fechado, etc)"
"Comercial / Vendas / Compras","R38","Tabela do Sistema Petrus","R38_DATA_BLOQUEIO","datetime(8)","NAO","",""
"Comercial / Vendas / Compras","R38","Tabela do Sistema Petrus","R38_DATA_REATIVACAO","datetime(8)","NAO","",""
"Comercial / Vendas / Compras","R4","Tabela do Sistema Petrus","R4_ID","int(4)","SIM","",""
"Comercial / Vendas / Compras","R4","Tabela do Sistema Petrus","S1_ID","int(4)","NAO","S1",""
"Comercial / Vendas / Compras","R4","Tabela do Sistema Petrus","R4_TIPO","varchar(50)","NAO","",""
"Comercial / Vendas / Compras","R4","Tabela do Sistema Petrus","R4_NOME","varchar(300)","NAO","",""
"Comercial / Vendas / Compras","R4","Tabela do Sistema Petrus","R4_CNPJ_CPF","varchar(20)","NAO","",""
"Comercial / Vendas / Compras","R4","Tabela do Sistema Petrus","R4_DATA_ABERTURA","datetime(8)","NAO","",""
"Comercial / Vendas / Compras","R4","Tabela do Sistema Petrus","R4_IE_RG","varchar(20)","NAO","",""
"Comercial / Vendas / Compras","R4","Tabela do Sistema Petrus","R4_INSCRICAO_MUNICIPAL","varchar(20)","NAO","",""
"Comercial / Vendas / Compras","R4","Tabela do Sistema Petrus","R4_NOME_FANTASIA","varchar(50)","NAO","",""
"Comercial / Vendas / Compras","R4","Tabela do Sistema Petrus","R4_TIPO_PESSOA","varchar(10)","NAO","",""
"Comercial / Vendas / Compras","R4","Tabela do Sistema Petrus","R4_BAIRRO","varchar(100)","NAO","",""
"Comercial / Vendas / Compras","R4","Tabela do Sistema Petrus","R4_CAIXA_POSTAL","varchar(10)","NAO","",""
"Comercial / Vendas / Compras","R4","Tabela do Sistema Petrus","R4_CEP","varchar(15)","NAO","",""
"Comercial / Vendas / Compras","R4","Tabela do Sistema Petrus","R4_COMPLEMENTO","varchar(100)","NAO","",""
"Comercial / Vendas / Compras","R4","Tabela do Sistema Petrus","R4_LOGRADOURO","varchar(200)","NAO","",""
"Comercial / Vendas / Compras","R4","Tabela do Sistema Petrus","R4_NUMERO","varchar(50)","NAO","",""
"Comercial / Vendas / Compras","R4","Tabela do Sistema Petrus","R4_DATA_BLOQUEIO","datetime(8)","NAO","",""
"Comercial / Vendas / Compras","R4","Tabela do Sistema Petrus","R4_OBS","varchar(-1)","NAO","",""
"Comercial / Vendas / Compras","R4","Tabela do Sistema Petrus","R4_SELECIONE","bit(1)","NAO","",""
"Comercial / Vendas / Compras","R4","Tabela do Sistema Petrus","R4_DATA_INCLUSAO","datetime(8)","NAO","",""
"Comercial / Vendas / Compras","R4","Tabela do Sistema Petrus","R4_DATA_ALTERACAO","datetime(8)","NAO","",""
"Comercial / Vendas / Compras","R4","Tabela do Sistema Petrus","R4_USUARIO_INCLUSAO","varchar(50)","NAO","",""
"Comercial / Vendas / Compras","R4","Tabela do Sistema Petrus","R4_USUARIO_ALTERACAO","varchar(50)","NAO","",""
"Comercial / Vendas / Compras","R4","Tabela do Sistema Petrus","R4_EMAIL","varchar(500)","NAO","",""
"Comercial / Vendas / Compras","R4","Tabela do Sistema Petrus","R4_FONE_1","varchar(20)","NAO","",""
"Comercial / Vendas / Compras","R4","Tabela do Sistema Petrus","R4_FONE_2","varchar(20)","NAO","",""
"Comercial / Vendas / Compras","R4","Tabela do Sistema Petrus","R4_CONTATO","varchar(50)","NAO","",""
"Comercial / Vendas / Compras","R4","Tabela do Sistema Petrus","X12_ID","int(4)","NAO","X12",""
"Comercial / Vendas / Compras","R4","Tabela do Sistema Petrus","X4_ID","int(4)","NAO","X4",""
"Comercial / Vendas / Compras","R4","Tabela do Sistema Petrus","X9_ID","int(4)","NAO","X9",""
"Comercial / Vendas / Compras","R4","Tabela do Sistema Petrus","X10_ID","int(4)","NAO","X10",""
"Comercial / Vendas / Compras","R4","Tabela do Sistema Petrus","R4_IE_ISENTO","bit(1)","NAO","",""
"Comercial / Vendas / Compras","R4","Tabela do Sistema Petrus","R4_COMISSAO","numeric(9)","NAO","",""
"Comercial / Vendas / Compras","R4","Tabela do Sistema Petrus","R4_COMISSIONAMENTO","varchar(50)","NAO","",""
"Comercial / Vendas / Compras","R4","Tabela do Sistema Petrus","R4_FONE_3","varchar(20)","NAO","",""
"Comercial / Vendas / Compras","R4","Tabela do Sistema Petrus","R4_STATUS","varchar(20)","NAO","","Máquina de estados (Aberto, Fechado, etc)"
"Comercial / Vendas / Compras","R4","Tabela do Sistema Petrus","R4_EMITE_NFSE","bit(1)","NAO","",""
"Comercial / Vendas / Compras","R4","Tabela do Sistema Petrus","I5_ID","int(4)","NAO","I5",""
"Comercial / Vendas / Compras","R4","Tabela do Sistema Petrus","R4_DATA_ULTIMO_FECHAMENTO","datetime(8)","NAO","",""
"Comercial / Vendas / Compras","R4","Tabela do Sistema Petrus","R4_DATA_ULTIMO_PAGAMENTO","datetime(8)","NAO","",""
"Comercial / Vendas / Compras","R4","Tabela do Sistema Petrus","R4_DATA_INATIVACAO","datetime(8)","NAO","",""
"Comercial / Vendas / Compras","R4","Tabela do Sistema Petrus","R4_DATA_REATIVACAO","datetime(8)","NAO","",""
"Comercial / Vendas / Compras","R4","Tabela do Sistema Petrus","R4_SALDO_ANTERIOR","numeric(9)","NAO","",""
"Comercial / Vendas / Compras","R4","Tabela do Sistema Petrus","R4_SALDO_ATUAL","numeric(9)","NAO","",""
"Comercial / Vendas / Compras","R4","Tabela do Sistema Petrus","R4_VALOR_ULTIMO_FECHAMENTO","numeric(9)","NAO","","Campo monetário"
"Comercial / Vendas / Compras","R4","Tabela do Sistema Petrus","R4_VALOR_ULTIMO_PAGAMENTO","numeric(9)","NAO","","Campo monetário"
"Comercial / Vendas / Compras","R4","Tabela do Sistema Petrus","N49_ID","int(4)","NAO","N49",""
"Comercial / Vendas / Compras","R4","Tabela do Sistema Petrus","R4_CODIGO","int(4)","NAO","",""
"Comercial / Vendas / Compras","R4","Tabela do Sistema Petrus","RR1_ID","int(4)","NAO","RR1",""
"Comercial / Vendas / Compras","R4","Tabela do Sistema Petrus","R4_MOSTRUARIO","bit(1)","NAO","",""
"Comercial / Vendas / Compras","R4","Tabela do Sistema Petrus","R4_DATA_MOSTRUARIO","datetime(8)","NAO","",""
"Comercial / Vendas / Compras","R4","Tabela do Sistema Petrus","R4_OBS_MOSTRUARIO","varchar(-1)","NAO","",""
"Comercial / Vendas / Compras","R4","Tabela do Sistema Petrus","R4_USUARIO_FV","varchar(50)","NAO","",""
"Comercial / Vendas / Compras","R4","Tabela do Sistema Petrus","R4_SENHA_FV","varchar(20)","NAO","",""
"Comercial / Vendas / Compras","R4","Tabela do Sistema Petrus","R4_FV","bit(1)","NAO","",""
"Comercial / Vendas / Compras","R4","Tabela do Sistema Petrus","R4_DIGITAR_VOLUME","bit(1)","NAO","",""
"Comercial / Vendas / Compras","R4","Tabela do Sistema Petrus","R4_COMISSAO_MAXIMA","numeric(9)","NAO","",""
"Comercial / Vendas / Compras","R4","Tabela do Sistema Petrus","R4_TIPO_FATURAMENTO_MINIMO","varchar(10)","NAO","",""
"Comercial / Vendas / Compras","R4","Tabela do Sistema Petrus","R4_FRETE_ESPECIAL_SP","bit(1)","NAO","",""
"Comercial / Vendas / Compras","R4","Tabela do Sistema Petrus","R4_EXPORTACAO","bit(1)","NAO","",""
"Comercial / Vendas / Compras","R43","Tabela do Sistema Petrus","R43_ID","int(4)","SIM","",""
"Comercial / Vendas / Compras","R43","Tabela do Sistema Petrus","S1_ID","int(4)","NAO","S1",""
"Comercial / Vendas / Compras","R43","Tabela do Sistema Petrus","R43_DESCRICAO","varchar(50)","NAO","",""
"Comercial / Vendas / Compras","R43","Tabela do Sistema Petrus","R43_TIPO","varchar(15)","NAO","",""
"Comercial / Vendas / Compras","R43","Tabela do Sistema Petrus","R43_SELECIONE","bit(1)","NAO","",""
"Comercial / Vendas / Compras","R43","Tabela do Sistema Petrus","R43_DATA_INICIAL","datetime(8)","NAO","",""
"Comercial / Vendas / Compras","R43","Tabela do Sistema Petrus","R43_DATA_FINAL","datetime(8)","NAO","",""
"Comercial / Vendas / Compras","R43","Tabela do Sistema Petrus","R43_DATA_INCLUSAO","datetime(8)","NAO","",""
"Comercial / Vendas / Compras","R43","Tabela do Sistema Petrus","R43_DATA_ALTERACAO","datetime(8)","NAO","",""
"Comercial / Vendas / Compras","R43","Tabela do Sistema Petrus","R43_USUARIO_INCLUSAO","varchar(50)","NAO","",""
"Comercial / Vendas / Compras","R43","Tabela do Sistema Petrus","R43_USUARIO_ALTERACAO","varchar(50)","NAO","",""
"Comercial / Vendas / Compras","R43","Tabela do Sistema Petrus","R43_DATA_BLOQUEIO","datetime(8)","NAO","",""
"Comercial / Vendas / Compras","R43","Tabela do Sistema Petrus","R43_DATA_REATIVACAO","datetime(8)","NAO","",""
"Comercial / Vendas / Compras","R43","Tabela do Sistema Petrus","R43_STATUS","varchar(20)","NAO","","Máquina de estados (Aberto, Fechado, etc)"
"Comercial / Vendas / Compras","R47","Tabela do Sistema Petrus","R47_ID","int(4)","SIM","",""
"Comercial / Vendas / Compras","R47","Tabela do Sistema Petrus","S1_ID","int(4)","NAO","S1",""
"Comercial / Vendas / Compras","R47","Tabela do Sistema Petrus","R47_TIPO","varchar(15)","NAO","",""
"Comercial / Vendas / Compras","R47","Tabela do Sistema Petrus","R47_EMAIL","varchar(500)","NAO","",""
"Comercial / Vendas / Compras","R47","Tabela do Sistema Petrus","R47_CONTATO","varchar(100)","NAO","",""
"Comercial / Vendas / Compras","R47","Tabela do Sistema Petrus","R2_ID","int(4)","NAO","R2",""
"Comercial / Vendas / Compras","R47","Tabela do Sistema Petrus","R47_SELECIONE","bit(1)","NAO","",""
"Comercial / Vendas / Compras","R47","Tabela do Sistema Petrus","R47_DATA_INCLUSAO","datetime(8)","NAO","",""
"Comercial / Vendas / Compras","R47","Tabela do Sistema Petrus","R47_DATA_ALTERACAO","datetime(8)","NAO","",""
"Comercial / Vendas / Compras","R47","Tabela do Sistema Petrus","R47_USUARIO_INCLUSAO","varchar(50)","NAO","",""
"Comercial / Vendas / Compras","R47","Tabela do Sistema Petrus","R47_USUARIO_ALTERACAO","varchar(50)","NAO","",""
"Comercial / Vendas / Compras","R48","Tabela do Sistema Petrus","R48_ID","int(4)","SIM","",""
"Comercial / Vendas / Compras","R48","Tabela do Sistema Petrus","S1_ID","int(4)","NAO","S1",""
"Comercial / Vendas / Compras","R48","Tabela do Sistema Petrus","R48_TIPO","varchar(15)","NAO","",""
"Comercial / Vendas / Compras","R48","Tabela do Sistema Petrus","R48_DDI","varchar(5)","NAO","",""
"Comercial / Vendas / Compras","R48","Tabela do Sistema Petrus","R48_DDD","varchar(5)","NAO","",""
"Comercial / Vendas / Compras","R48","Tabela do Sistema Petrus","R48_TELEFONE","varchar(20)","NAO","",""
"Comercial / Vendas / Compras","R48","Tabela do Sistema Petrus","R48_CONTATO","varchar(100)","NAO","",""
"Comercial / Vendas / Compras","R48","Tabela do Sistema Petrus","R2_ID","int(4)","NAO","R2",""
"Comercial / Vendas / Compras","R48","Tabela do Sistema Petrus","R48_SELECIONE","bit(1)","NAO","",""
"Comercial / Vendas / Compras","R48","Tabela do Sistema Petrus","R48_DATA_INCLUSAO","datetime(8)","NAO","",""
"Comercial / Vendas / Compras","R48","Tabela do Sistema Petrus","R48_DATA_ALTERACAO","datetime(8)","NAO","",""
"Comercial / Vendas / Compras","R48","Tabela do Sistema Petrus","R48_USUARIO_INCLUSAO","varchar(50)","NAO","",""
"Comercial / Vendas / Compras","R48","Tabela do Sistema Petrus","R48_USUARIO_ALTERACAO","varchar(50)","NAO","",""
"Estoque / Produtos","R49","Itens do Pedido de Venda","R49_CUBAGEM","numeric(9)","NAO","",""
"Estoque / Produtos","R49","Itens do Pedido de Venda","R49_MARGEM","numeric(9)","NAO","",""
"Estoque / Produtos","R49","Itens do Pedido de Venda","R49_PESO_BRUTO","numeric(9)","NAO","",""
"Estoque / Produtos","R49","Itens do Pedido de Venda","R49_PESO_LIQUIDO","numeric(9)","NAO","",""
"Estoque / Produtos","R49","Itens do Pedido de Venda","R49_QTD","numeric(9)","NAO","",""
"Estoque / Produtos","R49","Itens do Pedido de Venda","R49_SUBTOTAL","numeric(9)","NAO","",""
"Estoque / Produtos","R49","Itens do Pedido de Venda","R49_VALOR_TABELA","numeric(9)","NAO","","Campo monetário"
"Estoque / Produtos","R49","Itens do Pedido de Venda","R49_VALOR_TOTAL","numeric(9)","NAO","","Campo monetário"
"Estoque / Produtos","R49","Itens do Pedido de Venda","R49_VALOR_TOTAL_TABELA","numeric(9)","NAO","","Campo monetário"
"Estoque / Produtos","R49","Itens do Pedido de Venda","R49_VALOR_UNITARIO","numeric(9)","NAO","","Campo monetário"
"Estoque / Produtos","R49","Itens do Pedido de Venda","R49_VALOR_NF","numeric(9)","NAO","","Campo monetário"
"Estoque / Produtos","R49","Itens do Pedido de Venda","R49_VALOR_SUGERIDO","numeric(9)","NAO","","Campo monetário"
"Estoque / Produtos","R49","Itens do Pedido de Venda","R49_VALOR_PROPOSTO","numeric(9)","NAO","","Campo monetário"
"Estoque / Produtos","R49","Itens do Pedido de Venda","R49_VOLUME","numeric(9)","NAO","",""
"Estoque / Produtos","R49","Itens do Pedido de Venda","R49_DESCONTO","numeric(9)","NAO","",""
"Estoque / Produtos","R49","Itens do Pedido de Venda","R49_NCM","varchar(15)","NAO","",""
"Estoque / Produtos","R49","Itens do Pedido de Venda","R49_PRODUTO","varchar(20)","NAO","",""
"Estoque / Produtos","R49","Itens do Pedido de Venda","R49_CFOP","int(4)","NAO","",""
"Estoque / Produtos","R49","Itens do Pedido de Venda","R13_ID","int(4)","NAO","R13",""
"Estoque / Produtos","R49","Itens do Pedido de Venda","R49_ID","int(4)","SIM","",""
"Estoque / Produtos","R49","Itens do Pedido de Venda","R49_SELECIONE","bit(1)","NAO","",""
"Estoque / Produtos","R49","Itens do Pedido de Venda","R49_DATA_INCLUSAO","datetime(8)","NAO","",""
"Estoque / Produtos","R49","Itens do Pedido de Venda","R49_DATA_ALTERACAO","datetime(8)","NAO","",""
"Estoque / Produtos","R49","Itens do Pedido de Venda","R49_USUARIO_INCLUSAO","varchar(50)","NAO","",""
"Estoque / Produtos","R49","Itens do Pedido de Venda","R49_USUARIO_ALTERACAO","varchar(50)","NAO","",""
"Estoque / Produtos","R49","Itens do Pedido de Venda","R49_QTD_EMB","numeric(9)","NAO","",""
"Estoque / Produtos","R49","Itens do Pedido de Venda","R49_EAN13_GTIN","varchar(15)","NAO","",""
"Estoque / Produtos","R49","Itens do Pedido de Venda","R49_UN","varchar(50)","NAO","",""
"Estoque / Produtos","R49","Itens do Pedido de Venda","R49_DESCRICAO","varchar(300)","NAO","",""
"Estoque / Produtos","R49","Itens do Pedido de Venda","R49_BASE_ICMS","numeric(9)","NAO","",""
"Estoque / Produtos","R49","Itens do Pedido de Venda","R49_ALIQUOTA_ICMS","numeric(9)","NAO","",""
"Estoque / Produtos","R49","Itens do Pedido de Venda","R49_VALOR_ICMS","numeric(9)","NAO","","Campo monetário"
"Estoque / Produtos","R49","Itens do Pedido de Venda","R49_BASE_ICMS_ST","numeric(9)","NAO","",""
"Estoque / Produtos","R49","Itens do Pedido de Venda","R49_ALIQUOTA_ICMS_ST","numeric(9)","NAO","",""
"Estoque / Produtos","R49","Itens do Pedido de Venda","R49_VALOR_ICMS_ST","numeric(9)","NAO","","Campo monetário"
"Estoque / Produtos","R49","Itens do Pedido de Venda","R49_BASE_IPI","numeric(9)","NAO","",""
"Estoque / Produtos","R49","Itens do Pedido de Venda","R49_ALIQUOTA_IPI","numeric(9)","NAO","",""
"Estoque / Produtos","R49","Itens do Pedido de Venda","R49_VALOR_IPI","numeric(9)","NAO","","Campo monetário"
"Estoque / Produtos","R49","Itens do Pedido de Venda","R49_VALOR_ICMS_FCP","numeric(9)","NAO","","Campo monetário"
"Estoque / Produtos","R49","Itens do Pedido de Venda","R49_VALOR_ICMS_ST_FCP","numeric(9)","NAO","","Campo monetário"
"Estoque / Produtos","R49","Itens do Pedido de Venda","V1_ID","int(4)","NAO","V1",""
"Estoque / Produtos","R49","Itens do Pedido de Venda","A3_ID","int(4)","NAO","A3",""
"Estoque / Produtos","R49","Itens do Pedido de Venda","R49_ITEM","int(4)","NAO","",""
"Estoque / Produtos","R49","Itens do Pedido de Venda","R49_ORIGEM","varchar(150)","NAO","",""
"Estoque / Produtos","R49","Itens do Pedido de Venda","S1_ID","int(4)","NAO","S1",""
"Estoque / Produtos","R49","Itens do Pedido de Venda","R7_ID","int(4)","NAO","R7",""
"Estoque / Produtos","R49","Itens do Pedido de Venda","R49_ENDERECO","varchar(100)","NAO","",""
"Estoque / Produtos","R49","Itens do Pedido de Venda","G6_ID","int(4)","NAO","G6",""
"Estoque / Produtos","R49","Itens do Pedido de Venda","R49_PRECO_CUSTO","numeric(9)","NAO","",""
"Estoque / Produtos","R49","Itens do Pedido de Venda","R49_CONTROLE_1","numeric(9)","NAO","",""
"Estoque / Produtos","R49","Itens do Pedido de Venda","R49_CONTROLE_2","numeric(9)","NAO","",""
"Estoque / Produtos","R49","Itens do Pedido de Venda","R49_VALOR_DESCONTO","numeric(9)","NAO","","Campo monetário"
"Estoque / Produtos","R49","Itens do Pedido de Venda","R57_ID","int(4)","NAO","R57",""
"Estoque / Produtos","R49","Itens do Pedido de Venda","J20_ID","int(4)","NAO","J20",""
"Estoque / Produtos","R49","Itens do Pedido de Venda","G17_ID","int(4)","NAO","G17",""
"Estoque / Produtos","R49","Itens do Pedido de Venda","R49_CEST","varchar(20)","NAO","",""
"Estoque / Produtos","R49","Itens do Pedido de Venda","R49_CSOSN","varchar(10)","NAO","",""
"Estoque / Produtos","R49","Itens do Pedido de Venda","R49_CST_ICMS","varchar(10)","NAO","",""
"Estoque / Produtos","R49","Itens do Pedido de Venda","R49_CST_IPI","varchar(10)","NAO","",""
"Estoque / Produtos","R49","Itens do Pedido de Venda","R49_CST_COFINS","varchar(10)","NAO","",""
"Estoque / Produtos","R49","Itens do Pedido de Venda","R49_CST_PIS","varchar(10)","NAO","",""
"Estoque / Produtos","R49","Itens do Pedido de Venda","R49_MODALIDADE_BASE","varchar(50)","NAO","",""
"Estoque / Produtos","R49","Itens do Pedido de Venda","R49_MODALIDADE_BASE_ST","varchar(50)","NAO","",""
"Estoque / Produtos","R49","Itens do Pedido de Venda","R49_ALIQUOTA_ICMS_FCP","numeric(9)","NAO","",""
"Estoque / Produtos","R49","Itens do Pedido de Venda","R49_ALIQUOTA_ICMS_ST_FCP","numeric(9)","NAO","",""
"Estoque / Produtos","R49","Itens do Pedido de Venda","R49_ALIQUOTA_ICMS_RBC","numeric(9)","NAO","",""
"Estoque / Produtos","R49","Itens do Pedido de Venda","R49_VALOR_ICMS_DESONERADO","numeric(9)","NAO","","Campo monetário"
"Estoque / Produtos","R49","Itens do Pedido de Venda","R49_MOTIVO_DESONERACAO_ICMS","varchar(100)","NAO","",""
"Estoque / Produtos","R49","Itens do Pedido de Venda","R49_BASE_ICMS_FCP","numeric(9)","NAO","",""
"Estoque / Produtos","R49","Itens do Pedido de Venda","R49_BASE_ICMS_ST_FCP","numeric(9)","NAO","",""
"Estoque / Produtos","R49","Itens do Pedido de Venda","R49_VALOR_ICMS_OPERACAO","numeric(9)","NAO","","Campo monetário"
"Estoque / Produtos","R49","Itens do Pedido de Venda","R49_BASE_COFINS","numeric(9)","NAO","",""
"Estoque / Produtos","R49","Itens do Pedido de Venda","R49_ALIQUOTA_COFINS","numeric(9)","NAO","",""
"Estoque / Produtos","R49","Itens do Pedido de Venda","R49_VALOR_COFINS","numeric(9)","NAO","","Campo monetário"
"Estoque / Produtos","R49","Itens do Pedido de Venda","R49_BASE_PIS","numeric(9)","NAO","",""
"Estoque / Produtos","R49","Itens do Pedido de Venda","R49_ALIQUOTA_PIS","numeric(9)","NAO","",""
"Estoque / Produtos","R49","Itens do Pedido de Venda","R49_VALOR_PIS","numeric(9)","NAO","","Campo monetário"
"Estoque / Produtos","R49","Itens do Pedido de Venda","R49_ALIQUOTA_APLICAVEL_CREDITO","numeric(9)","NAO","",""
"Estoque / Produtos","R49","Itens do Pedido de Venda","R49_VALOR_CREDITO_ICMS","numeric(9)","NAO","","Campo monetário"
"Estoque / Produtos","R49","Itens do Pedido de Venda","R49_ALIQUOTA_ICMS_DIFERIMENTO","numeric(9)","NAO","",""
"Estoque / Produtos","R49","Itens do Pedido de Venda","R49_VALOR_ICMS_DIFERIMENTO","numeric(9)","NAO","","Campo monetário"
"Estoque / Produtos","R49","Itens do Pedido de Venda","R49_ALIQUOTA_ICMS_PRESUMIDO","numeric(9)","NAO","",""
"Estoque / Produtos","R49","Itens do Pedido de Venda","R49_BASE_ICMS_DIFERIMENTO","numeric(9)","NAO","",""
"Estoque / Produtos","R49","Itens do Pedido de Venda","R49_BASE_PARTILHA_ICMS","numeric(9)","NAO","",""
"Estoque / Produtos","R49","Itens do Pedido de Venda","R49_COMPOE_TOTAL_NF","bit(1)","NAO","",""
"Estoque / Produtos","R49","Itens do Pedido de Venda","R49_EAN13_GTIN_TRIBUTAVEL","varchar(50)","NAO","",""
"Estoque / Produtos","R49","Itens do Pedido de Venda","R49_ENQ_IPI","int(4)","NAO","",""
"Estoque / Produtos","R49","Itens do Pedido de Venda","R49_NUMERO_FCI","varchar(50)","NAO","",""
"Estoque / Produtos","R49","Itens do Pedido de Venda","R49_OBS","varchar(500)","NAO","",""
"Estoque / Produtos","R49","Itens do Pedido de Venda","R49_OBS_FISCAL","varchar(500)","NAO","",""
"Estoque / Produtos","R49","Itens do Pedido de Venda","R49_PARTILHA_ICMS","bit(1)","NAO","",""
"Estoque / Produtos","R49","Itens do Pedido de Venda","R49_UN_TRIBUTAVEL","varchar(50)","NAO","",""
"Estoque / Produtos","R49","Itens do Pedido de Venda","R49_VALOR_APROX_TRIBUTOS","numeric(9)","NAO","","Campo monetário"
"Estoque / Produtos","R49","Itens do Pedido de Venda","R49_VALOR_PARTILHA_ICMS","numeric(9)","NAO","","Campo monetário"
"Estoque / Produtos","R49","Itens do Pedido de Venda","R49_VALOR_FRETE","numeric(9)","NAO","","Campo monetário"
"Estoque / Produtos","R49","Itens do Pedido de Venda","R49_VALOR_ICMS_PRESUMIDO","numeric(9)","NAO","","Campo monetário"
"Estoque / Produtos","R49","Itens do Pedido de Venda","R49_VALOR_ICMS_SUBSTITUTO","numeric(9)","NAO","","Campo monetário"
"Estoque / Produtos","R49","Itens do Pedido de Venda","R49_ALIQUOTA_ICMS_EFETIVO","numeric(9)","NAO","",""
"Estoque / Produtos","R49","Itens do Pedido de Venda","R49_BASE_ICMS_EFETIVO","numeric(9)","NAO","",""
"Estoque / Produtos","R49","Itens do Pedido de Venda","R49_VALOR_ICMS_EFETIVO","numeric(9)","NAO","","Campo monetário"
"Estoque / Produtos","R49","Itens do Pedido de Venda","R49_ALIQUOTA_ICMS_ST_RETIDO","numeric(9)","NAO","",""
"Estoque / Produtos","R49","Itens do Pedido de Venda","R49_BASE_ICMS_ST_RETIDO","numeric(9)","NAO","",""
"Estoque / Produtos","R49","Itens do Pedido de Venda","R49_VALOR_ICMS_ST_RETIDO","numeric(9)","NAO","","Campo monetário"
"Estoque / Produtos","R49","Itens do Pedido de Venda","R49_CODIGO_BENEFICIO_FISCAL_UF","varchar(20)","NAO","",""
"Estoque / Produtos","R49","Itens do Pedido de Venda","R49_ALIQUOTA_ICMS_ST_FCP_RETIDO","numeric(9)","NAO","",""
"Estoque / Produtos","R49","Itens do Pedido de Venda","R49_BASE_ICMS_ST_FCP_RETIDO","numeric(9)","NAO","",""
"Estoque / Produtos","R49","Itens do Pedido de Venda","R49_VALOR_ICMS_ST_FCP_RETIDO","numeric(9)","NAO","","Campo monetário"
"Estoque / Produtos","R49","Itens do Pedido de Venda","R49_ALIQUOTA_ICMS_ST_RBC","numeric(9)","NAO","",""
"Estoque / Produtos","R49","Itens do Pedido de Venda","R49_ALIQUOTA_ICMS_INTERESTADUAL","numeric(9)","NAO","",""
"Estoque / Produtos","R49","Itens do Pedido de Venda","R49_ALIQUOTA_ICMS_INTERNA","numeric(9)","NAO","",""
"Estoque / Produtos","R49","Itens do Pedido de Venda","R49_VALOR_ICMS_DESTINO","numeric(9)","NAO","","Campo monetário"
"Estoque / Produtos","R49","Itens do Pedido de Venda","R49_VALOR_ICMS_ORIGEM","numeric(9)","NAO","","Campo monetário"
"Estoque / Produtos","R49","Itens do Pedido de Venda","R49_ALIQUOTA_ICMS_FCP_PARTILHA","numeric(9)","NAO","",""
"Estoque / Produtos","R49","Itens do Pedido de Venda","R49_VALOR_ICMS_FCP_PARTILHA","numeric(9)","NAO","","Campo monetário"
"Estoque / Produtos","R49","Itens do Pedido de Venda","R49_VALOR_SEGURO","numeric(9)","NAO","","Campo monetário"
"Estoque / Produtos","R49","Itens do Pedido de Venda","R49_VALOR_OUTRAS_DESPESAS","numeric(9)","NAO","","Campo monetário"
"Estoque / Produtos","R49","Itens do Pedido de Venda","R49_VALOR_MARGEM","numeric(9)","NAO","","Campo monetário"
"Estoque / Produtos","R49","Itens do Pedido de Venda","R49_LUCRO","numeric(9)","NAO","",""
"Estoque / Produtos","R49","Itens do Pedido de Venda","R49_VALOR_LUCRO","numeric(9)","NAO","","Campo monetário"
"Estoque / Produtos","R49","Itens do Pedido de Venda","R49_ALIQUOTA_ICMS_ST_MVA","numeric(9)","NAO","",""
"Estoque / Produtos","R49","Itens do Pedido de Venda","R49_ALIQUOTA_ICMS_EFETIVO_RBC","numeric(9)","NAO","",""
"Estoque / Produtos","R49","Itens do Pedido de Venda","R49_PARTILHA_ICMS_INTERESTADUAL","numeric(9)","NAO","",""
"Estoque / Produtos","R49","Itens do Pedido de Venda","R49_BASE_CONTROLE_1","numeric(9)","NAO","",""
"Estoque / Produtos","R49","Itens do Pedido de Venda","R49_VALOR_VL","numeric(9)","NAO","","Campo monetário"
"Estoque / Produtos","R49","Itens do Pedido de Venda","R49_BASE_CONTROLE_2","numeric(9)","NAO","",""
"Estoque / Produtos","R49","Itens do Pedido de Venda","R8_ID","int(4)","NAO","R8",""
"Estoque / Produtos","R49","Itens do Pedido de Venda","R62_ID","int(4)","NAO","R62",""
"Estoque / Produtos","R49","Itens do Pedido de Venda","R49_TIPO","varchar(20)","NAO","",""
"Estoque / Produtos","R49","Itens do Pedido de Venda","R49_PRODUTO_ORIGEM","int(4)","NAO","",""
"Estoque / Produtos","R49","Itens do Pedido de Venda","R49_PRODUTO_FILHO","bit(1)","NAO","",""
"Estoque / Produtos","R49","Itens do Pedido de Venda","R49_PERCENTUAL_DESCONTO","numeric(9)","NAO","",""
"Estoque / Produtos","R49","Itens do Pedido de Venda","R49_VALOR_CUSTO","numeric(9)","NAO","","Campo monetário"
"Estoque / Produtos","R49","Itens do Pedido de Venda","R49_EXPORTACAO","bit(1)","NAO","",""
"Estoque / Produtos","R49","Itens do Pedido de Venda","R49_COMPLEMENTO_TRIBUTO","bit(1)","NAO","",""
"Estoque / Produtos","R49","Itens do Pedido de Venda","R49_BASE_IS","numeric(9)","NAO","",""
"Estoque / Produtos","R49","Itens do Pedido de Venda","R49_ALIQUOTA_IS","numeric(9)","NAO","",""
"Estoque / Produtos","R49","Itens do Pedido de Venda","R49_VALOR_IS","numeric(9)","NAO","","Campo monetário"
"Estoque / Produtos","R49","Itens do Pedido de Venda","R49_CST_IS","varchar(10)","NAO","",""
"Estoque / Produtos","R49","Itens do Pedido de Venda","R49_BASE_IBS_CBS","numeric(9)","NAO","",""
"Estoque / Produtos","R49","Itens do Pedido de Venda","R49_ALIQUOTA_CBS","numeric(9)","NAO","",""
"Estoque / Produtos","R49","Itens do Pedido de Venda","R49_VALOR_CBS","numeric(9)","NAO","","Campo monetário"
"Estoque / Produtos","R49","Itens do Pedido de Venda","R49_CST_IBS_CBS","varchar(10)","NAO","",""
"Estoque / Produtos","R49","Itens do Pedido de Venda","R49_ALIQUOTA_IBS_UF","numeric(9)","NAO","",""
"Estoque / Produtos","R49","Itens do Pedido de Venda","R49_VALOR_IBS_UF","numeric(9)","NAO","","Campo monetário"
"Estoque / Produtos","R49","Itens do Pedido de Venda","R49_ALIQUOTA_IBS_MUN","numeric(9)","NAO","",""
"Estoque / Produtos","R49","Itens do Pedido de Venda","R49_VALOR_IBS_MUN","numeric(9)","NAO","","Campo monetário"
"Estoque / Produtos","R49","Itens do Pedido de Venda","R49_CLASS_TRIB","varchar(10)","NAO","",""
"Estoque / Produtos","R49","Itens do Pedido de Venda","R49_ALIQUOTA_IBS_UF_DIFERIMENTO","numeric(9)","NAO","",""
"Estoque / Produtos","R49","Itens do Pedido de Venda","R49_VALOR_IBS_UF_DIFERIMENTO","numeric(9)","NAO","","Campo monetário"
"Estoque / Produtos","R49","Itens do Pedido de Venda","R49_ALIQUOTA_IBS_MUN_DIFERIMENTO","numeric(9)","NAO","",""
"Estoque / Produtos","R49","Itens do Pedido de Venda","R49_VALOR_IBS_MUN_DIFERIMENTO","numeric(9)","NAO","","Campo monetário"
"Estoque / Produtos","R49","Itens do Pedido de Venda","R49_ALIQUOTA_IBS_UF_EFETIVA","numeric(9)","NAO","",""
"Estoque / Produtos","R49","Itens do Pedido de Venda","R49_ALIQUOTA_IBS_UF_REDUCAO","numeric(9)","NAO","",""
"Estoque / Produtos","R49","Itens do Pedido de Venda","R49_ALIQUOTA_IBS_MUN_EFETIVA","numeric(9)","NAO","",""
"Estoque / Produtos","R49","Itens do Pedido de Venda","R49_ALIQUOTA_IBS_MUN_REDUCAO","numeric(9)","NAO","",""
"Estoque / Produtos","R49","Itens do Pedido de Venda","R49_VALOR_IBS_UF_DEV_TRIB","numeric(9)","NAO","","Campo monetário"
"Estoque / Produtos","R49","Itens do Pedido de Venda","R49_VALOR_IBS_MUN_DEV_TRIB","numeric(9)","NAO","","Campo monetário"
"Estoque / Produtos","R49","Itens do Pedido de Venda","R49_ALIQUOTA_CBS_DIFERIMENTO","numeric(9)","NAO","",""
"Estoque / Produtos","R49","Itens do Pedido de Venda","R49_VALOR_CBS_DIFERIMENTO","numeric(9)","NAO","","Campo monetário"
"Estoque / Produtos","R49","Itens do Pedido de Venda","R49_VALOR_CBS_DEV_TRIB","numeric(9)","NAO","","Campo monetário"
"Estoque / Produtos","R49","Itens do Pedido de Venda","R49_ALIQUOTA_CBS_EFETIVA","numeric(9)","NAO","",""
"Estoque / Produtos","R49","Itens do Pedido de Venda","R49_ALIQUOTA_CBS_REDUCAO","numeric(9)","NAO","",""
"Estoque / Produtos","R49","Itens do Pedido de Venda","R49_CCRED_PRES_IBS","varchar(10)","NAO","",""
"Estoque / Produtos","R49","Itens do Pedido de Venda","R49_ALIQUOTA_IBS_CREDITO_PRESUMIDO","numeric(9)","NAO","",""
"Estoque / Produtos","R49","Itens do Pedido de Venda","R49_VALOR_IBS_CREDITO_PRESUMIDO","numeric(9)","NAO","","Campo monetário"
"Estoque / Produtos","R49","Itens do Pedido de Venda","R49_CCRED_PRES_CBS","varchar(10)","NAO","",""
"Estoque / Produtos","R49","Itens do Pedido de Venda","R49_ALIQUOTA_CBS_CREDITO_PRESUMIDO","numeric(9)","NAO","",""
"Estoque / Produtos","R49","Itens do Pedido de Venda","R49_VALOR_CBS_CREDITO_PRESUMIDO","numeric(9)","NAO","","Campo monetário"
"Estoque / Produtos","R49","Itens do Pedido de Venda","R49_VALOR_IBS_MONO","numeric(9)","NAO","","Campo monetário"
"Estoque / Produtos","R49","Itens do Pedido de Venda","R49_VALOR_CBS_MONO","numeric(9)","NAO","","Campo monetário"
"Estoque / Produtos","R49","Itens do Pedido de Venda","R49_VALOR_IBS_MONO_RETENCAO","numeric(9)","NAO","","Campo monetário"
"Estoque / Produtos","R49","Itens do Pedido de Venda","R49_VALOR_CBS_MONO_RETENCAO","numeric(9)","NAO","","Campo monetário"
"Estoque / Produtos","R49","Itens do Pedido de Venda","R49_VALOR_IBS_MONO_RETIDO","numeric(9)","NAO","","Campo monetário"
"Estoque / Produtos","R49","Itens do Pedido de Venda","R49_VALOR_CBS_MONO_RETIDO","numeric(9)","NAO","","Campo monetário"
"Estoque / Produtos","R49","Itens do Pedido de Venda","R49_ALIQUOTA_CBS_MONO_DIFERIMENTO","numeric(9)","NAO","",""
"Estoque / Produtos","R49","Itens do Pedido de Venda","R49_VALOR_CBS_MONO_DIFERIMENTO","numeric(9)","NAO","","Campo monetário"
"Estoque / Produtos","R49","Itens do Pedido de Venda","R49_ALIQUOTA_IBS_MONO_DIFERIMENTO","numeric(9)","NAO","",""
"Estoque / Produtos","R49","Itens do Pedido de Venda","R49_VALOR_IBS_MONO_DIFERIMENTO","numeric(9)","NAO","","Campo monetário"
"Estoque / Produtos","R49","Itens do Pedido de Venda","R49_VALOR_IBS_TOTAL_MONO","numeric(9)","NAO","","Campo monetário"
"Estoque / Produtos","R49","Itens do Pedido de Venda","R49_VALOR_CBS_TOTAL_MONO","numeric(9)","NAO","","Campo monetário"
"Estoque / Produtos","R49","Itens do Pedido de Venda","R49_COMISSAO","numeric(9)","NAO","",""
"Estoque / Produtos","R49","Itens do Pedido de Venda","R49_ALIQUOTA_IBS_UF_REGULAR","numeric(9)","NAO","",""
"Estoque / Produtos","R49","Itens do Pedido de Venda","R49_ALIQUOTA_IBS_MUN_REGULAR","numeric(9)","NAO","",""
"Estoque / Produtos","R49","Itens do Pedido de Venda","R49_ALIQUOTA_CBS_REGULAR","numeric(9)","NAO","",""
"Estoque / Produtos","R49","Itens do Pedido de Venda","R49_VALOR_IBS_UF_REGULAR","numeric(9)","NAO","","Campo monetário"
"Estoque / Produtos","R49","Itens do Pedido de Venda","R49_VALOR_IBS_MUN_REGULAR","numeric(9)","NAO","","Campo monetário"
"Estoque / Produtos","R49","Itens do Pedido de Venda","R49_VALOR_CBS_REGULAR","numeric(9)","NAO","","Campo monetário"
"Estoque / Produtos","R49","Itens do Pedido de Venda","R49_CST_IBS_CBS_REGULAR","varchar(10)","NAO","",""
"Estoque / Produtos","R49","Itens do Pedido de Venda","R49_CLASS_TRIB_REGULAR","varchar(10)","NAO","",""
"Estoque / Produtos","R49","Itens do Pedido de Venda","R49_QTD_SUGERIDA","numeric(9)","NAO","",""
"Estoque / Produtos","R49","Itens do Pedido de Venda","R49_ITEM_REFERENCIADO","int(4)","NAO","",""
"Comercial / Vendas / Compras","R50","Tabela do Sistema Petrus","R50_DATA_BASE","datetime(8)","NAO","",""
"Comercial / Vendas / Compras","R50","Tabela do Sistema Petrus","R50_DATA_VENCIMENTO","datetime(8)","NAO","",""
"Comercial / Vendas / Compras","R50","Tabela do Sistema Petrus","R50_TIPO","varchar(15)","NAO","",""
"Comercial / Vendas / Compras","R50","Tabela do Sistema Petrus","R50_PARCELA","int(4)","NAO","",""
"Comercial / Vendas / Compras","R50","Tabela do Sistema Petrus","R7_ID","int(4)","NAO","R7",""
"Comercial / Vendas / Compras","R50","Tabela do Sistema Petrus","N22_ID","int(4)","NAO","N22",""
"Comercial / Vendas / Compras","R50","Tabela do Sistema Petrus","R13_ID","int(4)","NAO","R13",""
"Comercial / Vendas / Compras","R50","Tabela do Sistema Petrus","R50_DIAS","int(4)","NAO","",""
"Comercial / Vendas / Compras","R50","Tabela do Sistema Petrus","R50_VALOR_PARCELA","numeric(9)","NAO","","Campo monetário"
"Comercial / Vendas / Compras","R50","Tabela do Sistema Petrus","R50_ID","int(4)","SIM","",""
"Comercial / Vendas / Compras","R50","Tabela do Sistema Petrus","R50_SELECIONE","bit(1)","NAO","",""
"Comercial / Vendas / Compras","R50","Tabela do Sistema Petrus","R50_DATA_INCLUSAO","datetime(8)","NAO","",""
"Comercial / Vendas / Compras","R50","Tabela do Sistema Petrus","R50_DATA_ALTERACAO","datetime(8)","NAO","",""
"Comercial / Vendas / Compras","R50","Tabela do Sistema Petrus","R50_USUARIO_INCLUSAO","varchar(50)","NAO","",""
"Comercial / Vendas / Compras","R50","Tabela do Sistema Petrus","R50_USUARIO_ALTERACAO","varchar(50)","NAO","",""
"Comercial / Vendas / Compras","R50","Tabela do Sistema Petrus","S1_ID","int(4)","NAO","S1",""
"Comercial / Vendas / Compras","R50","Tabela do Sistema Petrus","N49_ID","int(4)","NAO","N49",""
"Comercial / Vendas / Compras","R50","Tabela do Sistema Petrus","R58_ID","int(4)","NAO","R58",""
"Comercial / Vendas / Compras","R50","Tabela do Sistema Petrus","R50_COMISSAO","numeric(9)","NAO","",""
"Comercial / Vendas / Compras","R50","Tabela do Sistema Petrus","R50_VALOR_COMISSAO","numeric(9)","NAO","","Campo monetário"
"Comercial / Vendas / Compras","R50","Tabela do Sistema Petrus","R50_BASE_COMISSAO","numeric(9)","NAO","",""
"Comercial / Vendas / Compras","R50","Tabela do Sistema Petrus","R2_ID","int(4)","NAO","R2",""
"Comercial / Vendas / Compras","R50","Tabela do Sistema Petrus","R4_ID","int(4)","NAO","R4",""
"Comercial / Vendas / Compras","R50","Tabela do Sistema Petrus","R50_FORMA_RECEBIMENTO","varchar(50)","NAO","",""
"Comercial / Vendas / Compras","R50","Tabela do Sistema Petrus","R63_ID","int(4)","NAO","R63",""
"Comercial / Vendas / Compras","R50","Tabela do Sistema Petrus","R8_ID","int(4)","NAO","R8",""
"Comercial / Vendas / Compras","R50","Tabela do Sistema Petrus","R50_PREFIXO","varchar(50)","NAO","",""
"Comercial / Vendas / Compras","R50","Tabela do Sistema Petrus","R50_NUMERO_DOCUMENTO","varchar(20)","NAO","",""
"Comercial / Vendas / Compras","R50","Tabela do Sistema Petrus","N90_ID","int(4)","NAO","N90",""
"Comercial / Vendas / Compras","R51","Tabela do Sistema Petrus","R51_ID","int(4)","SIM","",""
"Comercial / Vendas / Compras","R51","Tabela do Sistema Petrus","S1_ID","int(4)","NAO","S1",""
"Comercial / Vendas / Compras","R51","Tabela do Sistema Petrus","R51_TIPO","varchar(15)","NAO","",""
"Comercial / Vendas / Compras","R51","Tabela do Sistema Petrus","R51_EMAIL","varchar(500)","NAO","",""
"Comercial / Vendas / Compras","R51","Tabela do Sistema Petrus","R51_CONTATO","varchar(100)","NAO","",""
"Comercial / Vendas / Compras","R51","Tabela do Sistema Petrus","R4_ID","int(4)","NAO","R4",""
"Comercial / Vendas / Compras","R51","Tabela do Sistema Petrus","R51_SELECIONE","bit(1)","NAO","",""
"Comercial / Vendas / Compras","R51","Tabela do Sistema Petrus","R51_DATA_INCLUSAO","datetime(8)","NAO","",""
"Comercial / Vendas / Compras","R51","Tabela do Sistema Petrus","R51_DATA_ALTERACAO","datetime(8)","NAO","",""
"Comercial / Vendas / Compras","R51","Tabela do Sistema Petrus","R51_USUARIO_INCLUSAO","varchar(50)","NAO","",""
"Comercial / Vendas / Compras","R51","Tabela do Sistema Petrus","R51_USUARIO_ALTERACAO","varchar(50)","NAO","",""
"Comercial / Vendas / Compras","R52","Tabela do Sistema Petrus","R52_ID","int(4)","SIM","",""
"Comercial / Vendas / Compras","R52","Tabela do Sistema Petrus","S1_ID","int(4)","NAO","S1",""
"Comercial / Vendas / Compras","R52","Tabela do Sistema Petrus","R52_TIPO","varchar(15)","NAO","",""
"Comercial / Vendas / Compras","R52","Tabela do Sistema Petrus","R52_DDI","varchar(5)","NAO","",""
"Comercial / Vendas / Compras","R52","Tabela do Sistema Petrus","R52_DDD","varchar(5)","NAO","",""
"Comercial / Vendas / Compras","R52","Tabela do Sistema Petrus","R52_TELEFONE","varchar(20)","NAO","",""
"Comercial / Vendas / Compras","R52","Tabela do Sistema Petrus","R52_CONTATO","varchar(100)","NAO","",""
"Comercial / Vendas / Compras","R52","Tabela do Sistema Petrus","R4_ID","int(4)","NAO","R4",""
"Comercial / Vendas / Compras","R52","Tabela do Sistema Petrus","R52_SELECIONE","bit(1)","NAO","",""
"Comercial / Vendas / Compras","R52","Tabela do Sistema Petrus","R52_DATA_INCLUSAO","datetime(8)","NAO","",""
"Comercial / Vendas / Compras","R52","Tabela do Sistema Petrus","R52_DATA_ALTERACAO","datetime(8)","NAO","",""
"Comercial / Vendas / Compras","R52","Tabela do Sistema Petrus","R52_USUARIO_INCLUSAO","varchar(50)","NAO","",""
"Comercial / Vendas / Compras","R52","Tabela do Sistema Petrus","R52_USUARIO_ALTERACAO","varchar(50)","NAO","",""
"Comercial / Vendas / Compras","R53","Tabela do Sistema Petrus","R53_ID","int(4)","SIM","",""
"Comercial / Vendas / Compras","R53","Tabela do Sistema Petrus","S1_ID","int(4)","NAO","S1",""
"Comercial / Vendas / Compras","R53","Tabela do Sistema Petrus","R2_ID","int(4)","NAO","R2",""
"Comercial / Vendas / Compras","R53","Tabela do Sistema Petrus","R53_SELECIONE","bit(1)","NAO","",""
"Comercial / Vendas / Compras","R53","Tabela do Sistema Petrus","R53_DATA_INCLUSAO","datetime(8)","NAO","",""
"Comercial / Vendas / Compras","R53","Tabela do Sistema Petrus","R53_DATA_ALTERACAO","datetime(8)","NAO","",""
"Comercial / Vendas / Compras","R53","Tabela do Sistema Petrus","R53_USUARIO_INCLUSAO","varchar(50)","NAO","",""
"Comercial / Vendas / Compras","R53","Tabela do Sistema Petrus","R53_USUARIO_ALTERACAO","varchar(50)","NAO","",""
"Comercial / Vendas / Compras","R53","Tabela do Sistema Petrus","R53_EMPRESA","varchar(50)","NAO","",""
"Comercial / Vendas / Compras","R53","Tabela do Sistema Petrus","R53_DATA","datetime(8)","NAO","",""
"Comercial / Vendas / Compras","R53","Tabela do Sistema Petrus","R53_OBS","varchar(100)","NAO","",""
"Comercial / Vendas / Compras","R53","Tabela do Sistema Petrus","R53_CONTATO","varchar(50)","NAO","",""
"Comercial / Vendas / Compras","R53","Tabela do Sistema Petrus","R53_TIPO","varchar(50)","NAO","",""
"Comercial / Vendas / Compras","R54","Tabela do Sistema Petrus","R54_ID","int(4)","SIM","",""
"Comercial / Vendas / Compras","R54","Tabela do Sistema Petrus","S1_ID","int(4)","NAO","S1",""
"Comercial / Vendas / Compras","R54","Tabela do Sistema Petrus","R2_ID","int(4)","NAO","R2",""
"Comercial / Vendas / Compras","R54","Tabela do Sistema Petrus","R54_SELECIONE","bit(1)","NAO","",""
"Comercial / Vendas / Compras","R54","Tabela do Sistema Petrus","R54_DATA_INCLUSAO","datetime(8)","NAO","",""
"Comercial / Vendas / Compras","R54","Tabela do Sistema Petrus","R54_DATA_ALTERACAO","datetime(8)","NAO","",""
"Comercial / Vendas / Compras","R54","Tabela do Sistema Petrus","R54_USUARIO_INCLUSAO","varchar(50)","NAO","",""
"Comercial / Vendas / Compras","R54","Tabela do Sistema Petrus","R54_USUARIO_ALTERACAO","varchar(50)","NAO","",""
"Comercial / Vendas / Compras","R54","Tabela do Sistema Petrus","R54_NOME","varchar(50)","NAO","",""
"Comercial / Vendas / Compras","R54","Tabela do Sistema Petrus","R54_CNPJ_CPF","varchar(20)","NAO","",""
"Comercial / Vendas / Compras","R54","Tabela do Sistema Petrus","R54_FAIXA_ETARIA","varchar(30)","NAO","",""
"Comercial / Vendas / Compras","R54","Tabela do Sistema Petrus","R54_QUALIFICACAO","varchar(50)","NAO","",""
"Comercial / Vendas / Compras","R54","Tabela do Sistema Petrus","R54_CAPITAL_SOCIAL","numeric(9)","NAO","",""
"Comercial / Vendas / Compras","R54","Tabela do Sistema Petrus","R54_PARTICIPACAO","numeric(9)","NAO","",""
"Comercial / Vendas / Compras","R54","Tabela do Sistema Petrus","R54_RESTRICAO","varchar(-1)","NAO","",""
"Comercial / Vendas / Compras","R55","Tabela do Sistema Petrus","R55_ID","int(4)","SIM","",""
"Comercial / Vendas / Compras","R55","Tabela do Sistema Petrus","S1_ID","int(4)","NAO","S1",""
"Comercial / Vendas / Compras","R55","Tabela do Sistema Petrus","R2_ID","int(4)","NAO","R2",""
"Comercial / Vendas / Compras","R55","Tabela do Sistema Petrus","R55_SELECIONE","bit(1)","NAO","",""
"Comercial / Vendas / Compras","R55","Tabela do Sistema Petrus","R55_DATA_INCLUSAO","datetime(8)","NAO","",""
"Comercial / Vendas / Compras","R55","Tabela do Sistema Petrus","R55_DATA_ALTERACAO","datetime(8)","NAO","",""
"Comercial / Vendas / Compras","R55","Tabela do Sistema Petrus","R55_USUARIO_INCLUSAO","varchar(50)","NAO","",""
"Comercial / Vendas / Compras","R55","Tabela do Sistema Petrus","R55_USUARIO_ALTERACAO","varchar(50)","NAO","",""
"Comercial / Vendas / Compras","R55","Tabela do Sistema Petrus","R55_BANCO","varchar(50)","NAO","",""
"Comercial / Vendas / Compras","R55","Tabela do Sistema Petrus","R55_AGENCIA","varchar(10)","NAO","",""
"Comercial / Vendas / Compras","R55","Tabela do Sistema Petrus","R55_DV_AGENCIA","varchar(5)","NAO","",""
"Comercial / Vendas / Compras","R55","Tabela do Sistema Petrus","R55_CONTA","varchar(50)","NAO","",""
"Comercial / Vendas / Compras","R55","Tabela do Sistema Petrus","R55_DV_CONTA","varchar(5)","NAO","",""
"Comercial / Vendas / Compras","R55","Tabela do Sistema Petrus","R55_TITULAR","varchar(300)","NAO","",""
"Comercial / Vendas / Compras","R55","Tabela do Sistema Petrus","R55_CNPJ_CPF","varchar(20)","NAO","",""
"Comercial / Vendas / Compras","R55","Tabela do Sistema Petrus","R55_TIPO_CONTA","varchar(50)","NAO","",""
"Comercial / Vendas / Compras","R55","Tabela do Sistema Petrus","R55_OBS","varchar(100)","NAO","",""
"Comercial / Vendas / Compras","R56","Tabela do Sistema Petrus","R56_ID","int(4)","SIM","",""
"Comercial / Vendas / Compras","R56","Tabela do Sistema Petrus","S1_ID","int(4)","NAO","S1",""
"Comercial / Vendas / Compras","R56","Tabela do Sistema Petrus","R56_DESCRICAO","varchar(-1)","NAO","",""
"Comercial / Vendas / Compras","R56","Tabela do Sistema Petrus","R56_SELECIONE","bit(1)","NAO","",""
"Comercial / Vendas / Compras","R56","Tabela do Sistema Petrus","R56_DATA_INCLUSAO","datetime(8)","NAO","",""
"Comercial / Vendas / Compras","R56","Tabela do Sistema Petrus","R56_DATA_ALTERACAO","datetime(8)","NAO","",""
"Comercial / Vendas / Compras","R56","Tabela do Sistema Petrus","R56_USUARIO_INCLUSAO","varchar(50)","NAO","",""
"Comercial / Vendas / Compras","R56","Tabela do Sistema Petrus","R56_USUARIO_ALTERACAO","varchar(50)","NAO","",""
"Comercial / Vendas / Compras","R56","Tabela do Sistema Petrus","R56_CNAE","int(4)","NAO","",""
"Comercial / Vendas / Compras","R56","Tabela do Sistema Petrus","R2_ID","int(4)","NAO","R2",""
"Estoque / Produtos","R57","Tabela do Sistema Petrus","R57_ALIQUOTA_IPI","numeric(9)","NAO","",""
"Estoque / Produtos","R57","Tabela do Sistema Petrus","R57_CUBAGEM","numeric(9)","NAO","",""
"Estoque / Produtos","R57","Tabela do Sistema Petrus","R57_PESO_BRUTO","numeric(9)","NAO","",""
"Estoque / Produtos","R57","Tabela do Sistema Petrus","R57_PESO_LIQUIDO","numeric(9)","NAO","",""
"Estoque / Produtos","R57","Tabela do Sistema Petrus","R57_QTD","numeric(9)","NAO","",""
"Estoque / Produtos","R57","Tabela do Sistema Petrus","R57_QTD_EMB","numeric(9)","NAO","",""
"Estoque / Produtos","R57","Tabela do Sistema Petrus","R57_SUBTOTAL","numeric(9)","NAO","",""
"Estoque / Produtos","R57","Tabela do Sistema Petrus","R57_VALOR_IPI","numeric(9)","NAO","","Campo monetário"
"Estoque / Produtos","R57","Tabela do Sistema Petrus","R57_VALOR_TOTAL","numeric(9)","NAO","","Campo monetário"
"Estoque / Produtos","R57","Tabela do Sistema Petrus","R57_VALOR_UNITARIO","numeric(9)","NAO","","Campo monetário"
"Estoque / Produtos","R57","Tabela do Sistema Petrus","R57_VOLUME","numeric(9)","NAO","",""
"Estoque / Produtos","R57","Tabela do Sistema Petrus","R57_DESCONTO","numeric(9)","NAO","",""
"Estoque / Produtos","R57","Tabela do Sistema Petrus","R57_NCM","varchar(15)","NAO","",""
"Estoque / Produtos","R57","Tabela do Sistema Petrus","R57_PRODUTO","varchar(20)","NAO","",""
"Estoque / Produtos","R57","Tabela do Sistema Petrus","R57_UN","varchar(50)","NAO","",""
"Estoque / Produtos","R57","Tabela do Sistema Petrus","R57_CFOP","int(4)","NAO","",""
"Estoque / Produtos","R57","Tabela do Sistema Petrus","R7_ID","int(4)","NAO","R7",""
"Estoque / Produtos","R57","Tabela do Sistema Petrus","R57_ID","int(4)","SIM","",""
"Estoque / Produtos","R57","Tabela do Sistema Petrus","R57_SELECIONE","bit(1)","NAO","",""
"Estoque / Produtos","R57","Tabela do Sistema Petrus","R57_DATA_INCLUSAO","datetime(8)","NAO","",""
"Estoque / Produtos","R57","Tabela do Sistema Petrus","R57_DATA_ALTERACAO","datetime(8)","NAO","",""
"Estoque / Produtos","R57","Tabela do Sistema Petrus","R57_USUARIO_INCLUSAO","varchar(50)","NAO","",""
"Estoque / Produtos","R57","Tabela do Sistema Petrus","R57_USUARIO_ALTERACAO","varchar(50)","NAO","",""
"Estoque / Produtos","R57","Tabela do Sistema Petrus","S1_ID","int(4)","NAO","S1",""
"Estoque / Produtos","R57","Tabela do Sistema Petrus","R57_EAN13_GTIN","varchar(15)","NAO","",""
"Estoque / Produtos","R57","Tabela do Sistema Petrus","R57_DESCRICAO","varchar(300)","NAO","",""
"Estoque / Produtos","R57","Tabela do Sistema Petrus","R57_ITEM","int(4)","NAO","",""
"Estoque / Produtos","R57","Tabela do Sistema Petrus","V1_ID","int(4)","NAO","V1",""
"Estoque / Produtos","R57","Tabela do Sistema Petrus","R13_ID","int(4)","NAO","R13",""
"Estoque / Produtos","R57","Tabela do Sistema Petrus","A3_ID","int(4)","NAO","A3",""
"Estoque / Produtos","R57","Tabela do Sistema Petrus","R57_VALOR_PROPOSTO","numeric(9)","NAO","","Campo monetário"
"Estoque / Produtos","R57","Tabela do Sistema Petrus","R57_VALOR_SUGERIDO","numeric(9)","NAO","","Campo monetário"
"Estoque / Produtos","R57","Tabela do Sistema Petrus","R57_ALIQUOTA_ICMS","numeric(9)","NAO","",""
"Estoque / Produtos","R57","Tabela do Sistema Petrus","R57_ALIQUOTA_ICMS_ST","numeric(9)","NAO","",""
"Estoque / Produtos","R57","Tabela do Sistema Petrus","R57_BASE_ICMS","numeric(9)","NAO","",""
"Estoque / Produtos","R57","Tabela do Sistema Petrus","R57_BASE_ICMS_ST","numeric(9)","NAO","",""
"Estoque / Produtos","R57","Tabela do Sistema Petrus","R57_BASE_IPI","numeric(9)","NAO","",""
"Estoque / Produtos","R57","Tabela do Sistema Petrus","R57_ORIGEM","varchar(150)","NAO","",""
"Estoque / Produtos","R57","Tabela do Sistema Petrus","R57_VALOR_ICMS","numeric(9)","NAO","","Campo monetário"
"Estoque / Produtos","R57","Tabela do Sistema Petrus","R57_VALOR_ICMS_FCP","numeric(9)","NAO","","Campo monetário"
"Estoque / Produtos","R57","Tabela do Sistema Petrus","R57_VALOR_ICMS_ST","numeric(9)","NAO","","Campo monetário"
"Estoque / Produtos","R57","Tabela do Sistema Petrus","R57_VALOR_ICMS_ST_FCP","numeric(9)","NAO","","Campo monetário"
"Estoque / Produtos","R57","Tabela do Sistema Petrus","R57_VALOR_TABELA","numeric(9)","NAO","","Campo monetário"
"Estoque / Produtos","R57","Tabela do Sistema Petrus","R49_ID","int(4)","NAO","R49",""
"Estoque / Produtos","R57","Tabela do Sistema Petrus","G6_ID","int(4)","NAO","G6",""
"Estoque / Produtos","R57","Tabela do Sistema Petrus","R57_VALOR_DESCONTO","numeric(9)","NAO","","Campo monetário"
"Estoque / Produtos","R57","Tabela do Sistema Petrus","R57_CEST","varchar(20)","NAO","",""
"Estoque / Produtos","R57","Tabela do Sistema Petrus","R57_CSOSN","varchar(10)","NAO","",""
"Estoque / Produtos","R57","Tabela do Sistema Petrus","R57_CST_ICMS","varchar(10)","NAO","",""
"Estoque / Produtos","R57","Tabela do Sistema Petrus","R57_CST_IPI","varchar(10)","NAO","",""
"Estoque / Produtos","R57","Tabela do Sistema Petrus","R57_CST_COFINS","varchar(10)","NAO","",""
"Estoque / Produtos","R57","Tabela do Sistema Petrus","R57_CST_PIS","varchar(10)","NAO","",""
"Estoque / Produtos","R57","Tabela do Sistema Petrus","R57_MODALIDADE_BASE","varchar(50)","NAO","",""
"Estoque / Produtos","R57","Tabela do Sistema Petrus","R57_MODALIDADE_BASE_ST","varchar(50)","NAO","",""
"Estoque / Produtos","R57","Tabela do Sistema Petrus","R57_ALIQUOTA_ICMS_FCP","numeric(9)","NAO","",""
"Estoque / Produtos","R57","Tabela do Sistema Petrus","R57_ALIQUOTA_ICMS_ST_FCP","numeric(9)","NAO","",""
"Estoque / Produtos","R57","Tabela do Sistema Petrus","R57_ALIQUOTA_ICMS_RBC","numeric(9)","NAO","",""
"Estoque / Produtos","R57","Tabela do Sistema Petrus","R57_VALOR_ICMS_DESONERADO","numeric(9)","NAO","","Campo monetário"
"Estoque / Produtos","R57","Tabela do Sistema Petrus","R57_MOTIVO_DESONERACAO_ICMS","varchar(100)","NAO","",""
"Estoque / Produtos","R57","Tabela do Sistema Petrus","R57_BASE_ICMS_FCP","numeric(9)","NAO","",""
"Estoque / Produtos","R57","Tabela do Sistema Petrus","R57_BASE_ICMS_ST_FCP","numeric(9)","NAO","",""
"Estoque / Produtos","R57","Tabela do Sistema Petrus","R57_VALOR_ICMS_OPERACAO","numeric(9)","NAO","","Campo monetário"
"Estoque / Produtos","R57","Tabela do Sistema Petrus","R57_BASE_COFINS","numeric(9)","NAO","",""
"Estoque / Produtos","R57","Tabela do Sistema Petrus","R57_ALIQUOTA_COFINS","numeric(9)","NAO","",""
"Estoque / Produtos","R57","Tabela do Sistema Petrus","R57_VALOR_COFINS","numeric(9)","NAO","","Campo monetário"
"Estoque / Produtos","R57","Tabela do Sistema Petrus","R57_BASE_PIS","numeric(9)","NAO","",""
"Estoque / Produtos","R57","Tabela do Sistema Petrus","R57_ALIQUOTA_PIS","numeric(9)","NAO","",""
"Estoque / Produtos","R57","Tabela do Sistema Petrus","R57_VALOR_PIS","numeric(9)","NAO","","Campo monetário"
"Estoque / Produtos","R57","Tabela do Sistema Petrus","R57_ALIQUOTA_APLICAVEL_CREDITO","numeric(9)","NAO","",""
"Estoque / Produtos","R57","Tabela do Sistema Petrus","R57_VALOR_CREDITO_ICMS","numeric(9)","NAO","","Campo monetário"
"Estoque / Produtos","R57","Tabela do Sistema Petrus","R57_ALIQUOTA_ICMS_DIFERIMENTO","numeric(9)","NAO","",""
"Estoque / Produtos","R57","Tabela do Sistema Petrus","R57_VALOR_ICMS_DIFERIMENTO","numeric(9)","NAO","","Campo monetário"
"Estoque / Produtos","R57","Tabela do Sistema Petrus","G17_ID","int(4)","NAO","G17",""
"Estoque / Produtos","R57","Tabela do Sistema Petrus","J20_ID","int(4)","NAO","J20",""
"Estoque / Produtos","R57","Tabela do Sistema Petrus","R57_ENDERECO","varchar(50)","NAO","",""
"Estoque / Produtos","R57","Tabela do Sistema Petrus","R57_PRECO_CUSTO","numeric(9)","NAO","",""
"Estoque / Produtos","R57","Tabela do Sistema Petrus","R57_VALOR_FRETE","numeric(9)","NAO","","Campo monetário"
"Estoque / Produtos","R57","Tabela do Sistema Petrus","R57_OBS","varchar(500)","NAO","",""
"Estoque / Produtos","R57","Tabela do Sistema Petrus","R57_ALIQUOTA_ICMS_PRESUMIDO","numeric(9)","NAO","",""
"Estoque / Produtos","R57","Tabela do Sistema Petrus","R57_VALOR_ICMS_PRESUMIDO","numeric(9)","NAO","","Campo monetário"
"Estoque / Produtos","R57","Tabela do Sistema Petrus","R57_ENQ_IPI","int(4)","NAO","",""
"Estoque / Produtos","R57","Tabela do Sistema Petrus","R57_NUMERO_FCI","varchar(50)","NAO","",""
"Estoque / Produtos","R57","Tabela do Sistema Petrus","R57_VALOR_APROX_TRIBUTOS","numeric(9)","NAO","","Campo monetário"
"Estoque / Produtos","R57","Tabela do Sistema Petrus","R57_BASE_COFINS_ST","numeric(9)","NAO","",""
"Estoque / Produtos","R57","Tabela do Sistema Petrus","R57_ALIQUOTA_COFINS_ST","numeric(9)","NAO","",""
"Estoque / Produtos","R57","Tabela do Sistema Petrus","R57_VALOR_COFINS_ST","numeric(9)","NAO","","Campo monetário"
"Estoque / Produtos","R57","Tabela do Sistema Petrus","R57_BASE_PIS_ST","numeric(9)","NAO","",""
"Estoque / Produtos","R57","Tabela do Sistema Petrus","R57_ALIQUOTA_PIS_ST","numeric(9)","NAO","",""
"Estoque / Produtos","R57","Tabela do Sistema Petrus","R57_VALOR_PIS_ST","numeric(9)","NAO","","Campo monetário"
"Estoque / Produtos","R57","Tabela do Sistema Petrus","R57_COMPOE_TOTAL_NF","bit(1)","NAO","",""
"Estoque / Produtos","R57","Tabela do Sistema Petrus","R57_VALOR_ICMS_SUBSTITUTO","numeric(9)","NAO","","Campo monetário"
"Estoque / Produtos","R57","Tabela do Sistema Petrus","R57_BASE_ICMS_DIFERIMENTO","numeric(9)","NAO","",""
"Estoque / Produtos","R57","Tabela do Sistema Petrus","R57_OBS_FISCAL","varchar(500)","NAO","",""
"Estoque / Produtos","R57","Tabela do Sistema Petrus","R57_PARTILHA_ICMS","bit(1)","NAO","",""
"Estoque / Produtos","R57","Tabela do Sistema Petrus","R57_BASE_PARTILHA_ICMS","numeric(9)","NAO","",""
"Estoque / Produtos","R57","Tabela do Sistema Petrus","R57_VALOR_PARTILHA_ICMS","numeric(9)","NAO","","Campo monetário"
"Estoque / Produtos","R57","Tabela do Sistema Petrus","R57_EAN13_GTIN_TRIBUTAVEL","varchar(50)","NAO","",""
"Estoque / Produtos","R57","Tabela do Sistema Petrus","R57_UN_TRIBUTAVEL","varchar(50)","NAO","",""
"Estoque / Produtos","R57","Tabela do Sistema Petrus","R57_ALIQUOTA_ICMS_EFETIVO","numeric(9)","NAO","",""
"Estoque / Produtos","R57","Tabela do Sistema Petrus","R57_BASE_ICMS_EFETIVO","numeric(9)","NAO","",""
"Estoque / Produtos","R57","Tabela do Sistema Petrus","R57_VALOR_ICMS_EFETIVO","numeric(9)","NAO","","Campo monetário"
"Estoque / Produtos","R57","Tabela do Sistema Petrus","R57_ALIQUOTA_ICMS_ST_RETIDO","numeric(9)","NAO","",""
"Estoque / Produtos","R57","Tabela do Sistema Petrus","R57_BASE_ICMS_ST_RETIDO","numeric(9)","NAO","",""
"Estoque / Produtos","R57","Tabela do Sistema Petrus","R57_VALOR_ICMS_ST_RETIDO","numeric(9)","NAO","","Campo monetário"
"Estoque / Produtos","R57","Tabela do Sistema Petrus","R57_CODIGO_BENEFICIO_FISCAL_UF","varchar(20)","NAO","",""
"Estoque / Produtos","R57","Tabela do Sistema Petrus","R57_ALIQUOTA_ICMS_ST_FCP_RETIDO","numeric(9)","NAO","",""
"Estoque / Produtos","R57","Tabela do Sistema Petrus","R57_BASE_ICMS_ST_FCP_RETIDO","numeric(9)","NAO","",""
"Estoque / Produtos","R57","Tabela do Sistema Petrus","R57_VALOR_ICMS_ST_FCP_RETIDO","numeric(9)","NAO","","Campo monetário"
"Estoque / Produtos","R57","Tabela do Sistema Petrus","R57_ALIQUOTA_ICMS_ST_RBC","numeric(9)","NAO","",""
"Estoque / Produtos","R57","Tabela do Sistema Petrus","R57_ALIQUOTA_ICMS_INTERESTADUAL","numeric(9)","NAO","",""
"Estoque / Produtos","R57","Tabela do Sistema Petrus","R57_ALIQUOTA_ICMS_INTERNA","numeric(9)","NAO","",""
"Estoque / Produtos","R57","Tabela do Sistema Petrus","R57_VALOR_ICMS_DESTINO","numeric(9)","NAO","","Campo monetário"
"Estoque / Produtos","R57","Tabela do Sistema Petrus","R57_VALOR_ICMS_ORIGEM","numeric(9)","NAO","","Campo monetário"
"Estoque / Produtos","R57","Tabela do Sistema Petrus","R57_ALIQUOTA_ICMS_FCP_PARTILHA","numeric(9)","NAO","",""
"Estoque / Produtos","R57","Tabela do Sistema Petrus","R57_VALOR_ICMS_FCP_PARTILHA","numeric(9)","NAO","","Campo monetário"
"Estoque / Produtos","R57","Tabela do Sistema Petrus","R57_VALOR_SEGURO","numeric(9)","NAO","","Campo monetário"
"Estoque / Produtos","R57","Tabela do Sistema Petrus","R57_VALOR_OUTRAS_DESPESAS","numeric(9)","NAO","","Campo monetário"
"Estoque / Produtos","R57","Tabela do Sistema Petrus","R57_ALIQUOTA_ICMS_ST_MVA","numeric(9)","NAO","",""
"Estoque / Produtos","R57","Tabela do Sistema Petrus","R57_ALIQUOTA_ICMS_EFETIVO_RBC","numeric(9)","NAO","",""
"Estoque / Produtos","R57","Tabela do Sistema Petrus","I46_ID","int(4)","NAO","I46",""
"Estoque / Produtos","R57","Tabela do Sistema Petrus","R57_PARTILHA_ICMS_INTERESTADUAL","numeric(9)","NAO","",""
"Estoque / Produtos","R57","Tabela do Sistema Petrus","R57_EXPORTACAO","bit(1)","NAO","",""
"Estoque / Produtos","R57","Tabela do Sistema Petrus","R57_COMPLEMENTO_TRIBUTO","bit(1)","NAO","",""
"Estoque / Produtos","R57","Tabela do Sistema Petrus","R57_ALIQUOTA_IS","numeric(9)","NAO","",""
"Estoque / Produtos","R57","Tabela do Sistema Petrus","R57_VALOR_IS","numeric(9)","NAO","","Campo monetário"
"Estoque / Produtos","R57","Tabela do Sistema Petrus","R57_BASE_IS","numeric(9)","NAO","",""
"Estoque / Produtos","R57","Tabela do Sistema Petrus","R57_CST_IS","varchar(10)","NAO","",""
"Estoque / Produtos","R57","Tabela do Sistema Petrus","R57_ALIQUOTA_CBS","numeric(9)","NAO","",""
"Estoque / Produtos","R57","Tabela do Sistema Petrus","R57_VALOR_CBS","numeric(9)","NAO","","Campo monetário"
"Estoque / Produtos","R57","Tabela do Sistema Petrus","R57_BASE_IBS_CBS","numeric(9)","NAO","",""
"Estoque / Produtos","R57","Tabela do Sistema Petrus","R57_CST_IBS_CBS","varchar(10)","NAO","",""
"Estoque / Produtos","R57","Tabela do Sistema Petrus","R57_ALIQUOTA_IBS_UF","numeric(9)","NAO","",""
"Estoque / Produtos","R57","Tabela do Sistema Petrus","R57_VALOR_IBS_UF","numeric(9)","NAO","","Campo monetário"
"Estoque / Produtos","R57","Tabela do Sistema Petrus","R57_ALIQUOTA_IBS_MUN","numeric(9)","NAO","",""
"Estoque / Produtos","R57","Tabela do Sistema Petrus","R57_VALOR_IBS_MUN","numeric(9)","NAO","","Campo monetário"
"Estoque / Produtos","R57","Tabela do Sistema Petrus","R57_CLASS_TRIB","varchar(10)","NAO","",""
"Estoque / Produtos","R57","Tabela do Sistema Petrus","R57_ALIQUOTA_IBS_UF_DIFERIMENTO","numeric(9)","NAO","",""
"Estoque / Produtos","R57","Tabela do Sistema Petrus","R57_VALOR_IBS_UF_DIFERIMENTO","numeric(9)","NAO","","Campo monetário"
"Estoque / Produtos","R57","Tabela do Sistema Petrus","R57_ALIQUOTA_IBS_MUN_DIFERIMENTO","numeric(9)","NAO","",""
"Estoque / Produtos","R57","Tabela do Sistema Petrus","R57_VALOR_IBS_MUN_DIFERIMENTO","numeric(9)","NAO","","Campo monetário"
"Estoque / Produtos","R57","Tabela do Sistema Petrus","R57_ALIQUOTA_IBS_UF_EFETIVA","numeric(9)","NAO","",""
"Estoque / Produtos","R57","Tabela do Sistema Petrus","R57_ALIQUOTA_IBS_UF_REDUCAO","numeric(9)","NAO","",""
"Estoque / Produtos","R57","Tabela do Sistema Petrus","R57_ALIQUOTA_IBS_MUN_EFETIVA","numeric(9)","NAO","",""
"Estoque / Produtos","R57","Tabela do Sistema Petrus","R57_ALIQUOTA_IBS_MUN_REDUCAO","numeric(9)","NAO","",""
"Estoque / Produtos","R57","Tabela do Sistema Petrus","R57_VALOR_IBS_UF_DEV_TRIB","numeric(9)","NAO","","Campo monetário"
"Estoque / Produtos","R57","Tabela do Sistema Petrus","R57_VALOR_IBS_MUN_DEV_TRIB","numeric(9)","NAO","","Campo monetário"
"Estoque / Produtos","R57","Tabela do Sistema Petrus","R57_ALIQUOTA_CBS_DIFERIMENTO","numeric(9)","NAO","",""
"Estoque / Produtos","R57","Tabela do Sistema Petrus","R57_VALOR_CBS_DIFERIMENTO","numeric(9)","NAO","","Campo monetário"
"Estoque / Produtos","R57","Tabela do Sistema Petrus","R57_VALOR_CBS_DEV_TRIB","numeric(9)","NAO","","Campo monetário"
"Estoque / Produtos","R57","Tabela do Sistema Petrus","R57_ALIQUOTA_CBS_EFETIVA","numeric(9)","NAO","",""
"Estoque / Produtos","R57","Tabela do Sistema Petrus","R57_ALIQUOTA_CBS_REDUCAO","numeric(9)","NAO","",""
"Estoque / Produtos","R57","Tabela do Sistema Petrus","R57_CCRED_PRES_IBS","varchar(10)","NAO","",""
"Estoque / Produtos","R57","Tabela do Sistema Petrus","R57_ALIQUOTA_IBS_CREDITO_PRESUMIDO","numeric(9)","NAO","",""
"Estoque / Produtos","R57","Tabela do Sistema Petrus","R57_VALOR_IBS_CREDITO_PRESUMIDO","numeric(9)","NAO","","Campo monetário"
"Estoque / Produtos","R57","Tabela do Sistema Petrus","R57_CCRED_PRES_CBS","varchar(10)","NAO","",""
"Estoque / Produtos","R57","Tabela do Sistema Petrus","R57_ALIQUOTA_CBS_CREDITO_PRESUMIDO","numeric(9)","NAO","",""
"Estoque / Produtos","R57","Tabela do Sistema Petrus","R57_VALOR_CBS_CREDITO_PRESUMIDO","numeric(9)","NAO","","Campo monetário"
"Estoque / Produtos","R57","Tabela do Sistema Petrus","R57_VALOR_IBS_MONO","numeric(9)","NAO","","Campo monetário"
"Estoque / Produtos","R57","Tabela do Sistema Petrus","R57_VALOR_CBS_MONO","numeric(9)","NAO","","Campo monetário"
"Estoque / Produtos","R57","Tabela do Sistema Petrus","R57_VALOR_IBS_MONO_RETENCAO","numeric(9)","NAO","","Campo monetário"
"Estoque / Produtos","R57","Tabela do Sistema Petrus","R57_VALOR_CBS_MONO_RETENCAO","numeric(9)","NAO","","Campo monetário"
"Estoque / Produtos","R57","Tabela do Sistema Petrus","R57_VALOR_IBS_MONO_RETIDO","numeric(9)","NAO","","Campo monetário"
"Estoque / Produtos","R57","Tabela do Sistema Petrus","R57_VALOR_CBS_MONO_RETIDO","numeric(9)","NAO","","Campo monetário"
"Estoque / Produtos","R57","Tabela do Sistema Petrus","R57_ALIQUOTA_CBS_MONO_DIFERIMENTO","numeric(9)","NAO","",""
"Estoque / Produtos","R57","Tabela do Sistema Petrus","R57_VALOR_CBS_MONO_DIFERIMENTO","numeric(9)","NAO","","Campo monetário"
"Estoque / Produtos","R57","Tabela do Sistema Petrus","R57_ALIQUOTA_IBS_MONO_DIFERIMENTO","numeric(9)","NAO","",""
"Estoque / Produtos","R57","Tabela do Sistema Petrus","R57_VALOR_IBS_MONO_DIFERIMENTO","numeric(9)","NAO","","Campo monetário"
"Estoque / Produtos","R57","Tabela do Sistema Petrus","R57_VALOR_IBS_TOTAL_MONO","numeric(9)","NAO","","Campo monetário"
"Estoque / Produtos","R57","Tabela do Sistema Petrus","R57_VALOR_CBS_TOTAL_MONO","numeric(9)","NAO","","Campo monetário"
"Estoque / Produtos","R57","Tabela do Sistema Petrus","R57_ALIQUOTA_IBS_UF_REGULAR","numeric(9)","NAO","",""
"Estoque / Produtos","R57","Tabela do Sistema Petrus","R57_ALIQUOTA_IBS_MUN_REGULAR","numeric(9)","NAO","",""
"Estoque / Produtos","R57","Tabela do Sistema Petrus","R57_ALIQUOTA_CBS_REGULAR","numeric(9)","NAO","",""
"Estoque / Produtos","R57","Tabela do Sistema Petrus","R57_VALOR_IBS_UF_REGULAR","numeric(9)","NAO","","Campo monetário"
"Estoque / Produtos","R57","Tabela do Sistema Petrus","R57_VALOR_IBS_MUN_REGULAR","numeric(9)","NAO","","Campo monetário"
"Estoque / Produtos","R57","Tabela do Sistema Petrus","R57_VALOR_CBS_REGULAR","numeric(9)","NAO","","Campo monetário"
"Estoque / Produtos","R57","Tabela do Sistema Petrus","R57_CST_IBS_CBS_REGULAR","varchar(10)","NAO","",""
"Estoque / Produtos","R57","Tabela do Sistema Petrus","R57_CLASS_TRIB_REGULAR","varchar(10)","NAO","",""
"Estoque / Produtos","R57","Tabela do Sistema Petrus","R57_ITEM_REFERENCIADO","int(4)","NAO","",""
"Comercial / Vendas / Compras","R58","Tabela do Sistema Petrus","R58_DATA_BASE","datetime(8)","NAO","",""
"Comercial / Vendas / Compras","R58","Tabela do Sistema Petrus","R58_DATA_VENCIMENTO","datetime(8)","NAO","",""
"Comercial / Vendas / Compras","R58","Tabela do Sistema Petrus","R58_PARCELA","int(4)","NAO","",""
"Comercial / Vendas / Compras","R58","Tabela do Sistema Petrus","R7_ID","int(4)","NAO","R7",""
"Comercial / Vendas / Compras","R58","Tabela do Sistema Petrus","N22_ID","int(4)","NAO","N22",""
"Comercial / Vendas / Compras","R58","Tabela do Sistema Petrus","R58_DIAS","int(4)","NAO","",""
"Comercial / Vendas / Compras","R58","Tabela do Sistema Petrus","R58_VALOR_PARCELA","numeric(9)","NAO","","Campo monetário"
"Comercial / Vendas / Compras","R58","Tabela do Sistema Petrus","R58_ID","int(4)","SIM","",""
"Comercial / Vendas / Compras","R58","Tabela do Sistema Petrus","R58_SELECIONE","bit(1)","NAO","",""
"Comercial / Vendas / Compras","R58","Tabela do Sistema Petrus","R58_DATA_INCLUSAO","datetime(8)","NAO","",""
"Comercial / Vendas / Compras","R58","Tabela do Sistema Petrus","R58_DATA_ALTERACAO","datetime(8)","NAO","",""
"Comercial / Vendas / Compras","R58","Tabela do Sistema Petrus","R58_USUARIO_INCLUSAO","varchar(50)","NAO","",""
"Comercial / Vendas / Compras","R58","Tabela do Sistema Petrus","R58_USUARIO_ALTERACAO","varchar(50)","NAO","",""
"Comercial / Vendas / Compras","R58","Tabela do Sistema Petrus","S1_ID","int(4)","NAO","S1",""
"Comercial / Vendas / Compras","R58","Tabela do Sistema Petrus","R13_ID","int(4)","NAO","R13",""
"Comercial / Vendas / Compras","R58","Tabela do Sistema Petrus","N49_ID","int(4)","NAO","N49",""
"Comercial / Vendas / Compras","R58","Tabela do Sistema Petrus","R50_ID","int(4)","NAO","R50",""
"Comercial / Vendas / Compras","R58","Tabela do Sistema Petrus","R58_COMISSAO","numeric(9)","NAO","",""
"Comercial / Vendas / Compras","R58","Tabela do Sistema Petrus","R58_VALOR_COMISSAO","numeric(9)","NAO","","Campo monetário"
"Comercial / Vendas / Compras","R58","Tabela do Sistema Petrus","R58_BASE_COMISSAO","numeric(9)","NAO","",""
"Comercial / Vendas / Compras","R58","Tabela do Sistema Petrus","R2_ID","int(4)","NAO","R2",""
"Comercial / Vendas / Compras","R58","Tabela do Sistema Petrus","R4_ID","int(4)","NAO","R4",""
"Comercial / Vendas / Compras","R58","Tabela do Sistema Petrus","R58_FORMA_RECEBIMENTO","varchar(50)","NAO","",""
"Comercial / Vendas / Compras","R58","Tabela do Sistema Petrus","R58_PREFIXO","varchar(50)","NAO","",""
"Comercial / Vendas / Compras","R58","Tabela do Sistema Petrus","R58_NUMERO_DOCUMENTO","varchar(20)","NAO","",""
"Comercial / Vendas / Compras","R58","Tabela do Sistema Petrus","L10_ID","int(4)","NAO","L10",""
"Comercial / Vendas / Compras","R58","Tabela do Sistema Petrus","N90_ID","int(4)","NAO","N90",""
"Comercial / Vendas / Compras","R61","Tabela do Sistema Petrus","R61_ID","int(4)","SIM","",""
"Comercial / Vendas / Compras","R61","Tabela do Sistema Petrus","S1_ID","int(4)","NAO","S1",""
"Comercial / Vendas / Compras","R61","Tabela do Sistema Petrus","R61_SELECIONE","bit(1)","NAO","",""
"Comercial / Vendas / Compras","R61","Tabela do Sistema Petrus","R61_DATA_INCLUSAO","datetime(8)","NAO","",""
"Comercial / Vendas / Compras","R61","Tabela do Sistema Petrus","R61_DATA_ALTERACAO","datetime(8)","NAO","",""
"Comercial / Vendas / Compras","R61","Tabela do Sistema Petrus","R61_USUARIO_INCLUSAO","varchar(50)","NAO","",""
"Comercial / Vendas / Compras","R61","Tabela do Sistema Petrus","R61_USUARIO_ALTERACAO","varchar(50)","NAO","",""
"Comercial / Vendas / Compras","R61","Tabela do Sistema Petrus","R61_DESCRICAO","varchar(300)","NAO","",""
"Comercial / Vendas / Compras","R61","Tabela do Sistema Petrus","R61_PRODUTO","varchar(50)","NAO","",""
"Comercial / Vendas / Compras","R61","Tabela do Sistema Petrus","R61_QTD_EMB","numeric(9)","NAO","",""
"Comercial / Vendas / Compras","R61","Tabela do Sistema Petrus","R61_VALOR_TABELA","numeric(9)","NAO","","Campo monetário"
"Comercial / Vendas / Compras","R61","Tabela do Sistema Petrus","R43_ID","int(4)","NAO","R43",""
"Comercial / Vendas / Compras","R61","Tabela do Sistema Petrus","G6_ID","int(4)","NAO","G6",""
"Comercial / Vendas / Compras","R61","Tabela do Sistema Petrus","R61_CUSTO","numeric(9)","NAO","",""
"Comercial / Vendas / Compras","R61","Tabela do Sistema Petrus","R61_CUSTO_INICIAL","numeric(9)","NAO","",""
"Estoque / Produtos","R62","Tabela do Sistema Petrus","R62_CUBAGEM","numeric(9)","NAO","",""
"Estoque / Produtos","R62","Tabela do Sistema Petrus","R62_PESO_BRUTO","numeric(9)","NAO","",""
"Estoque / Produtos","R62","Tabela do Sistema Petrus","R62_PESO_LIQUIDO","numeric(9)","NAO","",""
"Estoque / Produtos","R62","Tabela do Sistema Petrus","R62_QTD","numeric(9)","NAO","",""
"Estoque / Produtos","R62","Tabela do Sistema Petrus","R62_QTD_EMB","numeric(9)","NAO","",""
"Estoque / Produtos","R62","Tabela do Sistema Petrus","R62_SUBTOTAL","numeric(9)","NAO","",""
"Estoque / Produtos","R62","Tabela do Sistema Petrus","R62_VALOR_TOTAL","numeric(9)","NAO","","Campo monetário"
"Estoque / Produtos","R62","Tabela do Sistema Petrus","R62_VALOR_UNITARIO","numeric(9)","NAO","","Campo monetário"
"Estoque / Produtos","R62","Tabela do Sistema Petrus","R62_VOLUME","numeric(9)","NAO","",""
"Estoque / Produtos","R62","Tabela do Sistema Petrus","R62_DESCONTO","numeric(9)","NAO","",""
"Estoque / Produtos","R62","Tabela do Sistema Petrus","R62_NCM","varchar(15)","NAO","",""
"Estoque / Produtos","R62","Tabela do Sistema Petrus","R62_PRODUTO","varchar(50)","NAO","",""
"Estoque / Produtos","R62","Tabela do Sistema Petrus","R62_UN","varchar(50)","NAO","",""
"Estoque / Produtos","R62","Tabela do Sistema Petrus","R8_ID","int(4)","NAO","R8",""
"Estoque / Produtos","R62","Tabela do Sistema Petrus","R62_ID","int(4)","SIM","",""
"Estoque / Produtos","R62","Tabela do Sistema Petrus","R62_SELECIONE","bit(1)","NAO","",""
"Estoque / Produtos","R62","Tabela do Sistema Petrus","R62_DATA_INCLUSAO","datetime(8)","NAO","",""
"Estoque / Produtos","R62","Tabela do Sistema Petrus","R62_DATA_ALTERACAO","datetime(8)","NAO","",""
"Estoque / Produtos","R62","Tabela do Sistema Petrus","R62_USUARIO_INCLUSAO","varchar(50)","NAO","",""
"Estoque / Produtos","R62","Tabela do Sistema Petrus","R62_USUARIO_ALTERACAO","varchar(50)","NAO","",""
"Estoque / Produtos","R62","Tabela do Sistema Petrus","S1_ID","int(4)","NAO","S1",""
"Estoque / Produtos","R62","Tabela do Sistema Petrus","R62_EAN13_GTIN","varchar(15)","NAO","",""
"Estoque / Produtos","R62","Tabela do Sistema Petrus","R62_DESCRICAO","varchar(300)","NAO","",""
"Estoque / Produtos","R62","Tabela do Sistema Petrus","R62_ITEM","int(4)","NAO","",""
"Estoque / Produtos","R62","Tabela do Sistema Petrus","V1_ID","int(4)","NAO","V1",""
"Estoque / Produtos","R62","Tabela do Sistema Petrus","A3_ID","int(4)","NAO","A3",""
"Estoque / Produtos","R62","Tabela do Sistema Petrus","R62_VALOR_PROPOSTO","numeric(9)","NAO","","Campo monetário"
"Estoque / Produtos","R62","Tabela do Sistema Petrus","R62_VALOR_SUGERIDO","numeric(9)","NAO","","Campo monetário"
"Estoque / Produtos","R62","Tabela do Sistema Petrus","R62_VALOR_TABELA","numeric(9)","NAO","","Campo monetário"
"Estoque / Produtos","R62","Tabela do Sistema Petrus","R49_ID","int(4)","NAO","R49",""
"Estoque / Produtos","R62","Tabela do Sistema Petrus","G6_ID","int(4)","NAO","G6",""
"Estoque / Produtos","R62","Tabela do Sistema Petrus","R62_VALOR_DESCONTO","numeric(9)","NAO","","Campo monetário"
"Estoque / Produtos","R62","Tabela do Sistema Petrus","R62_CEST","varchar(20)","NAO","",""
"Estoque / Produtos","R62","Tabela do Sistema Petrus","G17_ID","int(4)","NAO","G17",""
"Estoque / Produtos","R62","Tabela do Sistema Petrus","R62_ENDERECO","varchar(50)","NAO","",""
"Estoque / Produtos","R62","Tabela do Sistema Petrus","R62_PRECO_CUSTO","numeric(9)","NAO","",""
"Estoque / Produtos","R62","Tabela do Sistema Petrus","R62_VALOR_FRETE","numeric(9)","NAO","","Campo monetário"
"Estoque / Produtos","R62","Tabela do Sistema Petrus","R62_VALOR_SEGURO","numeric(9)","NAO","","Campo monetário"
"Estoque / Produtos","R62","Tabela do Sistema Petrus","R62_VALOR_OUTRAS_DESPESAS","numeric(9)","NAO","","Campo monetário"
"Estoque / Produtos","R62","Tabela do Sistema Petrus","R13_ID","int(4)","NAO","R13",""
"Comercial / Vendas / Compras","R63","Tabela do Sistema Petrus","R63_DATA_BASE","datetime(8)","NAO","",""
"Comercial / Vendas / Compras","R63","Tabela do Sistema Petrus","R63_DATA_VENCIMENTO","datetime(8)","NAO","",""
"Comercial / Vendas / Compras","R63","Tabela do Sistema Petrus","R63_PARCELA","int(4)","NAO","",""
"Comercial / Vendas / Compras","R63","Tabela do Sistema Petrus","R8_ID","int(4)","NAO","R8",""
"Comercial / Vendas / Compras","R63","Tabela do Sistema Petrus","N22_ID","int(4)","NAO","N22",""
"Comercial / Vendas / Compras","R63","Tabela do Sistema Petrus","R63_DIAS","int(4)","NAO","",""
"Comercial / Vendas / Compras","R63","Tabela do Sistema Petrus","R63_VALOR_PARCELA","numeric(9)","NAO","","Campo monetário"
"Comercial / Vendas / Compras","R63","Tabela do Sistema Petrus","R63_ID","int(4)","SIM","",""
"Comercial / Vendas / Compras","R63","Tabela do Sistema Petrus","R63_SELECIONE","bit(1)","NAO","",""
"Comercial / Vendas / Compras","R63","Tabela do Sistema Petrus","R63_DATA_INCLUSAO","datetime(8)","NAO","",""
"Comercial / Vendas / Compras","R63","Tabela do Sistema Petrus","R63_DATA_ALTERACAO","datetime(8)","NAO","",""
"Comercial / Vendas / Compras","R63","Tabela do Sistema Petrus","R63_USUARIO_INCLUSAO","varchar(50)","NAO","",""
"Comercial / Vendas / Compras","R63","Tabela do Sistema Petrus","R63_USUARIO_ALTERACAO","varchar(50)","NAO","",""
"Comercial / Vendas / Compras","R63","Tabela do Sistema Petrus","S1_ID","int(4)","NAO","S1",""
"Comercial / Vendas / Compras","R63","Tabela do Sistema Petrus","R13_ID","int(4)","NAO","R13",""
"Comercial / Vendas / Compras","R63","Tabela do Sistema Petrus","N49_ID","int(4)","NAO","N49",""
"Comercial / Vendas / Compras","R63","Tabela do Sistema Petrus","R50_ID","int(4)","NAO","R50",""
"Comercial / Vendas / Compras","R63","Tabela do Sistema Petrus","R63_COMISSAO","numeric(9)","NAO","",""
"Comercial / Vendas / Compras","R63","Tabela do Sistema Petrus","R63_VALOR_COMISSAO","numeric(9)","NAO","","Campo monetário"
"Comercial / Vendas / Compras","R63","Tabela do Sistema Petrus","R63_BASE_COMISSAO","numeric(9)","NAO","",""
"Comercial / Vendas / Compras","R63","Tabela do Sistema Petrus","R2_ID","int(4)","NAO","R2",""
"Comercial / Vendas / Compras","R63","Tabela do Sistema Petrus","R4_ID","int(4)","NAO","R4",""
"Comercial / Vendas / Compras","R63","Tabela do Sistema Petrus","R63_FORMA_RECEBIMENTO","varchar(50)","NAO","",""
"Comercial / Vendas / Compras","R63","Tabela do Sistema Petrus","R63_PREFIXO","varchar(50)","NAO","",""
"Comercial / Vendas / Compras","R63","Tabela do Sistema Petrus","L10_ID","int(4)","NAO","L10",""
"Comercial / Vendas / Compras","R63","Tabela do Sistema Petrus","N90_ID","int(4)","NAO","N90",""
"Estoque / Produtos","R7","Tabela do Sistema Petrus","R7_ID","int(4)","SIM","",""
"Estoque / Produtos","R7","Tabela do Sistema Petrus","S1_ID","int(4)","NAO","S1",""
"Estoque / Produtos","R7","Tabela do Sistema Petrus","R7_SELECIONE","bit(1)","NAO","",""
"Estoque / Produtos","R7","Tabela do Sistema Petrus","R7_DATA_INCLUSAO","datetime(8)","NAO","",""
"Estoque / Produtos","R7","Tabela do Sistema Petrus","R7_DATA_ALTERACAO","datetime(8)","NAO","",""
"Estoque / Produtos","R7","Tabela do Sistema Petrus","R7_USUARIO_INCLUSAO","varchar(50)","NAO","",""
"Estoque / Produtos","R7","Tabela do Sistema Petrus","R7_USUARIO_ALTERACAO","varchar(50)","NAO","",""
"Estoque / Produtos","R7","Tabela do Sistema Petrus","R7_DATA_CANCELAMENTO","datetime(8)","NAO","",""
"Estoque / Produtos","R7","Tabela do Sistema Petrus","R7_DATA_DEVOLUCAO","datetime(8)","NAO","",""
"Estoque / Produtos","R7","Tabela do Sistema Petrus","R7_DATA_EMISSAO","datetime(8)","NAO","",""
"Estoque / Produtos","R7","Tabela do Sistema Petrus","R7_CUBAGEM","numeric(9)","NAO","",""
"Estoque / Produtos","R7","Tabela do Sistema Petrus","R7_DESCONTO","numeric(9)","NAO","",""
"Estoque / Produtos","R7","Tabela do Sistema Petrus","R7_PECAS","numeric(9)","NAO","",""
"Estoque / Produtos","R7","Tabela do Sistema Petrus","R7_PESO_BRUTO","numeric(9)","NAO","",""
"Estoque / Produtos","R7","Tabela do Sistema Petrus","R7_PESO_LIQUIDO","numeric(9)","NAO","",""
"Estoque / Produtos","R7","Tabela do Sistema Petrus","R7_VALOR_DESCONTO","numeric(9)","NAO","","Campo monetário"
"Estoque / Produtos","R7","Tabela do Sistema Petrus","R7_VALOR_FRETE","numeric(9)","NAO","","Campo monetário"
"Estoque / Produtos","R7","Tabela do Sistema Petrus","R7_VALOR_IPI","numeric(9)","NAO","","Campo monetário"
"Estoque / Produtos","R7","Tabela do Sistema Petrus","R7_VALOR_OUTRAS_DESPESAS","numeric(9)","NAO","","Campo monetário"
"Estoque / Produtos","R7","Tabela do Sistema Petrus","R7_VALOR_SEGURO","numeric(9)","NAO","","Campo monetário"
"Estoque / Produtos","R7","Tabela do Sistema Petrus","R7_SUBTOTAL","numeric(9)","NAO","",""
"Estoque / Produtos","R7","Tabela do Sistema Petrus","R7_VALOR_TOTAL","numeric(9)","NAO","","Campo monetário"
"Estoque / Produtos","R7","Tabela do Sistema Petrus","R7_VOLUMES","numeric(9)","NAO","",""
"Estoque / Produtos","R7","Tabela do Sistema Petrus","R2_ID","int(4)","NAO","R2",""
"Estoque / Produtos","R7","Tabela do Sistema Petrus","N47_ID","int(4)","NAO","N47",""
"Estoque / Produtos","R7","Tabela do Sistema Petrus","X13_ID","int(4)","NAO","X13",""
"Estoque / Produtos","R7","Tabela do Sistema Petrus","N49_ID","int(4)","NAO","N49",""
"Estoque / Produtos","R7","Tabela do Sistema Petrus","R43_ID","int(4)","NAO","R43",""
"Estoque / Produtos","R7","Tabela do Sistema Petrus","J2_ID","int(4)","NAO","J2",""
"Estoque / Produtos","R7","Tabela do Sistema Petrus","R4_ID","int(4)","NAO","R4",""
"Estoque / Produtos","R7","Tabela do Sistema Petrus","R7_DESTINO","varchar(50)","NAO","",""
"Estoque / Produtos","R7","Tabela do Sistema Petrus","R7_FRETE","varchar(15)","NAO","",""
"Estoque / Produtos","R7","Tabela do Sistema Petrus","R7_OBS","varchar(-1)","NAO","",""
"Estoque / Produtos","R7","Tabela do Sistema Petrus","R7_STATUS","varchar(15)","NAO","","Máquina de estados (Aberto, Fechado, etc)"
"Estoque / Produtos","R7","Tabela do Sistema Petrus","J2_ID_1","int(4)","NAO","",""
"Estoque / Produtos","R7","Tabela do Sistema Petrus","R7_NF","int(4)","NAO","",""
"Estoque / Produtos","R7","Tabela do Sistema Petrus","R7_SERIE","varchar(10)","NAO","",""
"Estoque / Produtos","R7","Tabela do Sistema Petrus","R7_HORA_EMISSAO","datetime(8)","NAO","",""
"Estoque / Produtos","R7","Tabela do Sistema Petrus","R7_CHAVE_NFE","varchar(50)","NAO","",""
"Estoque / Produtos","R7","Tabela do Sistema Petrus","R7_DATA_AUTORIZACAO_NFE","datetime(8)","NAO","",""
"Estoque / Produtos","R7","Tabela do Sistema Petrus","R7_HORA_AUTORIZACAO_NFE","datetime(8)","NAO","",""
"Estoque / Produtos","R7","Tabela do Sistema Petrus","R7_PROTOCOLO_AUTORIZACAO_NFE","varchar(50)","NAO","",""
"Estoque / Produtos","R7","Tabela do Sistema Petrus","R7_CODIGO_VERIFICACAO_NFE","varchar(50)","NAO","",""
"Estoque / Produtos","R7","Tabela do Sistema Petrus","R13_ID","int(4)","NAO","R13",""
"Estoque / Produtos","R7","Tabela do Sistema Petrus","R7_BASE_ICMS","numeric(9)","NAO","",""
"Estoque / Produtos","R7","Tabela do Sistema Petrus","R7_BASE_ICMS_ST","numeric(9)","NAO","",""
"Estoque / Produtos","R7","Tabela do Sistema Petrus","R7_BASE_IPI","numeric(9)","NAO","",""
"Estoque / Produtos","R7","Tabela do Sistema Petrus","R7_ORDEM_COMPRA","varchar(20)","NAO","",""
"Estoque / Produtos","R7","Tabela do Sistema Petrus","R7_TERMO_RESPONSABILIDADE","bit(1)","NAO","",""
"Estoque / Produtos","R7","Tabela do Sistema Petrus","R7_VALOR_COMISSAO","numeric(9)","NAO","","Campo monetário"
"Estoque / Produtos","R7","Tabela do Sistema Petrus","R7_VALOR_ICMS","numeric(9)","NAO","","Campo monetário"
"Estoque / Produtos","R7","Tabela do Sistema Petrus","R7_VALOR_ICMS_DESTINO","numeric(9)","NAO","","Campo monetário"
"Estoque / Produtos","R7","Tabela do Sistema Petrus","R7_VALOR_ICMS_FCP","numeric(9)","NAO","","Campo monetário"
"Estoque / Produtos","R7","Tabela do Sistema Petrus","R7_VALOR_ICMS_ORIGEM","numeric(9)","NAO","","Campo monetário"
"Estoque / Produtos","R7","Tabela do Sistema Petrus","R7_VALOR_ICMS_ST","numeric(9)","NAO","","Campo monetário"
"Estoque / Produtos","R7","Tabela do Sistema Petrus","R7_VALOR_ICMS_ST_FCP","numeric(9)","NAO","","Campo monetário"
"Estoque / Produtos","R7","Tabela do Sistema Petrus","R7_COMISSIONAMENTO","varchar(50)","NAO","",""
"Estoque / Produtos","R7","Tabela do Sistema Petrus","R7_XML","xml(-1)","NAO","",""
"Estoque / Produtos","R7","Tabela do Sistema Petrus","R7_LOGRADOURO","varchar(200)","NAO","",""
"Estoque / Produtos","R7","Tabela do Sistema Petrus","R7_NUMERO","varchar(50)","NAO","",""
"Estoque / Produtos","R7","Tabela do Sistema Petrus","R7_BAIRRO","varchar(100)","NAO","",""
"Estoque / Produtos","R7","Tabela do Sistema Petrus","R7_COMPLEMENTO","varchar(100)","NAO","",""
"Estoque / Produtos","R7","Tabela do Sistema Petrus","X4_ID","int(4)","NAO","X4",""
"Estoque / Produtos","R7","Tabela do Sistema Petrus","X10_ID","int(4)","NAO","X10",""
"Estoque / Produtos","R7","Tabela do Sistema Petrus","X12_ID","int(4)","NAO","X12",""
"Estoque / Produtos","R7","Tabela do Sistema Petrus","R7_CNPJ_CPF","varchar(20)","NAO","",""
"Estoque / Produtos","R7","Tabela do Sistema Petrus","R7_CEP","varchar(20)","NAO","",""
"Estoque / Produtos","R7","Tabela do Sistema Petrus","J40_ID_1","int(4)","NAO","",""
"Estoque / Produtos","R7","Tabela do Sistema Petrus","J40_ID","int(4)","NAO","J40",""
"Estoque / Produtos","R7","Tabela do Sistema Petrus","X9_ID","int(4)","NAO","X9",""
"Estoque / Produtos","R7","Tabela do Sistema Petrus","R7_COMISSAO","numeric(9)","NAO","",""
"Estoque / Produtos","R7","Tabela do Sistema Petrus","R7_TIPO","varchar(15)","NAO","",""
"Estoque / Produtos","R7","Tabela do Sistema Petrus","R7_CODIGO_STATUS","int(4)","NAO","","Máquina de estados (Aberto, Fechado, etc)"
"Estoque / Produtos","R7","Tabela do Sistema Petrus","R7_MOTIVO","varchar(-1)","NAO","",""
"Estoque / Produtos","R7","Tabela do Sistema Petrus","R7_EMAIL","varchar(500)","NAO","",""
"Estoque / Produtos","R7","Tabela do Sistema Petrus","R7_FONE_1","varchar(20)","NAO","",""
"Estoque / Produtos","R7","Tabela do Sistema Petrus","R7_IE_RG","varchar(20)","NAO","",""
"Estoque / Produtos","R7","Tabela do Sistema Petrus","R7_IE_ISENTO","bit(1)","NAO","",""
"Estoque / Produtos","R7","Tabela do Sistema Petrus","R7_TIPO_SAIDA","varchar(20)","NAO","",""
"Estoque / Produtos","R7","Tabela do Sistema Petrus","I5_ID","int(4)","NAO","I5",""
"Estoque / Produtos","R7","Tabela do Sistema Petrus","R7_DESTINATARIO","varchar(300)","NAO","",""
"Estoque / Produtos","R7","Tabela do Sistema Petrus","X26_ID","int(4)","NAO","X26",""
"Estoque / Produtos","R7","Tabela do Sistema Petrus","R7_TIPO_PESSOA","varchar(20)","NAO","",""
"Estoque / Produtos","R7","Tabela do Sistema Petrus","R7_FONE_2","varchar(20)","NAO","",""
"Estoque / Produtos","R7","Tabela do Sistema Petrus","R7_DATA_SAIDA","datetime(8)","NAO","",""
"Estoque / Produtos","R7","Tabela do Sistema Petrus","R7_HORA_SAIDA","datetime(8)","NAO","",""
"Estoque / Produtos","R7","Tabela do Sistema Petrus","R7_SUFRAMA","varchar(50)","NAO","",""
"Estoque / Produtos","R7","Tabela do Sistema Petrus","R7_NOME_1","varchar(300)","NAO","",""
"Estoque / Produtos","R7","Tabela do Sistema Petrus","R7_CNPJ_CPF_1","varchar(20)","NAO","",""
"Estoque / Produtos","R7","Tabela do Sistema Petrus","R7_ENDERECO_1","varchar(150)","NAO","",""
"Estoque / Produtos","R7","Tabela do Sistema Petrus","X4_ID_1","int(4)","NAO","",""
"Estoque / Produtos","R7","Tabela do Sistema Petrus","X12_ID_1","int(4)","NAO","",""
"Estoque / Produtos","R7","Tabela do Sistema Petrus","R7_IE_RG_1","varchar(20)","NAO","",""
"Estoque / Produtos","R7","Tabela do Sistema Petrus","R7_IE_ISENTO_1","bit(1)","NAO","",""
"Estoque / Produtos","R7","Tabela do Sistema Petrus","R7_PLACA_1","varchar(20)","NAO","",""
"Estoque / Produtos","R7","Tabela do Sistema Petrus","X12_ID_2","int(4)","NAO","",""
"Estoque / Produtos","R7","Tabela do Sistema Petrus","R7_ESPECIE","varchar(20)","NAO","",""
"Estoque / Produtos","R7","Tabela do Sistema Petrus","R7_MARCA","varchar(20)","NAO","",""
"Estoque / Produtos","R7","Tabela do Sistema Petrus","R7_NUMERACAO","varchar(20)","NAO","",""
"Estoque / Produtos","R7","Tabela do Sistema Petrus","R7_TELEFONE_1","varchar(20)","NAO","",""
"Estoque / Produtos","R7","Tabela do Sistema Petrus","R7_NOME_2","varchar(300)","NAO","",""
"Estoque / Produtos","R7","Tabela do Sistema Petrus","R7_CNPJ_CPF_2","varchar(20)","NAO","",""
"Estoque / Produtos","R7","Tabela do Sistema Petrus","R7_ENDERECO_2","varchar(150)","NAO","",""
"Estoque / Produtos","R7","Tabela do Sistema Petrus","X4_ID_2","int(4)","NAO","",""
"Estoque / Produtos","R7","Tabela do Sistema Petrus","X12_ID_3","int(4)","NAO","",""
"Estoque / Produtos","R7","Tabela do Sistema Petrus","R7_IE_RG_2","varchar(20)","NAO","",""
"Estoque / Produtos","R7","Tabela do Sistema Petrus","R7_IE_ISENTO_2","bit(1)","NAO","",""
"Estoque / Produtos","R7","Tabela do Sistema Petrus","R7_TELEFONE_2","varchar(20)","NAO","",""
"Estoque / Produtos","R7","Tabela do Sistema Petrus","X32_ID","int(4)","NAO","X32",""
"Estoque / Produtos","R7","Tabela do Sistema Petrus","R7_CONSUMIDOR_FINAL","bit(1)","NAO","",""
"Estoque / Produtos","R7","Tabela do Sistema Petrus","R7_FINALIDADE","varchar(50)","NAO","",""
"Estoque / Produtos","R7","Tabela do Sistema Petrus","R7_OBS_FISCAIS","varchar(-1)","NAO","",""
"Estoque / Produtos","R7","Tabela do Sistema Petrus","R7_VALOR_APROX_TRIBUTOS","numeric(9)","NAO","","Campo monetário"
"Estoque / Produtos","R7","Tabela do Sistema Petrus","R7_VALOR_ICMS_FCP_PARTILHA","numeric(9)","NAO","","Campo monetário"
"Estoque / Produtos","R7","Tabela do Sistema Petrus","R7_VALOR_ICMS_FCP_ST_RETIDO","numeric(9)","NAO","","Campo monetário"
"Estoque / Produtos","R7","Tabela do Sistema Petrus","R7_VALOR_IPI_DEVOLVIDO","numeric(9)","NAO","","Campo monetário"
"Estoque / Produtos","R7","Tabela do Sistema Petrus","R7_CHAVE_NFE_REFERENCIADA","varchar(50)","NAO","",""
"Estoque / Produtos","R7","Tabela do Sistema Petrus","R7_PARTILHA_ICMS_INTERESTADUAL","numeric(9)","NAO","",""
"Estoque / Produtos","R7","Tabela do Sistema Petrus","R7_GERADO","bit(1)","NAO","",""
"Estoque / Produtos","R7","Tabela do Sistema Petrus","I11_ID","int(4)","NAO","I11",""
"Estoque / Produtos","R7","Tabela do Sistema Petrus","R7_AUTORIZADO","bit(1)","NAO","",""
"Estoque / Produtos","R7","Tabela do Sistema Petrus","R7_DATA_CORRECAO","datetime(8)","NAO","",""
"Estoque / Produtos","R7","Tabela do Sistema Petrus","R7_DATA_GERACAO","datetime(8)","NAO","",""
"Estoque / Produtos","R7","Tabela do Sistema Petrus","R7_EVENTO","int(4)","NAO","",""
"Estoque / Produtos","R7","Tabela do Sistema Petrus","L71_ID","int(4)","NAO","L71",""
"Estoque / Produtos","R7","Tabela do Sistema Petrus","R7_CORRECAO","varchar(500)","NAO","",""
"Estoque / Produtos","R7","Tabela do Sistema Petrus","R7_XML_CANCELAMENTO","xml(-1)","NAO","",""
"Estoque / Produtos","R7","Tabela do Sistema Petrus","R7_XML_CORRECAO","xml(-1)","NAO","",""
"Estoque / Produtos","R7","Tabela do Sistema Petrus","R7_RECIBO","varchar(50)","NAO","",""
"Estoque / Produtos","R7","Tabela do Sistema Petrus","R7_FONE_3","varchar(20)","NAO","",""
"Estoque / Produtos","R7","Tabela do Sistema Petrus","R7_PROTOCOLO_CANCELAMENTO_NFE","varchar(50)","NAO","",""
"Estoque / Produtos","R7","Tabela do Sistema Petrus","R7_PROTOCOLO_CORRECAO_NFE","varchar(50)","NAO","",""
"Estoque / Produtos","R7","Tabela do Sistema Petrus","R7_BASE_COFINS","numeric(9)","NAO","",""
"Estoque / Produtos","R7","Tabela do Sistema Petrus","R7_VALOR_COFINS","numeric(9)","NAO","","Campo monetário"
"Estoque / Produtos","R7","Tabela do Sistema Petrus","R7_BASE_PIS","numeric(9)","NAO","",""
"Estoque / Produtos","R7","Tabela do Sistema Petrus","R7_VALOR_PIS","numeric(9)","NAO","","Campo monetário"
"Estoque / Produtos","R7","Tabela do Sistema Petrus","R7_ITENS","int(4)","NAO","",""
"Estoque / Produtos","R7","Tabela do Sistema Petrus","A3_ID","int(4)","NAO","A3",""
"Estoque / Produtos","R7","Tabela do Sistema Petrus","R7_VALOR_IS","numeric(9)","NAO","","Campo monetário"
"Estoque / Produtos","R7","Tabela do Sistema Petrus","R7_BASE_IS","numeric(9)","NAO","",""
"Estoque / Produtos","R7","Tabela do Sistema Petrus","R7_VALOR_CBS","numeric(9)","NAO","","Campo monetário"
"Estoque / Produtos","R7","Tabela do Sistema Petrus","R7_BASE_IBS_CBS","numeric(9)","NAO","",""
"Estoque / Produtos","R7","Tabela do Sistema Petrus","R7_VALOR_IBS_UF","numeric(9)","NAO","","Campo monetário"
"Estoque / Produtos","R7","Tabela do Sistema Petrus","R7_VALOR_IBS_MUN","numeric(9)","NAO","","Campo monetário"
"Estoque / Produtos","R7","Tabela do Sistema Petrus","R7_VALOR_IBS_CREDITO_PRESUMIDO","numeric(9)","NAO","","Campo monetário"
"Estoque / Produtos","R7","Tabela do Sistema Petrus","R7_VALOR_IBS_UF_DIFERIMENTO","numeric(9)","NAO","","Campo monetário"
"Estoque / Produtos","R7","Tabela do Sistema Petrus","R7_VALOR_IBS_UF_DEV_TRIB","numeric(9)","NAO","","Campo monetário"
"Estoque / Produtos","R7","Tabela do Sistema Petrus","R7_VALOR_IBS_MUN_DIFERIMENTO","numeric(9)","NAO","","Campo monetário"
"Estoque / Produtos","R7","Tabela do Sistema Petrus","R7_VALOR_IBS_MUN_DEV_TRIB","numeric(9)","NAO","","Campo monetário"
"Estoque / Produtos","R7","Tabela do Sistema Petrus","R7_VALOR_CBS_CREDITO_PRESUMIDO","numeric(9)","NAO","","Campo monetário"
"Estoque / Produtos","R7","Tabela do Sistema Petrus","R7_VALOR_CBS_DIFERIMENTO","numeric(9)","NAO","","Campo monetário"
"Estoque / Produtos","R7","Tabela do Sistema Petrus","R7_VALOR_CBS_DEV_TRIB","numeric(9)","NAO","","Campo monetário"
"Estoque / Produtos","R7","Tabela do Sistema Petrus","R7_VALOR_CBS_MONO","numeric(9)","NAO","","Campo monetário"
"Estoque / Produtos","R7","Tabela do Sistema Petrus","R7_VALOR_IBS_MONO","numeric(9)","NAO","","Campo monetário"
"Estoque / Produtos","R7","Tabela do Sistema Petrus","R7_VALOR_CBS_MONO_RETIDO","numeric(9)","NAO","","Campo monetário"
"Estoque / Produtos","R7","Tabela do Sistema Petrus","R7_VALOR_IBS_MONO_RETIDO","numeric(9)","NAO","","Campo monetário"
"Estoque / Produtos","R7","Tabela do Sistema Petrus","R7_VALOR_CBS_MONO_RETENCAO","numeric(9)","NAO","","Campo monetário"
"Estoque / Produtos","R7","Tabela do Sistema Petrus","R7_VALOR_IBS_MONO_RETENCAO","numeric(9)","NAO","","Campo monetário"
"Estoque / Produtos","R7","Tabela do Sistema Petrus","R7_MOTIVO_CANCELAMENTO","varchar(50)","NAO","",""
"Estoque / Produtos","R7","Tabela do Sistema Petrus","R7_USUARIO_CANCELAMENTO","varchar(50)","NAO","",""
"Estoque / Produtos","R8","Tabela do Sistema Petrus","R8_ID","int(4)","SIM","",""
"Estoque / Produtos","R8","Tabela do Sistema Petrus","S1_ID","int(4)","NAO","S1",""
"Estoque / Produtos","R8","Tabela do Sistema Petrus","R8_SELECIONE","bit(1)","NAO","",""
"Estoque / Produtos","R8","Tabela do Sistema Petrus","R8_DATA_INCLUSAO","datetime(8)","NAO","",""
"Estoque / Produtos","R8","Tabela do Sistema Petrus","R8_DATA_ALTERACAO","datetime(8)","NAO","",""
"Estoque / Produtos","R8","Tabela do Sistema Petrus","R8_USUARIO_INCLUSAO","varchar(50)","NAO","",""
"Estoque / Produtos","R8","Tabela do Sistema Petrus","R8_USUARIO_ALTERACAO","varchar(50)","NAO","",""
"Estoque / Produtos","R8","Tabela do Sistema Petrus","R8_DATA_CANCELAMENTO","datetime(8)","NAO","",""
"Estoque / Produtos","R8","Tabela do Sistema Petrus","R8_DATA_DEVOLUCAO","datetime(8)","NAO","",""
"Estoque / Produtos","R8","Tabela do Sistema Petrus","R8_DATA_EMISSAO","datetime(8)","NAO","",""
"Estoque / Produtos","R8","Tabela do Sistema Petrus","R8_CUBAGEM","numeric(9)","NAO","",""
"Estoque / Produtos","R8","Tabela do Sistema Petrus","R8_DESCONTO","numeric(9)","NAO","",""
"Estoque / Produtos","R8","Tabela do Sistema Petrus","R8_PECAS","numeric(9)","NAO","",""
"Estoque / Produtos","R8","Tabela do Sistema Petrus","R8_PESO_BRUTO","numeric(9)","NAO","",""
"Estoque / Produtos","R8","Tabela do Sistema Petrus","R8_PESO_LIQUIDO","numeric(9)","NAO","",""
"Estoque / Produtos","R8","Tabela do Sistema Petrus","R8_SUBTOTAL","numeric(9)","NAO","",""
"Estoque / Produtos","R8","Tabela do Sistema Petrus","R8_VALOR_TOTAL","numeric(9)","NAO","","Campo monetário"
"Estoque / Produtos","R8","Tabela do Sistema Petrus","R8_VOLUMES","numeric(9)","NAO","",""
"Estoque / Produtos","R8","Tabela do Sistema Petrus","R2_ID","int(4)","NAO","R2",""
"Estoque / Produtos","R8","Tabela do Sistema Petrus","N49_ID","int(4)","NAO","N49",""
"Estoque / Produtos","R8","Tabela do Sistema Petrus","R43_ID","int(4)","NAO","R43",""
"Estoque / Produtos","R8","Tabela do Sistema Petrus","J2_ID","int(4)","NAO","J2",""
"Estoque / Produtos","R8","Tabela do Sistema Petrus","R4_ID","int(4)","NAO","R4",""
"Estoque / Produtos","R8","Tabela do Sistema Petrus","R8_DESTINO","varchar(50)","NAO","",""
"Estoque / Produtos","R8","Tabela do Sistema Petrus","R8_FRETE","varchar(15)","NAO","",""
"Estoque / Produtos","R8","Tabela do Sistema Petrus","R8_OBS","varchar(-1)","NAO","",""
"Estoque / Produtos","R8","Tabela do Sistema Petrus","R8_STATUS","varchar(15)","NAO","","Máquina de estados (Aberto, Fechado, etc)"
"Estoque / Produtos","R8","Tabela do Sistema Petrus","J2_ID_1","int(4)","NAO","",""
"Estoque / Produtos","R8","Tabela do Sistema Petrus","R13_ID","int(4)","NAO","R13",""
"Estoque / Produtos","R8","Tabela do Sistema Petrus","R8_ORDEM_COMPRA","varchar(20)","NAO","",""
"Estoque / Produtos","R8","Tabela do Sistema Petrus","R8_VALOR_COMISSAO","numeric(9)","NAO","","Campo monetário"
"Estoque / Produtos","R8","Tabela do Sistema Petrus","R8_LOGRADOURO","varchar(200)","NAO","",""
"Estoque / Produtos","R8","Tabela do Sistema Petrus","R8_NUMERO","varchar(50)","NAO","",""
"Estoque / Produtos","R8","Tabela do Sistema Petrus","R8_BAIRRO","varchar(100)","NAO","",""
"Estoque / Produtos","R8","Tabela do Sistema Petrus","R8_COMPLEMENTO","varchar(100)","NAO","",""
"Estoque / Produtos","R8","Tabela do Sistema Petrus","X4_ID","int(4)","NAO","X4",""
"Estoque / Produtos","R8","Tabela do Sistema Petrus","X12_ID","int(4)","NAO","X12",""
"Estoque / Produtos","R8","Tabela do Sistema Petrus","R8_CNPJ_CPF","varchar(20)","NAO","",""
"Estoque / Produtos","R8","Tabela do Sistema Petrus","R8_CEP","varchar(20)","NAO","",""
"Estoque / Produtos","R8","Tabela do Sistema Petrus","R8_EMAIL","varchar(500)","NAO","",""
"Estoque / Produtos","R8","Tabela do Sistema Petrus","R8_FONE_1","varchar(20)","NAO","",""
"Estoque / Produtos","R8","Tabela do Sistema Petrus","R8_IE_RG","varchar(20)","NAO","",""
"Estoque / Produtos","R8","Tabela do Sistema Petrus","R8_IE_ISENTO","bit(1)","NAO","",""
"Estoque / Produtos","R8","Tabela do Sistema Petrus","I5_ID","int(4)","NAO","I5",""
"Estoque / Produtos","R8","Tabela do Sistema Petrus","R8_DESTINATARIO","varchar(300)","NAO","",""
"Estoque / Produtos","R8","Tabela do Sistema Petrus","R8_FONE_2","varchar(20)","NAO","",""
"Estoque / Produtos","R8","Tabela do Sistema Petrus","R8_NOME_1","varchar(300)","NAO","",""
"Estoque / Produtos","R8","Tabela do Sistema Petrus","R8_CNPJ_CPF_1","varchar(20)","NAO","",""
"Estoque / Produtos","R8","Tabela do Sistema Petrus","R8_ENDERECO_1","varchar(150)","NAO","",""
"Estoque / Produtos","R8","Tabela do Sistema Petrus","X4_ID_1","int(4)","NAO","",""
"Estoque / Produtos","R8","Tabela do Sistema Petrus","X12_ID_1","int(4)","NAO","",""
"Estoque / Produtos","R8","Tabela do Sistema Petrus","R8_IE_RG_1","varchar(20)","NAO","",""
"Estoque / Produtos","R8","Tabela do Sistema Petrus","R8_IE_ISENTO_1","bit(1)","NAO","",""
"Estoque / Produtos","R8","Tabela do Sistema Petrus","X12_ID_2","int(4)","NAO","",""
"Estoque / Produtos","R8","Tabela do Sistema Petrus","R8_TELEFONE_1","varchar(20)","NAO","",""
"Estoque / Produtos","R8","Tabela do Sistema Petrus","R8_NOME_2","varchar(300)","NAO","",""
"Estoque / Produtos","R8","Tabela do Sistema Petrus","R8_CNPJ_CPF_2","varchar(20)","NAO","",""
"Estoque / Produtos","R8","Tabela do Sistema Petrus","R8_ENDERECO_2","varchar(150)","NAO","",""
"Estoque / Produtos","R8","Tabela do Sistema Petrus","X4_ID_2","int(4)","NAO","",""
"Estoque / Produtos","R8","Tabela do Sistema Petrus","X12_ID_3","int(4)","NAO","",""
"Estoque / Produtos","R8","Tabela do Sistema Petrus","R8_IE_RG_2","varchar(20)","NAO","",""
"Estoque / Produtos","R8","Tabela do Sistema Petrus","R8_IE_ISENTO_2","bit(1)","NAO","",""
"Estoque / Produtos","R8","Tabela do Sistema Petrus","R8_TELEFONE_2","varchar(20)","NAO","",""
"Estoque / Produtos","R8","Tabela do Sistema Petrus","N47_ID","int(4)","NAO","N47",""
"Estoque / Produtos","R8","Tabela do Sistema Petrus","R8_FONE_3","varchar(20)","NAO","",""
"Estoque / Produtos","R8","Tabela do Sistema Petrus","R8_VL","int(4)","NAO","",""
"Estoque / Produtos","R8","Tabela do Sistema Petrus","A3_ID","int(4)","NAO","A3",""
"Estoque / Produtos","R8","Tabela do Sistema Petrus","R8_NRO_DOCUMENTO","int(4)","NAO","",""
"Comercial / Vendas / Compras","R83","Tabela do Sistema Petrus","R83_ID","int(4)","SIM","",""
"Comercial / Vendas / Compras","R83","Tabela do Sistema Petrus","S1_ID","int(4)","NAO","S1",""
"Comercial / Vendas / Compras","R83","Tabela do Sistema Petrus","R83_SELECIONE","bit(1)","NAO","",""
"Comercial / Vendas / Compras","R83","Tabela do Sistema Petrus","R83_DATA_INCLUSAO","datetime(8)","NAO","",""
"Comercial / Vendas / Compras","R83","Tabela do Sistema Petrus","R83_DATA_ALTERACAO","datetime(8)","NAO","",""
"Comercial / Vendas / Compras","R83","Tabela do Sistema Petrus","R83_USUARIO_INCLUSAO","varchar(50)","NAO","",""
"Comercial / Vendas / Compras","R83","Tabela do Sistema Petrus","R83_USUARIO_ALTERACAO","varchar(50)","NAO","",""
"Comercial / Vendas / Compras","R83","Tabela do Sistema Petrus","R83_DATA_CONSULTA","datetime(8)","NAO","",""
"Comercial / Vendas / Compras","R83","Tabela do Sistema Petrus","R83_PROTESTOS","int(4)","NAO","",""
"Comercial / Vendas / Compras","R83","Tabela do Sistema Petrus","R83_CHEQUES_SUSTADOS","int(4)","NAO","",""
"Comercial / Vendas / Compras","R83","Tabela do Sistema Petrus","R83_CHEQUES_DEVOLVIDOS","int(4)","NAO","",""
"Comercial / Vendas / Compras","R83","Tabela do Sistema Petrus","R83_SCORE","int(4)","NAO","",""
"Comercial / Vendas / Compras","R83","Tabela do Sistema Petrus","R83_PONTUALIDADE","int(4)","NAO","",""
"Comercial / Vendas / Compras","R83","Tabela do Sistema Petrus","R83_RESULTADO","varchar(-1)","NAO","",""
"Comercial / Vendas / Compras","R83","Tabela do Sistema Petrus","R2_ID","int(4)","NAO","R2",""
"Comercial / Vendas / Compras","R83","Tabela do Sistema Petrus","R83_CONSULTAS","int(4)","NAO","",""
"Comercial / Vendas / Compras","R83","Tabela do Sistema Petrus","R83_TIPO","varchar(50)","NAO","",""
"Comercial / Vendas / Compras","R83","Tabela do Sistema Petrus","R83_PEFIN","int(4)","NAO","",""
"Comercial / Vendas / Compras","R83","Tabela do Sistema Petrus","R83_REFIN","int(4)","NAO","",""
"Comercial / Vendas / Compras","R83","Tabela do Sistema Petrus","R83_PENDENCIAS","int(4)","NAO","",""
"Comercial / Vendas / Compras","R83","Tabela do Sistema Petrus","R83_SCORE_FRAUDE","int(4)","NAO","",""
"Comercial / Vendas / Compras","R86","Tabela do Sistema Petrus","R86_ID","int(4)","SIM","",""
"Comercial / Vendas / Compras","R86","Tabela do Sistema Petrus","S1_ID","int(4)","NAO","S1",""
"Comercial / Vendas / Compras","R86","Tabela do Sistema Petrus","R86_DESCRICAO","varchar(50)","NAO","",""
"Comercial / Vendas / Compras","R86","Tabela do Sistema Petrus","R86_SELECIONE","bit(1)","NAO","",""
"Comercial / Vendas / Compras","R86","Tabela do Sistema Petrus","R86_DATA_INCLUSAO","datetime(8)","NAO","",""
"Comercial / Vendas / Compras","R86","Tabela do Sistema Petrus","R86_DATA_ALTERACAO","datetime(8)","NAO","",""
"Comercial / Vendas / Compras","R86","Tabela do Sistema Petrus","R86_USUARIO_INCLUSAO","varchar(50)","NAO","",""
"Comercial / Vendas / Compras","R86","Tabela do Sistema Petrus","R86_USUARIO_ALTERACAO","varchar(50)","NAO","",""
"Comercial / Vendas / Compras","R86","Tabela do Sistema Petrus","R13_ID","int(4)","NAO","R13",""
"Comercial / Vendas / Compras","R86","Tabela do Sistema Petrus","R86_PORCENTAGEM","numeric(9)","NAO","",""
"Comercial / Vendas / Compras","R87","Tabela do Sistema Petrus","R87_ID","int(4)","SIM","",""
"Comercial / Vendas / Compras","R87","Tabela do Sistema Petrus","S1_ID","int(4)","NAO","S1",""
"Comercial / Vendas / Compras","R87","Tabela do Sistema Petrus","R87_DESCRICAO","varchar(-1)","NAO","",""
"Comercial / Vendas / Compras","R87","Tabela do Sistema Petrus","R87_SELECIONE","bit(1)","NAO","",""
"Comercial / Vendas / Compras","R87","Tabela do Sistema Petrus","R87_DATA_INCLUSAO","datetime(8)","NAO","",""
"Comercial / Vendas / Compras","R87","Tabela do Sistema Petrus","R87_DATA_ALTERACAO","datetime(8)","NAO","",""
"Comercial / Vendas / Compras","R87","Tabela do Sistema Petrus","R87_USUARIO_INCLUSAO","varchar(50)","NAO","",""
"Comercial / Vendas / Compras","R87","Tabela do Sistema Petrus","R87_USUARIO_ALTERACAO","varchar(50)","NAO","",""
"Comercial / Vendas / Compras","R87","Tabela do Sistema Petrus","R2_ID","int(4)","NAO","R2",""
"Comercial / Vendas / Compras","R87","Tabela do Sistema Petrus","R87_TIPO","varchar(50)","NAO","",""
"Comercial / Vendas / Compras","R87","Tabela do Sistema Petrus","R87_DATA","datetime(8)","NAO","",""
"Comercial / Vendas / Compras","R88","Tabela do Sistema Petrus","R88_ID","int(4)","SIM","",""
"Comercial / Vendas / Compras","R88","Tabela do Sistema Petrus","S1_ID","int(4)","NAO","S1",""
"Comercial / Vendas / Compras","R88","Tabela do Sistema Petrus","R88_DESCRICAO","varchar(150)","NAO","",""
"Comercial / Vendas / Compras","R88","Tabela do Sistema Petrus","R88_SELECIONE","bit(1)","NAO","",""
"Comercial / Vendas / Compras","R88","Tabela do Sistema Petrus","R88_DATA_INCLUSAO","datetime(8)","NAO","",""
"Comercial / Vendas / Compras","R88","Tabela do Sistema Petrus","R88_DATA_ALTERACAO","datetime(8)","NAO","",""
"Comercial / Vendas / Compras","R88","Tabela do Sistema Petrus","R88_USUARIO_INCLUSAO","varchar(50)","NAO","",""
"Comercial / Vendas / Compras","R88","Tabela do Sistema Petrus","R88_USUARIO_ALTERACAO","varchar(50)","NAO","",""
"Comercial / Vendas / Compras","R88","Tabela do Sistema Petrus","R4_ID","int(4)","NAO","R4",""
"Comercial / Vendas / Compras","R88","Tabela do Sistema Petrus","R88_TIPO","varchar(50)","NAO","",""
"Comercial / Vendas / Compras","R88","Tabela do Sistema Petrus","R88_DATA","datetime(8)","NAO","",""
"Comercial / Vendas / Compras","R89","Tabela do Sistema Petrus","R89_ID","int(4)","SIM","",""
"Comercial / Vendas / Compras","R89","Tabela do Sistema Petrus","S1_ID","int(4)","NAO","S1",""
"Comercial / Vendas / Compras","R89","Tabela do Sistema Petrus","R4_ID","int(4)","NAO","R4",""
"Comercial / Vendas / Compras","R89","Tabela do Sistema Petrus","R89_SELECIONE","bit(1)","NAO","",""
"Comercial / Vendas / Compras","R89","Tabela do Sistema Petrus","R89_DATA_INCLUSAO","datetime(8)","NAO","",""
"Comercial / Vendas / Compras","R89","Tabela do Sistema Petrus","R89_DATA_ALTERACAO","datetime(8)","NAO","",""
"Comercial / Vendas / Compras","R89","Tabela do Sistema Petrus","R89_USUARIO_INCLUSAO","varchar(50)","NAO","",""
"Comercial / Vendas / Compras","R89","Tabela do Sistema Petrus","R89_USUARIO_ALTERACAO","varchar(50)","NAO","",""
"Comercial / Vendas / Compras","R89","Tabela do Sistema Petrus","R89_BANCO","varchar(50)","NAO","",""
"Comercial / Vendas / Compras","R89","Tabela do Sistema Petrus","R89_AGENCIA","varchar(10)","NAO","",""
"Comercial / Vendas / Compras","R89","Tabela do Sistema Petrus","R89_DV_AGENCIA","varchar(5)","NAO","",""
"Comercial / Vendas / Compras","R89","Tabela do Sistema Petrus","R89_CONTA","varchar(50)","NAO","",""
"Comercial / Vendas / Compras","R89","Tabela do Sistema Petrus","R89_DV_CONTA","varchar(5)","NAO","",""
"Comercial / Vendas / Compras","R89","Tabela do Sistema Petrus","R89_TITULAR","varchar(300)","NAO","",""
"Comercial / Vendas / Compras","R89","Tabela do Sistema Petrus","R89_CNPJ_CPF","varchar(20)","NAO","",""
"Comercial / Vendas / Compras","R89","Tabela do Sistema Petrus","R89_TIPO_PESSOA","varchar(15)","NAO","",""
"Comercial / Vendas / Compras","R89","Tabela do Sistema Petrus","R89_OBS","varchar(100)","NAO","",""
"Comercial / Vendas / Compras","R89","Tabela do Sistema Petrus","R89_TIPO_CONTA","varchar(50)","NAO","",""
"Comercial / Vendas / Compras","R92","Tabela do Sistema Petrus","R92_ID","int(4)","SIM","",""
"Comercial / Vendas / Compras","R92","Tabela do Sistema Petrus","S1_ID","int(4)","NAO","S1",""
"Comercial / Vendas / Compras","R92","Tabela do Sistema Petrus","R92_SELECIONE","bit(1)","NAO","",""
"Comercial / Vendas / Compras","R92","Tabela do Sistema Petrus","R92_DATA_INCLUSAO","datetime(8)","NAO","",""
"Comercial / Vendas / Compras","R92","Tabela do Sistema Petrus","R92_DATA_ALTERACAO","datetime(8)","NAO","",""
"Comercial / Vendas / Compras","R92","Tabela do Sistema Petrus","R92_USUARIO_INCLUSAO","varchar(50)","NAO","",""
"Comercial / Vendas / Compras","R92","Tabela do Sistema Petrus","R92_USUARIO_ALTERACAO","varchar(50)","NAO","",""
"Comercial / Vendas / Compras","R92","Tabela do Sistema Petrus","R92_MES","varchar(50)","NAO","",""
"Comercial / Vendas / Compras","R92","Tabela do Sistema Petrus","R92_ANO","varchar(50)","NAO","",""
"Comercial / Vendas / Compras","R92","Tabela do Sistema Petrus","R4_ID","int(4)","NAO","R4",""
"Comercial / Vendas / Compras","R92","Tabela do Sistema Petrus","R92_VALOR_META","numeric(9)","NAO","","Campo monetário"
"Comercial / Vendas / Compras","R92","Tabela do Sistema Petrus","R92_ATIVO","bit(1)","NAO","",""
"Comercial / Vendas / Compras","R92","Tabela do Sistema Petrus","R92_VALOR_CONTRATO","numeric(9)","NAO","","Campo monetário"
"Comercial / Vendas / Compras","R92","Tabela do Sistema Petrus","R92_VALOR_META_2","numeric(9)","NAO","","Campo monetário"
"Comercial / Vendas / Compras","R92","Tabela do Sistema Petrus","R92_PREMIACAO_1","numeric(9)","NAO","",""
"Comercial / Vendas / Compras","R92","Tabela do Sistema Petrus","R92_PREMIACAO_2","numeric(9)","NAO","",""
"Comercial / Vendas / Compras","R92","Tabela do Sistema Petrus","R92_ATINGIDO","numeric(9)","NAO","",""
"Comercial / Vendas / Compras","R92","Tabela do Sistema Petrus","R92_FECHADO","bit(1)","NAO","",""
"Comercial / Vendas / Compras","R92","Tabela do Sistema Petrus","R92_DATA_FECHAMENTO","datetime(8)","NAO","",""
"Comercial / Vendas / Compras","R92","Tabela do Sistema Petrus","R92_VALOR_ATINGIDO","numeric(9)","NAO","","Campo monetário"
"Comercial / Vendas / Compras","R92","Tabela do Sistema Petrus","R92_META_BATIDA","varchar(20)","NAO","",""
"Comercial / Vendas / Compras","R93","Tabela do Sistema Petrus","R93_ID","int(4)","SIM","",""
"Comercial / Vendas / Compras","R93","Tabela do Sistema Petrus","S1_ID","int(4)","NAO","S1",""
"Comercial / Vendas / Compras","R93","Tabela do Sistema Petrus","R93_SELECIONE","bit(1)","NAO","",""
"Comercial / Vendas / Compras","R93","Tabela do Sistema Petrus","R93_DATA_INCLUSAO","datetime(8)","NAO","",""
"Comercial / Vendas / Compras","R93","Tabela do Sistema Petrus","R93_DATA_ALTERACAO","datetime(8)","NAO","",""
"Comercial / Vendas / Compras","R93","Tabela do Sistema Petrus","R93_USUARIO_INCLUSAO","varchar(50)","NAO","",""
"Comercial / Vendas / Compras","R93","Tabela do Sistema Petrus","R93_USUARIO_ALTERACAO","varchar(50)","NAO","",""
"Comercial / Vendas / Compras","R93","Tabela do Sistema Petrus","R93_CAMINHO","varchar(300)","NAO","",""
"Comercial / Vendas / Compras","R93","Tabela do Sistema Petrus","R93_DESCRICAO","varchar(100)","NAO","",""
"Comercial / Vendas / Compras","R93","Tabela do Sistema Petrus","R2_ID","int(4)","NAO","R2",""
"Comercial / Vendas / Compras","R93","Tabela do Sistema Petrus","R93_DATA","datetime(8)","NAO","",""
"Comercial / Vendas / Compras","R93","Tabela do Sistema Petrus","R93_USUARIO","varchar(50)","NAO","",""
"Comercial / Vendas / Compras","R95","Tabela do Sistema Petrus","R95_ID","int(4)","SIM","",""
"Comercial / Vendas / Compras","R95","Tabela do Sistema Petrus","S1_ID","int(4)","NAO","S1",""
"Comercial / Vendas / Compras","R95","Tabela do Sistema Petrus","R95_OBS","varchar(300)","NAO","",""
"Comercial / Vendas / Compras","R95","Tabela do Sistema Petrus","R95_SELECIONE","bit(1)","NAO","",""
"Comercial / Vendas / Compras","R95","Tabela do Sistema Petrus","R95_DATA_INCLUSAO","datetime(8)","NAO","",""
"Comercial / Vendas / Compras","R95","Tabela do Sistema Petrus","R95_DATA_ALTERACAO","datetime(8)","NAO","",""
"Comercial / Vendas / Compras","R95","Tabela do Sistema Petrus","R95_USUARIO_INCLUSAO","varchar(50)","NAO","",""
"Comercial / Vendas / Compras","R95","Tabela do Sistema Petrus","R95_USUARIO_ALTERACAO","varchar(50)","NAO","",""
"Comercial / Vendas / Compras","R95","Tabela do Sistema Petrus","R2_ID","int(4)","NAO","R2",""
"Comercial / Vendas / Compras","R95","Tabela do Sistema Petrus","R95_DATA","datetime(8)","NAO","",""
"Comercial / Vendas / Compras","R95","Tabela do Sistema Petrus","R95_CNPJ_CPF","varchar(27)","NAO","",""
"Comercial / Vendas / Compras","R95","Tabela do Sistema Petrus","R95_NOME","varchar(300)","NAO","",""
"Comercial / Vendas / Compras","R95","Tabela do Sistema Petrus","R95_SOCIO","varchar(100)","NAO","",""
"Comercial / Vendas / Compras","R95","Tabela do Sistema Petrus","R95_TELEFONE","varchar(50)","NAO","",""
"Comercial / Vendas / Compras","R95","Tabela do Sistema Petrus","R95_EMAIL","varchar(100)","NAO","",""
"Comercial / Vendas / Compras","R97","Tabela do Sistema Petrus","R97_ID","int(4)","SIM","",""
"Comercial / Vendas / Compras","R97","Tabela do Sistema Petrus","S1_ID","int(4)","NAO","S1",""
"Comercial / Vendas / Compras","R97","Tabela do Sistema Petrus","R97_SELECIONE","bit(1)","NAO","",""
"Comercial / Vendas / Compras","R97","Tabela do Sistema Petrus","R97_DATA_INCLUSAO","datetime(8)","NAO","",""
"Comercial / Vendas / Compras","R97","Tabela do Sistema Petrus","R97_DATA_ALTERACAO","datetime(8)","NAO","",""
"Comercial / Vendas / Compras","R97","Tabela do Sistema Petrus","R97_USUARIO_INCLUSAO","varchar(50)","NAO","",""
"Comercial / Vendas / Compras","R97","Tabela do Sistema Petrus","R97_USUARIO_ALTERACAO","varchar(50)","NAO","",""
"Comercial / Vendas / Compras","R97","Tabela do Sistema Petrus","R4_ID","int(4)","NAO","R4",""
"Comercial / Vendas / Compras","R97","Tabela do Sistema Petrus","R97_COMISSAO","numeric(9)","NAO","",""
"Comercial / Vendas / Compras","R97","Tabela do Sistema Petrus","R13_ID","int(4)","NAO","R13",""
"Comercial / Vendas / Compras","R97","Tabela do Sistema Petrus","R97_NOME","varchar(300)","NAO","",""
"Comercial / Vendas / Compras","R97","Tabela do Sistema Petrus","R97_TIPO","varchar(50)","NAO","",""
"Comercial / Vendas / Compras","RC1","Tabela do Sistema Petrus","RC1_ID","int(4)","SIM","",""
"Comercial / Vendas / Compras","RC1","Tabela do Sistema Petrus","S1_ID","int(4)","NAO","S1",""
"Comercial / Vendas / Compras","RC1","Tabela do Sistema Petrus","RC1_DESCRICAO","varchar(50)","NAO","",""
"Comercial / Vendas / Compras","RC1","Tabela do Sistema Petrus","RC1_SELECIONE","bit(1)","NAO","",""
"Comercial / Vendas / Compras","RC1","Tabela do Sistema Petrus","RC1_DATA_INCLUSAO","datetime(8)","NAO","",""
"Comercial / Vendas / Compras","RC1","Tabela do Sistema Petrus","RC1_DATA_ALTERACAO","datetime(8)","NAO","",""
"Comercial / Vendas / Compras","RC1","Tabela do Sistema Petrus","RC1_USUARIO_INCLUSAO","varchar(50)","NAO","",""
"Comercial / Vendas / Compras","RC1","Tabela do Sistema Petrus","RC1_USUARIO_ALTERACAO","varchar(50)","NAO","",""
"Comercial / Vendas / Compras","RC1","Tabela do Sistema Petrus","RC1_PRAZO_MAXIMO","int(4)","NAO","",""
"Comercial / Vendas / Compras","RC1","Tabela do Sistema Petrus","RC1_DESCONTO_MAXIMO","numeric(9)","NAO","",""
"Comercial / Vendas / Compras","RC1","Tabela do Sistema Petrus","RC1_LUCRO_MINIMO","numeric(9)","NAO","",""
"Comercial / Vendas / Compras","RC1","Tabela do Sistema Petrus","RC1_MARGEM_MINIMA","numeric(9)","NAO","",""
"Comercial / Vendas / Compras","RC1","Tabela do Sistema Petrus","RC1_COMISSAO_MAXIMA","numeric(9)","NAO","",""
"Comercial / Vendas / Compras","RC2","Tabela do Sistema Petrus","RC2_ID","int(4)","SIM","",""
"Comercial / Vendas / Compras","RC2","Tabela do Sistema Petrus","S1_ID","int(4)","NAO","S1",""
"Comercial / Vendas / Compras","RC2","Tabela do Sistema Petrus","RC2_SELECIONE","bit(1)","NAO","",""
"Comercial / Vendas / Compras","RC2","Tabela do Sistema Petrus","RC2_DATA_INCLUSAO","datetime(8)","NAO","",""
"Comercial / Vendas / Compras","RC2","Tabela do Sistema Petrus","RC2_DATA_ALTERACAO","datetime(8)","NAO","",""
"Comercial / Vendas / Compras","RC2","Tabela do Sistema Petrus","RC2_USUARIO_INCLUSAO","varchar(50)","NAO","",""
"Comercial / Vendas / Compras","RC2","Tabela do Sistema Petrus","RC2_USUARIO_ALTERACAO","varchar(50)","NAO","",""
"Comercial / Vendas / Compras","RC2","Tabela do Sistema Petrus","RC1_ID","int(4)","NAO","RC1",""
"Comercial / Vendas / Compras","RC2","Tabela do Sistema Petrus","RC2_VALOR","numeric(9)","NAO","","Campo monetário"
"Comercial / Vendas / Compras","RC2","Tabela do Sistema Petrus","RC2_DESCONTO_MAXIMO","numeric(9)","NAO","",""
"Comercial / Vendas / Compras","RC3","Tabela do Sistema Petrus","RC3_ID","int(4)","SIM","",""
"Comercial / Vendas / Compras","RC3","Tabela do Sistema Petrus","S1_ID","int(4)","NAO","S1",""
"Comercial / Vendas / Compras","RC3","Tabela do Sistema Petrus","RC3_FRETE","varchar(50)","NAO","",""
"Comercial / Vendas / Compras","RC3","Tabela do Sistema Petrus","RC3_SELECIONE","bit(1)","NAO","",""
"Comercial / Vendas / Compras","RC3","Tabela do Sistema Petrus","RC3_DATA_INCLUSAO","datetime(8)","NAO","",""
"Comercial / Vendas / Compras","RC3","Tabela do Sistema Petrus","RC3_DATA_ALTERACAO","datetime(8)","NAO","",""
"Comercial / Vendas / Compras","RC3","Tabela do Sistema Petrus","RC3_USUARIO_INCLUSAO","varchar(50)","NAO","",""
"Comercial / Vendas / Compras","RC3","Tabela do Sistema Petrus","RC3_USUARIO_ALTERACAO","varchar(50)","NAO","",""
"Comercial / Vendas / Compras","RC3","Tabela do Sistema Petrus","RC1_ID","int(4)","NAO","RC1",""
"Comercial / Vendas / Compras","RC3","Tabela do Sistema Petrus","RC3_VALOR","numeric(9)","NAO","","Campo monetário"
"Comercial / Vendas / Compras","RC5","Tabela do Sistema Petrus","RC5_ID","int(4)","SIM","",""
"Comercial / Vendas / Compras","RC5","Tabela do Sistema Petrus","S1_ID","int(4)","NAO","S1",""
"Comercial / Vendas / Compras","RC5","Tabela do Sistema Petrus","RC5_SELECIONE","bit(1)","NAO","",""
"Comercial / Vendas / Compras","RC5","Tabela do Sistema Petrus","RC5_DATA_INCLUSAO","datetime(8)","NAO","",""
"Comercial / Vendas / Compras","RC5","Tabela do Sistema Petrus","RC5_DATA_ALTERACAO","datetime(8)","NAO","",""
"Comercial / Vendas / Compras","RC5","Tabela do Sistema Petrus","RC5_USUARIO_INCLUSAO","varchar(50)","NAO","",""
"Comercial / Vendas / Compras","RC5","Tabela do Sistema Petrus","RC5_USUARIO_ALTERACAO","varchar(50)","NAO","",""
"Comercial / Vendas / Compras","RC5","Tabela do Sistema Petrus","RC1_ID","int(4)","NAO","RC1",""
"Comercial / Vendas / Compras","RC5","Tabela do Sistema Petrus","RC5_VALOR","numeric(9)","NAO","","Campo monetário"
"Comercial / Vendas / Compras","RC5","Tabela do Sistema Petrus","RC5_PRAZO","int(4)","NAO","",""
"Comercial / Vendas / Compras","RM1","Tabela do Sistema Petrus","RM1_ID","int(4)","SIM","",""
"Comercial / Vendas / Compras","RM1","Tabela do Sistema Petrus","S1_ID","int(4)","NAO","S1",""
"Comercial / Vendas / Compras","RM1","Tabela do Sistema Petrus","RM1_DESCRICAO","varchar(50)","NAO","",""
"Comercial / Vendas / Compras","RM1","Tabela do Sistema Petrus","RM1_SELECIONE","bit(1)","NAO","",""
"Comercial / Vendas / Compras","RM1","Tabela do Sistema Petrus","RM1_DATA_INCLUSAO","datetime(8)","NAO","",""
"Comercial / Vendas / Compras","RM1","Tabela do Sistema Petrus","RM1_DATA_ALTERACAO","datetime(8)","NAO","",""
"Comercial / Vendas / Compras","RM1","Tabela do Sistema Petrus","RM1_USUARIO_INCLUSAO","varchar(50)","NAO","",""
"Comercial / Vendas / Compras","RM1","Tabela do Sistema Petrus","RM1_USUARIO_ALTERACAO","varchar(50)","NAO","",""
"Comercial / Vendas / Compras","RM1","Tabela do Sistema Petrus","RM2_ID","int(4)","NAO","RM2",""
"Comercial / Vendas / Compras","RM1","Tabela do Sistema Petrus","RM1_VALOR","numeric(9)","NAO","","Campo monetário"
"Comercial / Vendas / Compras","RM1","Tabela do Sistema Petrus","RM1_DATA","datetime(8)","NAO","",""
"Comercial / Vendas / Compras","RM1","Tabela do Sistema Petrus","RM1_OBS","varchar(-1)","NAO","",""
"Comercial / Vendas / Compras","RM10","Tabela do Sistema Petrus","RM10_ID","int(4)","SIM","",""
"Comercial / Vendas / Compras","RM10","Tabela do Sistema Petrus","S1_ID","int(4)","NAO","S1",""
"Comercial / Vendas / Compras","RM10","Tabela do Sistema Petrus","RM10_NOME","varchar(50)","NAO","",""
"Comercial / Vendas / Compras","RM10","Tabela do Sistema Petrus","RM10_SELECIONE","bit(1)","NAO","",""
"Comercial / Vendas / Compras","RM10","Tabela do Sistema Petrus","RM10_DATA_INCLUSAO","datetime(8)","NAO","",""
"Comercial / Vendas / Compras","RM10","Tabela do Sistema Petrus","RM10_DATA_ALTERACAO","datetime(8)","NAO","",""
"Comercial / Vendas / Compras","RM10","Tabela do Sistema Petrus","RM10_USUARIO_INCLUSAO","varchar(50)","NAO","",""
"Comercial / Vendas / Compras","RM10","Tabela do Sistema Petrus","RM10_USUARIO_ALTERACAO","varchar(50)","NAO","",""
"Estoque / Produtos","RM11","Tabela do Sistema Petrus","RM11_ID","int(4)","SIM","",""
"Estoque / Produtos","RM11","Tabela do Sistema Petrus","S1_ID","int(4)","NAO","S1",""
"Estoque / Produtos","RM11","Tabela do Sistema Petrus","RM11_DESCRICAO","varchar(50)","NAO","",""
"Estoque / Produtos","RM11","Tabela do Sistema Petrus","RM11_SELECIONE","bit(1)","NAO","",""
"Estoque / Produtos","RM11","Tabela do Sistema Petrus","RM11_DATA_EMISSAO","datetime(8)","NAO","",""
"Estoque / Produtos","RM11","Tabela do Sistema Petrus","RM11_DATA_INCLUSAO","datetime(8)","NAO","",""
"Estoque / Produtos","RM11","Tabela do Sistema Petrus","RM11_DATA_ALTERACAO","datetime(8)","NAO","",""
"Estoque / Produtos","RM11","Tabela do Sistema Petrus","RM11_USUARIO_INCLUSAO","varchar(50)","NAO","",""
"Estoque / Produtos","RM11","Tabela do Sistema Petrus","RM11_USUARIO_ALTERACAO","varchar(50)","NAO","",""
"Estoque / Produtos","RM11","Tabela do Sistema Petrus","RM11_ATIVO","bit(1)","NAO","",""
"Estoque / Produtos","RM11","Tabela do Sistema Petrus","RM11_SUBTOTAL","numeric(9)","NAO","",""
"Estoque / Produtos","RM11","Tabela do Sistema Petrus","RM11_VALOR_TOTAL","numeric(9)","NAO","","Campo monetário"
"Estoque / Produtos","RM11","Tabela do Sistema Petrus","RM11_CUBAGEM","numeric(9)","NAO","",""
"Estoque / Produtos","RM11","Tabela do Sistema Petrus","RM11_PECAS","numeric(9)","NAO","",""
"Estoque / Produtos","RM11","Tabela do Sistema Petrus","RM11_MEDIA","numeric(9)","NAO","",""
"Estoque / Produtos","RM11","Tabela do Sistema Petrus","RM11_FRETE","varchar(15)","NAO","",""
"Estoque / Produtos","RM11","Tabela do Sistema Petrus","N47_ID","int(4)","NAO","N47",""
"Estoque / Produtos","RM11","Tabela do Sistema Petrus","RM11_TIPO_FATURAMENTO","varchar(15)","NAO","",""
"Estoque / Produtos","RM11","Tabela do Sistema Petrus","RM11_OBS","varchar(-1)","NAO","",""
"Estoque / Produtos","RM11","Tabela do Sistema Petrus","RM11_PESO_BRUTO","numeric(9)","NAO","",""
"Estoque / Produtos","RM11","Tabela do Sistema Petrus","RM11_PESO_LIQUIDO","numeric(9)","NAO","",""
"Estoque / Produtos","RM11","Tabela do Sistema Petrus","RM11_DESCONTO_ANTECIPADO","numeric(9)","NAO","",""
"Estoque / Produtos","RM11","Tabela do Sistema Petrus","RM11_DESCONTO_RETIRA","numeric(9)","NAO","",""
"Estoque / Produtos","RM12","Tabela do Sistema Petrus","RM12_ID","int(4)","SIM","",""
"Estoque / Produtos","RM12","Tabela do Sistema Petrus","S1_ID","int(4)","NAO","S1",""
"Estoque / Produtos","RM12","Tabela do Sistema Petrus","RM12_SELECIONE","bit(1)","NAO","",""
"Estoque / Produtos","RM12","Tabela do Sistema Petrus","RM12_DATA_INCLUSAO","datetime(8)","NAO","",""
"Estoque / Produtos","RM12","Tabela do Sistema Petrus","RM12_DATA_ALTERACAO","datetime(8)","NAO","",""
"Estoque / Produtos","RM12","Tabela do Sistema Petrus","RM12_USUARIO_INCLUSAO","varchar(50)","NAO","",""
"Estoque / Produtos","RM12","Tabela do Sistema Petrus","RM12_USUARIO_ALTERACAO","varchar(50)","NAO","",""
"Estoque / Produtos","RM12","Tabela do Sistema Petrus","RM12_DESCRICAO","varchar(300)","NAO","",""
"Estoque / Produtos","RM12","Tabela do Sistema Petrus","RM12_PRODUTO","varchar(50)","NAO","",""
"Estoque / Produtos","RM12","Tabela do Sistema Petrus","RM12_QTD","numeric(9)","NAO","",""
"Estoque / Produtos","RM12","Tabela do Sistema Petrus","RM12_VALOR","numeric(9)","NAO","","Campo monetário"
"Estoque / Produtos","RM12","Tabela do Sistema Petrus","RM11_ID","int(4)","NAO","RM11",""
"Estoque / Produtos","RM12","Tabela do Sistema Petrus","G6_ID","int(4)","NAO","G6",""
"Estoque / Produtos","RM12","Tabela do Sistema Petrus","RM12_REFERENCIA","varchar(50)","NAO","",""
"Estoque / Produtos","RM12","Tabela do Sistema Petrus","RM12_QTD_EMB","numeric(9)","NAO","",""
"Estoque / Produtos","RM12","Tabela do Sistema Petrus","RM12_UN","varchar(20)","NAO","",""
"Estoque / Produtos","RM12","Tabela do Sistema Petrus","RM12_SUBTOTAL","numeric(9)","NAO","",""
"Estoque / Produtos","RM12","Tabela do Sistema Petrus","RM12_VALOR_TOTAL","numeric(9)","NAO","","Campo monetário"
"Estoque / Produtos","RM12","Tabela do Sistema Petrus","RM12_VOLUME","numeric(9)","NAO","",""
"Estoque / Produtos","RM12","Tabela do Sistema Petrus","RM12_CUBAGEM","numeric(9)","NAO","",""
"Estoque / Produtos","RM12","Tabela do Sistema Petrus","RM12_PESO_BRUTO","numeric(9)","NAO","",""
"Estoque / Produtos","RM12","Tabela do Sistema Petrus","RM12_PESO_LIQUIDO","numeric(9)","NAO","",""
"Comercial / Vendas / Compras","RM15","Tabela do Sistema Petrus","RM15_ID","int(4)","SIM","",""
"Comercial / Vendas / Compras","RM15","Tabela do Sistema Petrus","S1_ID","int(4)","NAO","S1",""
"Comercial / Vendas / Compras","RM15","Tabela do Sistema Petrus","RM15_DESCRICAO","varchar(50)","NAO","",""
"Comercial / Vendas / Compras","RM15","Tabela do Sistema Petrus","RM15_SELECIONE","bit(1)","NAO","",""
"Comercial / Vendas / Compras","RM15","Tabela do Sistema Petrus","RM15_DATA_INCLUSAO","datetime(8)","NAO","",""
"Comercial / Vendas / Compras","RM15","Tabela do Sistema Petrus","RM15_DATA_ALTERACAO","datetime(8)","NAO","",""
"Comercial / Vendas / Compras","RM15","Tabela do Sistema Petrus","RM15_USUARIO_INCLUSAO","varchar(50)","NAO","",""
"Comercial / Vendas / Compras","RM15","Tabela do Sistema Petrus","RM15_USUARIO_ALTERACAO","varchar(50)","NAO","",""
"Comercial / Vendas / Compras","RM17","Tabela do Sistema Petrus","RM17_ID","int(4)","SIM","",""
"Comercial / Vendas / Compras","RM17","Tabela do Sistema Petrus","S1_ID","int(4)","NAO","S1",""
"Comercial / Vendas / Compras","RM17","Tabela do Sistema Petrus","RM17_DESCRICAO","varchar(50)","NAO","",""
"Comercial / Vendas / Compras","RM17","Tabela do Sistema Petrus","RM17_SELECIONE","bit(1)","NAO","",""
"Comercial / Vendas / Compras","RM17","Tabela do Sistema Petrus","RM17_DATA_INCLUSAO","datetime(8)","NAO","",""
"Comercial / Vendas / Compras","RM17","Tabela do Sistema Petrus","RM17_DATA_ALTERACAO","datetime(8)","NAO","",""
"Comercial / Vendas / Compras","RM17","Tabela do Sistema Petrus","RM17_USUARIO_INCLUSAO","varchar(50)","NAO","",""
"Comercial / Vendas / Compras","RM17","Tabela do Sistema Petrus","RM17_USUARIO_ALTERACAO","varchar(50)","NAO","",""
"Comercial / Vendas / Compras","RM17","Tabela do Sistema Petrus","RM17_DATA_INICIAL","datetime(8)","NAO","",""
"Comercial / Vendas / Compras","RM17","Tabela do Sistema Petrus","RM17_DATA_FINAL","datetime(8)","NAO","",""
"Comercial / Vendas / Compras","RM17","Tabela do Sistema Petrus","RM17_ATIVO","bit(1)","NAO","",""
"Comercial / Vendas / Compras","RM17","Tabela do Sistema Petrus","RM17_DATA_EMISSAO","datetime(8)","NAO","",""
"Comercial / Vendas / Compras","RM18","Tabela do Sistema Petrus","RM18_ID","int(4)","SIM","",""
"Comercial / Vendas / Compras","RM18","Tabela do Sistema Petrus","S1_ID","int(4)","NAO","S1",""
"Comercial / Vendas / Compras","RM18","Tabela do Sistema Petrus","RM18_DESCRICAO","varchar(50)","NAO","",""
"Comercial / Vendas / Compras","RM18","Tabela do Sistema Petrus","RM18_SELECIONE","bit(1)","NAO","",""
"Comercial / Vendas / Compras","RM18","Tabela do Sistema Petrus","RM18_DATA_INCLUSAO","datetime(8)","NAO","",""
"Comercial / Vendas / Compras","RM18","Tabela do Sistema Petrus","RM18_DATA_ALTERACAO","datetime(8)","NAO","",""
"Comercial / Vendas / Compras","RM18","Tabela do Sistema Petrus","RM18_USUARIO_INCLUSAO","varchar(50)","NAO","",""
"Comercial / Vendas / Compras","RM18","Tabela do Sistema Petrus","RM18_USUARIO_ALTERACAO","varchar(50)","NAO","",""
"Comercial / Vendas / Compras","RM18","Tabela do Sistema Petrus","R2_ID","int(4)","NAO","R2",""
"Comercial / Vendas / Compras","RM18","Tabela do Sistema Petrus","RM18_SITUACAO","varchar(50)","NAO","",""
"Comercial / Vendas / Compras","RM18","Tabela do Sistema Petrus","RM18_CONVERTIDO","bit(1)","NAO","",""
"Comercial / Vendas / Compras","RM18","Tabela do Sistema Petrus","RM18_DATA","datetime(8)","NAO","",""
"Comercial / Vendas / Compras","RM18","Tabela do Sistema Petrus","RR1_ID","int(4)","NAO","RR1",""
"Comercial / Vendas / Compras","RM19","Tabela do Sistema Petrus","RM19_ID","int(4)","SIM","",""
"Comercial / Vendas / Compras","RM19","Tabela do Sistema Petrus","S1_ID","int(4)","NAO","S1",""
"Comercial / Vendas / Compras","RM19","Tabela do Sistema Petrus","RM19_DESCRICAO","varchar(50)","NAO","",""
"Comercial / Vendas / Compras","RM19","Tabela do Sistema Petrus","RM19_SELECIONE","bit(1)","NAO","",""
"Comercial / Vendas / Compras","RM19","Tabela do Sistema Petrus","RM19_DATA_INCLUSAO","datetime(8)","NAO","",""
"Comercial / Vendas / Compras","RM19","Tabela do Sistema Petrus","RM19_DATA_ALTERACAO","datetime(8)","NAO","",""
"Comercial / Vendas / Compras","RM19","Tabela do Sistema Petrus","RM19_USUARIO_INCLUSAO","varchar(50)","NAO","",""
"Comercial / Vendas / Compras","RM19","Tabela do Sistema Petrus","RM19_USUARIO_ALTERACAO","varchar(50)","NAO","",""
"Comercial / Vendas / Compras","RM19","Tabela do Sistema Petrus","R2_ID","int(4)","NAO","R2",""
"Comercial / Vendas / Compras","RM19","Tabela do Sistema Petrus","RM19_SITUACAO","varchar(50)","NAO","",""
"Comercial / Vendas / Compras","RM19","Tabela do Sistema Petrus","RM19_DATA_INICIAL","datetime(8)","NAO","",""
"Comercial / Vendas / Compras","RM19","Tabela do Sistema Petrus","RM19_DATA_FINAL","datetime(8)","NAO","",""
"Comercial / Vendas / Compras","RM19","Tabela do Sistema Petrus","RM19_DATA_EMISSAO","datetime(8)","NAO","",""
"Comercial / Vendas / Compras","RM19","Tabela do Sistema Petrus","RM19_VALOR","numeric(9)","NAO","","Campo monetário"
"Comercial / Vendas / Compras","RM19","Tabela do Sistema Petrus","RM19_PROBABILIDADE","numeric(9)","NAO","",""
"Comercial / Vendas / Compras","RM19","Tabela do Sistema Petrus","RR1_ID","int(4)","NAO","RR1",""
"Comercial / Vendas / Compras","RM2","Tabela do Sistema Petrus","RM2_ID","int(4)","SIM","",""
"Comercial / Vendas / Compras","RM2","Tabela do Sistema Petrus","S1_ID","int(4)","NAO","S1",""
"Comercial / Vendas / Compras","RM2","Tabela do Sistema Petrus","RM2_NOME","varchar(300)","NAO","",""
"Comercial / Vendas / Compras","RM2","Tabela do Sistema Petrus","RM2_SELECIONE","bit(1)","NAO","",""
"Comercial / Vendas / Compras","RM2","Tabela do Sistema Petrus","RM2_DATA_INCLUSAO","datetime(8)","NAO","",""
"Comercial / Vendas / Compras","RM2","Tabela do Sistema Petrus","RM2_DATA_ALTERACAO","datetime(8)","NAO","",""
"Comercial / Vendas / Compras","RM2","Tabela do Sistema Petrus","RM2_USUARIO_INCLUSAO","varchar(50)","NAO","",""
"Comercial / Vendas / Compras","RM2","Tabela do Sistema Petrus","RM2_USUARIO_ALTERACAO","varchar(50)","NAO","",""
"Comercial / Vendas / Compras","RM20","Tabela do Sistema Petrus","RM20_ID","int(4)","SIM","",""
"Comercial / Vendas / Compras","RM20","Tabela do Sistema Petrus","S1_ID","int(4)","NAO","S1",""
"Comercial / Vendas / Compras","RM20","Tabela do Sistema Petrus","RM20_DESCRICAO","varchar(50)","NAO","",""
"Comercial / Vendas / Compras","RM20","Tabela do Sistema Petrus","RM20_SELECIONE","bit(1)","NAO","",""
"Comercial / Vendas / Compras","RM20","Tabela do Sistema Petrus","RM20_DATA_INCLUSAO","datetime(8)","NAO","",""
"Comercial / Vendas / Compras","RM20","Tabela do Sistema Petrus","RM20_DATA_ALTERACAO","datetime(8)","NAO","",""
"Comercial / Vendas / Compras","RM20","Tabela do Sistema Petrus","RM20_USUARIO_INCLUSAO","varchar(50)","NAO","",""
"Comercial / Vendas / Compras","RM20","Tabela do Sistema Petrus","RM20_USUARIO_ALTERACAO","varchar(50)","NAO","",""
"Comercial / Vendas / Compras","RM20","Tabela do Sistema Petrus","R2_ID","int(4)","NAO","R2",""
"Comercial / Vendas / Compras","RM20","Tabela do Sistema Petrus","RM20_DATA","datetime(8)","NAO","",""
"Comercial / Vendas / Compras","RM20","Tabela do Sistema Petrus","RM20_TIPO","varchar(50)","NAO","",""
"Comercial / Vendas / Compras","RM20","Tabela do Sistema Petrus","RM20_STATUS","varchar(50)","NAO","","Máquina de estados (Aberto, Fechado, etc)"
"Comercial / Vendas / Compras","RM20","Tabela do Sistema Petrus","RR1_ID","int(4)","NAO","RR1",""
"Comercial / Vendas / Compras","RM21","Tabela do Sistema Petrus","RM21_ID","int(4)","SIM","",""
"Comercial / Vendas / Compras","RM21","Tabela do Sistema Petrus","S1_ID","int(4)","NAO","S1",""
"Comercial / Vendas / Compras","RM21","Tabela do Sistema Petrus","RM21_DESCRICAO","varchar(50)","NAO","",""
"Comercial / Vendas / Compras","RM21","Tabela do Sistema Petrus","RM21_SELECIONE","bit(1)","NAO","",""
"Comercial / Vendas / Compras","RM21","Tabela do Sistema Petrus","RM21_DATA_INCLUSAO","datetime(8)","NAO","",""
"Comercial / Vendas / Compras","RM21","Tabela do Sistema Petrus","RM21_DATA_ALTERACAO","datetime(8)","NAO","",""
"Comercial / Vendas / Compras","RM21","Tabela do Sistema Petrus","RM21_USUARIO_INCLUSAO","varchar(50)","NAO","",""
"Comercial / Vendas / Compras","RM21","Tabela do Sistema Petrus","RM21_USUARIO_ALTERACAO","varchar(50)","NAO","",""
"Comercial / Vendas / Compras","RM21","Tabela do Sistema Petrus","RM21_TIPO","varchar(50)","NAO","",""
"Comercial / Vendas / Compras","RM21","Tabela do Sistema Petrus","RM21_DATA","datetime(8)","NAO","",""
"Comercial / Vendas / Compras","RM21","Tabela do Sistema Petrus","RM21_OBS","varchar(-1)","NAO","",""
"Comercial / Vendas / Compras","RM21","Tabela do Sistema Petrus","RM18_ID","int(4)","NAO","RM18",""
"Comercial / Vendas / Compras","RM21","Tabela do Sistema Petrus","RM19_ID","int(4)","NAO","RM19",""
"Comercial / Vendas / Compras","RM21","Tabela do Sistema Petrus","RR1_ID","int(4)","NAO","RR1",""
"Comercial / Vendas / Compras","RM21","Tabela do Sistema Petrus","R2_ID","int(4)","NAO","R2",""
"Comercial / Vendas / Compras","RM22","Tabela do Sistema Petrus","RM22_ID","int(4)","SIM","",""
"Comercial / Vendas / Compras","RM22","Tabela do Sistema Petrus","S1_ID","int(4)","NAO","S1",""
"Comercial / Vendas / Compras","RM22","Tabela do Sistema Petrus","RM22_DESCRICAO","varchar(50)","NAO","",""
"Comercial / Vendas / Compras","RM22","Tabela do Sistema Petrus","RM22_SELECIONE","bit(1)","NAO","",""
"Comercial / Vendas / Compras","RM22","Tabela do Sistema Petrus","RM22_DATA_INCLUSAO","datetime(8)","NAO","",""
"Comercial / Vendas / Compras","RM22","Tabela do Sistema Petrus","RM22_DATA_ALTERACAO","datetime(8)","NAO","",""
"Comercial / Vendas / Compras","RM22","Tabela do Sistema Petrus","RM22_USUARIO_INCLUSAO","varchar(50)","NAO","",""
"Comercial / Vendas / Compras","RM22","Tabela do Sistema Petrus","RM22_USUARIO_ALTERACAO","varchar(50)","NAO","",""
"Comercial / Vendas / Compras","RM22","Tabela do Sistema Petrus","RM22_LOCAL","varchar(100)","NAO","",""
"Comercial / Vendas / Compras","RM22","Tabela do Sistema Petrus","RM22_DATA","datetime(8)","NAO","",""
"Comercial / Vendas / Compras","RM22","Tabela do Sistema Petrus","RM22_SITUACAO","varchar(50)","NAO","",""
"Comercial / Vendas / Compras","RM22","Tabela do Sistema Petrus","RM22_VALOR","numeric(9)","NAO","","Campo monetário"
"Comercial / Vendas / Compras","RM22","Tabela do Sistema Petrus","RM22_OBJETIVO","varchar(50)","NAO","",""
"Comercial / Vendas / Compras","RM3","Tabela do Sistema Petrus","RM3_ID","int(4)","SIM","",""
"Comercial / Vendas / Compras","RM3","Tabela do Sistema Petrus","S1_ID","int(4)","NAO","S1",""
"Comercial / Vendas / Compras","RM3","Tabela do Sistema Petrus","RM3_DESCRICAO","varchar(50)","NAO","",""
"Comercial / Vendas / Compras","RM3","Tabela do Sistema Petrus","RM3_SELECIONE","bit(1)","NAO","",""
"Comercial / Vendas / Compras","RM3","Tabela do Sistema Petrus","RM3_DATA_INCLUSAO","datetime(8)","NAO","",""
"Comercial / Vendas / Compras","RM3","Tabela do Sistema Petrus","RM3_DATA_ALTERACAO","datetime(8)","NAO","",""
"Comercial / Vendas / Compras","RM3","Tabela do Sistema Petrus","RM3_USUARIO_INCLUSAO","varchar(50)","NAO","",""
"Comercial / Vendas / Compras","RM3","Tabela do Sistema Petrus","RM3_USUARIO_ALTERACAO","varchar(50)","NAO","",""
"Comercial / Vendas / Compras","RM3","Tabela do Sistema Petrus","R2_ID","int(4)","NAO","R2",""
"Comercial / Vendas / Compras","RM3","Tabela do Sistema Petrus","RM15_ID","int(4)","NAO","RM15",""
"Comercial / Vendas / Compras","RM3","Tabela do Sistema Petrus","RM3_OBS","varchar(-1)","NAO","",""
"Comercial / Vendas / Compras","RM3","Tabela do Sistema Petrus","RM3_VALOR","numeric(9)","NAO","","Campo monetário"
"Comercial / Vendas / Compras","RM3","Tabela do Sistema Petrus","R13_ID","int(4)","NAO","R13",""
"Comercial / Vendas / Compras","RM3","Tabela do Sistema Petrus","RM3_STATUS","varchar(50)","NAO","","Máquina de estados (Aberto, Fechado, etc)"
"Comercial / Vendas / Compras","RM3","Tabela do Sistema Petrus","RM3_DATA","datetime(8)","NAO","",""
"Comercial / Vendas / Compras","RM5","Tabela do Sistema Petrus","RM5_ID","int(4)","SIM","",""
"Comercial / Vendas / Compras","RM5","Tabela do Sistema Petrus","S1_ID","int(4)","NAO","S1",""
"Comercial / Vendas / Compras","RM5","Tabela do Sistema Petrus","RM5_SELECIONE","bit(1)","NAO","",""
"Comercial / Vendas / Compras","RM5","Tabela do Sistema Petrus","RM5_DATA_INCLUSAO","datetime(8)","NAO","",""
"Comercial / Vendas / Compras","RM5","Tabela do Sistema Petrus","RM5_DATA_ALTERACAO","datetime(8)","NAO","",""
"Comercial / Vendas / Compras","RM5","Tabela do Sistema Petrus","RM5_USUARIO_INCLUSAO","varchar(50)","NAO","",""
"Comercial / Vendas / Compras","RM5","Tabela do Sistema Petrus","RM5_USUARIO_ALTERACAO","varchar(50)","NAO","",""
"Comercial / Vendas / Compras","RM5","Tabela do Sistema Petrus","RM5_CAMINHO","varchar(300)","NAO","",""
"Comercial / Vendas / Compras","RM5","Tabela do Sistema Petrus","RM5_DESCRICAO","varchar(100)","NAO","",""
"Comercial / Vendas / Compras","RM5","Tabela do Sistema Petrus","RM3_ID","int(4)","NAO","RM3",""
"Comercial / Vendas / Compras","RM7","Tabela do Sistema Petrus","RM7_ID","int(4)","SIM","",""
"Comercial / Vendas / Compras","RM7","Tabela do Sistema Petrus","S1_ID","int(4)","NAO","S1",""
"Comercial / Vendas / Compras","RM7","Tabela do Sistema Petrus","RM7_DESCRICAO","varchar(50)","NAO","",""
"Comercial / Vendas / Compras","RM7","Tabela do Sistema Petrus","RM7_SELECIONE","bit(1)","NAO","",""
"Comercial / Vendas / Compras","RM7","Tabela do Sistema Petrus","RM7_DATA_INCLUSAO","datetime(8)","NAO","",""
"Comercial / Vendas / Compras","RM7","Tabela do Sistema Petrus","RM7_DATA_ALTERACAO","datetime(8)","NAO","",""
"Comercial / Vendas / Compras","RM7","Tabela do Sistema Petrus","RM7_USUARIO_INCLUSAO","varchar(50)","NAO","",""
"Comercial / Vendas / Compras","RM7","Tabela do Sistema Petrus","RM7_USUARIO_ALTERACAO","varchar(50)","NAO","",""
"Comercial / Vendas / Compras","RM7","Tabela do Sistema Petrus","R2_ID","int(4)","NAO","R2",""
"Comercial / Vendas / Compras","RM7","Tabela do Sistema Petrus","RM7_TIPO","varchar(50)","NAO","",""
"Comercial / Vendas / Compras","RM7","Tabela do Sistema Petrus","RM7_OBS","varchar(-1)","NAO","",""
"Comercial / Vendas / Compras","RM7","Tabela do Sistema Petrus","RM7_STATUS","varchar(50)","NAO","","Máquina de estados (Aberto, Fechado, etc)"
"Comercial / Vendas / Compras","RM7","Tabela do Sistema Petrus","RM10_ID","int(4)","NAO","RM10",""
"Comercial / Vendas / Compras","RM7","Tabela do Sistema Petrus","RM7_SOLUCAO","varchar(-1)","NAO","",""
"Comercial / Vendas / Compras","RM7","Tabela do Sistema Petrus","RM7_DATA","datetime(8)","NAO","",""
"Comercial / Vendas / Compras","RM9","Tabela do Sistema Petrus","RM9_ID","int(4)","SIM","",""
"Comercial / Vendas / Compras","RM9","Tabela do Sistema Petrus","S1_ID","int(4)","NAO","S1",""
"Comercial / Vendas / Compras","RM9","Tabela do Sistema Petrus","RM9_SELECIONE","bit(1)","NAO","",""
"Comercial / Vendas / Compras","RM9","Tabela do Sistema Petrus","RM9_DATA_INCLUSAO","datetime(8)","NAO","",""
"Comercial / Vendas / Compras","RM9","Tabela do Sistema Petrus","RM9_DATA_ALTERACAO","datetime(8)","NAO","",""
"Comercial / Vendas / Compras","RM9","Tabela do Sistema Petrus","RM9_USUARIO_INCLUSAO","varchar(50)","NAO","",""
"Comercial / Vendas / Compras","RM9","Tabela do Sistema Petrus","RM9_USUARIO_ALTERACAO","varchar(50)","NAO","",""
"Comercial / Vendas / Compras","RM9","Tabela do Sistema Petrus","RM9_CAMINHO","varchar(300)","NAO","",""
"Comercial / Vendas / Compras","RM9","Tabela do Sistema Petrus","RM9_DESCRICAO","varchar(100)","NAO","",""
"Comercial / Vendas / Compras","RM9","Tabela do Sistema Petrus","RM7_ID","int(4)","NAO","RM7",""
"Usuários, Perfis e Acessos","RR1","Tabela do Sistema Petrus","RR1_ID","int(4)","SIM","",""
"Usuários, Perfis e Acessos","RR1","Tabela do Sistema Petrus","S1_ID","int(4)","NAO","S1",""
"Usuários, Perfis e Acessos","RR1","Tabela do Sistema Petrus","RR1_NOME","varchar(50)","NAO","",""
"Usuários, Perfis e Acessos","RR1","Tabela do Sistema Petrus","RR1_SELECIONE","bit(1)","NAO","",""
"Usuários, Perfis e Acessos","RR1","Tabela do Sistema Petrus","RR1_DATA_INCLUSAO","datetime(8)","NAO","",""
"Usuários, Perfis e Acessos","RR1","Tabela do Sistema Petrus","RR1_DATA_ALTERACAO","datetime(8)","NAO","",""
"Usuários, Perfis e Acessos","RR1","Tabela do Sistema Petrus","RR1_USUARIO_INCLUSAO","varchar(50)","NAO","",""
"Usuários, Perfis e Acessos","RR1","Tabela do Sistema Petrus","RR1_USUARIO_ALTERACAO","varchar(50)","NAO","",""
"Usuários, Perfis e Acessos","RR1","Tabela do Sistema Petrus","D10_ID","int(4)","NAO","D10",""
"Usuários, Perfis e Acessos","RR1","Tabela do Sistema Petrus","S2_ID","int(4)","NAO","S2",""
"Usuários, Perfis e Acessos","RR1","Tabela do Sistema Petrus","RR1_ACESSO","varchar(20)","NAO","",""
"Comercial / Vendas / Compras","RR10","Tabela do Sistema Petrus","RR10_ID","int(4)","SIM","",""
"Comercial / Vendas / Compras","RR10","Tabela do Sistema Petrus","S1_ID","int(4)","NAO","S1",""
"Comercial / Vendas / Compras","RR10","Tabela do Sistema Petrus","RR10_OBS","varchar(300)","NAO","",""
"Comercial / Vendas / Compras","RR10","Tabela do Sistema Petrus","RR10_SELECIONE","bit(1)","NAO","",""
"Comercial / Vendas / Compras","RR10","Tabela do Sistema Petrus","RR10_DATA_INCLUSAO","datetime(8)","NAO","",""
"Comercial / Vendas / Compras","RR10","Tabela do Sistema Petrus","RR10_DATA_ALTERACAO","datetime(8)","NAO","",""
"Comercial / Vendas / Compras","RR10","Tabela do Sistema Petrus","RR10_USUARIO_INCLUSAO","varchar(50)","NAO","",""
"Comercial / Vendas / Compras","RR10","Tabela do Sistema Petrus","RR10_USUARIO_ALTERACAO","varchar(50)","NAO","",""
"Comercial / Vendas / Compras","RR10","Tabela do Sistema Petrus","R13_ID","int(4)","NAO","R13",""
"Comercial / Vendas / Compras","RR10","Tabela do Sistema Petrus","RR10_DATA","datetime(8)","NAO","",""
"Comercial / Vendas / Compras","RR10","Tabela do Sistema Petrus","RR10_DESCRICAO","varchar(300)","NAO","",""
"Comercial / Vendas / Compras","RR11","Tabela do Sistema Petrus","RR11_ID","int(4)","SIM","",""
"Comercial / Vendas / Compras","RR11","Tabela do Sistema Petrus","S1_ID","int(4)","NAO","S1",""
"Comercial / Vendas / Compras","RR11","Tabela do Sistema Petrus","RR11_SELECIONE","bit(1)","NAO","",""
"Comercial / Vendas / Compras","RR11","Tabela do Sistema Petrus","RR11_DATA_INCLUSAO","datetime(8)","NAO","",""
"Comercial / Vendas / Compras","RR11","Tabela do Sistema Petrus","RR11_DATA_ALTERACAO","datetime(8)","NAO","",""
"Comercial / Vendas / Compras","RR11","Tabela do Sistema Petrus","RR11_USUARIO_INCLUSAO","varchar(50)","NAO","",""
"Comercial / Vendas / Compras","RR11","Tabela do Sistema Petrus","RR11_USUARIO_ALTERACAO","varchar(50)","NAO","",""
"Comercial / Vendas / Compras","RR11","Tabela do Sistema Petrus","RR11_CAMINHO","varchar(300)","NAO","",""
"Comercial / Vendas / Compras","RR11","Tabela do Sistema Petrus","RR11_DESCRICAO","varchar(100)","NAO","",""
"Comercial / Vendas / Compras","RR11","Tabela do Sistema Petrus","R4_ID","int(4)","NAO","R4",""
"Comercial / Vendas / Compras","RR11","Tabela do Sistema Petrus","RR11_DATA","datetime(8)","NAO","",""
"Comercial / Vendas / Compras","RR11","Tabela do Sistema Petrus","RR11_USUARIO","varchar(50)","NAO","",""
"Comercial / Vendas / Compras","RR2","Tabela do Sistema Petrus","RR2_ID","int(4)","SIM","",""
"Comercial / Vendas / Compras","RR2","Tabela do Sistema Petrus","S1_ID","int(4)","NAO","S1",""
"Comercial / Vendas / Compras","RR2","Tabela do Sistema Petrus","RR2_SITUACAO","varchar(50)","NAO","",""
"Comercial / Vendas / Compras","RR2","Tabela do Sistema Petrus","RR2_SELECIONE","bit(1)","NAO","",""
"Comercial / Vendas / Compras","RR2","Tabela do Sistema Petrus","RR2_DATA_INCLUSAO","datetime(8)","NAO","",""
"Comercial / Vendas / Compras","RR2","Tabela do Sistema Petrus","RR2_DATA_ALTERACAO","datetime(8)","NAO","",""
"Comercial / Vendas / Compras","RR2","Tabela do Sistema Petrus","RR2_USUARIO_INCLUSAO","varchar(50)","NAO","",""
"Comercial / Vendas / Compras","RR2","Tabela do Sistema Petrus","RR2_USUARIO_ALTERACAO","varchar(50)","NAO","",""
"Comercial / Vendas / Compras","RR2","Tabela do Sistema Petrus","RR1_ID","int(4)","NAO","RR1",""
"Comercial / Vendas / Compras","RR3","Tabela do Sistema Petrus","RR3_ID","int(4)","SIM","",""
"Comercial / Vendas / Compras","RR3","Tabela do Sistema Petrus","S1_ID","int(4)","NAO","S1",""
"Comercial / Vendas / Compras","RR3","Tabela do Sistema Petrus","RR3_NOME","varchar(300)","NAO","",""
"Comercial / Vendas / Compras","RR3","Tabela do Sistema Petrus","RR3_SELECIONE","bit(1)","NAO","",""
"Comercial / Vendas / Compras","RR3","Tabela do Sistema Petrus","RR3_DATA_INCLUSAO","datetime(8)","NAO","",""
"Comercial / Vendas / Compras","RR3","Tabela do Sistema Petrus","RR3_DATA_ALTERACAO","datetime(8)","NAO","",""
"Comercial / Vendas / Compras","RR3","Tabela do Sistema Petrus","RR3_USUARIO_INCLUSAO","varchar(50)","NAO","",""
"Comercial / Vendas / Compras","RR3","Tabela do Sistema Petrus","RR3_USUARIO_ALTERACAO","varchar(50)","NAO","",""
"Comercial / Vendas / Compras","RR3","Tabela do Sistema Petrus","R13_ID","int(4)","NAO","R13",""
"Comercial / Vendas / Compras","RR3","Tabela do Sistema Petrus","RR3_CAMINHO","varchar(300)","NAO","",""
"Comercial / Vendas / Compras","RR3","Tabela do Sistema Petrus","RR3_DATA","datetime(8)","NAO","",""
"Comercial / Vendas / Compras","RR3","Tabela do Sistema Petrus","RR3_USUARIO","varchar(50)","NAO","",""
"Comercial / Vendas / Compras","RR8","Tabela do Sistema Petrus","RR8_ID","int(4)","SIM","",""
"Comercial / Vendas / Compras","RR8","Tabela do Sistema Petrus","S1_ID","int(4)","NAO","S1",""
"Comercial / Vendas / Compras","RR8","Tabela do Sistema Petrus","RR8_DESCRICAO","varchar(50)","NAO","",""
"Comercial / Vendas / Compras","RR8","Tabela do Sistema Petrus","RR8_SELECIONE","bit(1)","NAO","",""
"Comercial / Vendas / Compras","RR8","Tabela do Sistema Petrus","RR8_DATA_EMISSAO","datetime(8)","NAO","",""
"Comercial / Vendas / Compras","RR8","Tabela do Sistema Petrus","RR8_DATA_INCLUSAO","datetime(8)","NAO","",""
"Comercial / Vendas / Compras","RR8","Tabela do Sistema Petrus","RR8_DATA_ALTERACAO","datetime(8)","NAO","",""
"Comercial / Vendas / Compras","RR8","Tabela do Sistema Petrus","RR8_USUARIO_INCLUSAO","varchar(50)","NAO","",""
"Comercial / Vendas / Compras","RR8","Tabela do Sistema Petrus","RR8_USUARIO_ALTERACAO","varchar(50)","NAO","",""
"Comercial / Vendas / Compras","RR8","Tabela do Sistema Petrus","RR8_CAMINHO","varchar(300)","NAO","",""
"Comercial / Vendas / Compras","RR9","Tabela do Sistema Petrus","RR9_ID","int(4)","SIM","",""
"Comercial / Vendas / Compras","RR9","Tabela do Sistema Petrus","S1_ID","int(4)","NAO","S1",""
"Comercial / Vendas / Compras","RR9","Tabela do Sistema Petrus","RR9_SELECIONE","bit(1)","NAO","",""
"Comercial / Vendas / Compras","RR9","Tabela do Sistema Petrus","RR9_DATA_INCLUSAO","datetime(8)","NAO","",""
"Comercial / Vendas / Compras","RR9","Tabela do Sistema Petrus","RR9_DATA_ALTERACAO","datetime(8)","NAO","",""
"Comercial / Vendas / Compras","RR9","Tabela do Sistema Petrus","RR9_USUARIO_INCLUSAO","varchar(50)","NAO","",""
"Comercial / Vendas / Compras","RR9","Tabela do Sistema Petrus","RR9_USUARIO_ALTERACAO","varchar(50)","NAO","",""
"Comercial / Vendas / Compras","RR9","Tabela do Sistema Petrus","RR9_DESCRICAO","varchar(300)","NAO","",""
"Comercial / Vendas / Compras","RR9","Tabela do Sistema Petrus","RR9_PRODUTO","varchar(50)","NAO","",""
"Comercial / Vendas / Compras","RR9","Tabela do Sistema Petrus","RR9_QTD_EMB","numeric(9)","NAO","",""
"Comercial / Vendas / Compras","RR9","Tabela do Sistema Petrus","RR9_VALOR_TABELA","numeric(9)","NAO","","Campo monetário"
"Comercial / Vendas / Compras","RR9","Tabela do Sistema Petrus","RR8_ID","int(4)","NAO","RR8",""
"Comercial / Vendas / Compras","RR9","Tabela do Sistema Petrus","G6_ID","int(4)","NAO","G6",""
"Comercial / Vendas / Compras","RX1","Tabela do Sistema Petrus","RX1_ID","int(4)","SIM","",""
"Comercial / Vendas / Compras","RX1","Tabela do Sistema Petrus","S1_ID","int(4)","NAO","S1",""
"Comercial / Vendas / Compras","RX1","Tabela do Sistema Petrus","RX1_STATUS","varchar(30)","NAO","","Máquina de estados (Aberto, Fechado, etc)"
"Comercial / Vendas / Compras","RX1","Tabela do Sistema Petrus","RX1_DESCRICAO","varchar(50)","NAO","",""
"Comercial / Vendas / Compras","RX1","Tabela do Sistema Petrus","RX1_SELECIONE","bit(1)","NAO","",""
"Comercial / Vendas / Compras","RX1","Tabela do Sistema Petrus","RX1_DATA_INCLUSAO","datetime(8)","NAO","",""
"Comercial / Vendas / Compras","RX1","Tabela do Sistema Petrus","RX1_DATA_ALTERACAO","datetime(8)","NAO","",""
"Comercial / Vendas / Compras","RX1","Tabela do Sistema Petrus","RX1_USUARIO_INCLUSAO","varchar(50)","NAO","",""
"Comercial / Vendas / Compras","RX1","Tabela do Sistema Petrus","RX1_USUARIO_ALTERACAO","varchar(50)","NAO","",""
"Comercial / Vendas / Compras","RX2","Tabela do Sistema Petrus","RX2_ID","int(4)","SIM","",""
"Comercial / Vendas / Compras","RX2","Tabela do Sistema Petrus","S1_ID","int(4)","NAO","S1",""
"Comercial / Vendas / Compras","RX2","Tabela do Sistema Petrus","RX2_SELECIONE","bit(1)","NAO","",""
"Comercial / Vendas / Compras","RX2","Tabela do Sistema Petrus","RX2_DATA_INCLUSAO","datetime(8)","NAO","",""
"Comercial / Vendas / Compras","RX2","Tabela do Sistema Petrus","RX2_DATA_ALTERACAO","datetime(8)","NAO","",""
"Comercial / Vendas / Compras","RX2","Tabela do Sistema Petrus","RX2_USUARIO_INCLUSAO","varchar(50)","NAO","",""
"Comercial / Vendas / Compras","RX2","Tabela do Sistema Petrus","RX2_USUARIO_ALTERACAO","varchar(50)","NAO","",""
"Comercial / Vendas / Compras","RX2","Tabela do Sistema Petrus","RX1_ID","int(4)","NAO","RX1",""
"Comercial / Vendas / Compras","RX2","Tabela do Sistema Petrus","RX2_TIPO","varchar(50)","NAO","",""
"Comercial / Vendas / Compras","RX2","Tabela do Sistema Petrus","RX2_DATA","datetime(8)","NAO","",""
"Comercial / Vendas / Compras","RX2","Tabela do Sistema Petrus","RX2_VALOR","numeric(9)","NAO","","Campo monetário"
"Comercial / Vendas / Compras","RX2","Tabela do Sistema Petrus","S2_ID","int(4)","NAO","S2",""
"Comercial / Vendas / Compras","RX2","Tabela do Sistema Petrus","RX2_OBS","varchar(300)","NAO","",""
"Usuários, Perfis e Acessos","S1","Clientes / Fornecedores (Entidades)","S1_ID","int(4)","SIM","",""
"Usuários, Perfis e Acessos","S1","Clientes / Fornecedores (Entidades)","S1_SELECIONE","bit(1)","NAO","",""
"Usuários, Perfis e Acessos","S1","Clientes / Fornecedores (Entidades)","S1_DATA_INCLUSAO","datetime(8)","NAO","",""
"Usuários, Perfis e Acessos","S1","Clientes / Fornecedores (Entidades)","S1_DATA_ALTERACAO","datetime(8)","NAO","",""
"Usuários, Perfis e Acessos","S1","Clientes / Fornecedores (Entidades)","S1_USUARIO_INCLUSAO","varchar(50)","NAO","",""
"Usuários, Perfis e Acessos","S1","Clientes / Fornecedores (Entidades)","S1_USUARIO_ALTERACAO","varchar(50)","NAO","",""
"Usuários, Perfis e Acessos","S1","Clientes / Fornecedores (Entidades)","S1_DATA_ABERTURA","datetime(8)","NAO","",""
"Usuários, Perfis e Acessos","S1","Clientes / Fornecedores (Entidades)","S1_DATA_BLOQUEIO","datetime(8)","NAO","",""
"Usuários, Perfis e Acessos","S1","Clientes / Fornecedores (Entidades)","S25_ID","int(4)","NAO","S25",""
"Usuários, Perfis e Acessos","S1","Clientes / Fornecedores (Entidades)","X4_ID","int(4)","NAO","X4",""
"Usuários, Perfis e Acessos","S1","Clientes / Fornecedores (Entidades)","X6_ID","int(4)","NAO","X6",""
"Usuários, Perfis e Acessos","S1","Clientes / Fornecedores (Entidades)","S24_ID","int(4)","NAO","S24",""
"Usuários, Perfis e Acessos","S1","Clientes / Fornecedores (Entidades)","X9_ID","int(4)","NAO","X9",""
"Usuários, Perfis e Acessos","S1","Clientes / Fornecedores (Entidades)","X10_ID","int(4)","NAO","X10",""
"Usuários, Perfis e Acessos","S1","Clientes / Fornecedores (Entidades)","X12_ID","int(4)","NAO","X12",""
"Usuários, Perfis e Acessos","S1","Clientes / Fornecedores (Entidades)","S1_NOME","varchar(300)","NAO","",""
"Usuários, Perfis e Acessos","S1","Clientes / Fornecedores (Entidades)","S1_BAIRRO","varchar(100)","NAO","",""
"Usuários, Perfis e Acessos","S1","Clientes / Fornecedores (Entidades)","S1_CAIXA_POSTAL","varchar(10)","NAO","",""
"Usuários, Perfis e Acessos","S1","Clientes / Fornecedores (Entidades)","S1_CEP","varchar(15)","NAO","",""
"Usuários, Perfis e Acessos","S1","Clientes / Fornecedores (Entidades)","S1_CNPJ_CPF","varchar(20)","NAO","",""
"Usuários, Perfis e Acessos","S1","Clientes / Fornecedores (Entidades)","S1_COMPLEMENTO","varchar(100)","NAO","",""
"Usuários, Perfis e Acessos","S1","Clientes / Fornecedores (Entidades)","S1_WEBSITE","varchar(30)","NAO","",""
"Usuários, Perfis e Acessos","S1","Clientes / Fornecedores (Entidades)","S1_IE_RG","varchar(20)","NAO","",""
"Usuários, Perfis e Acessos","S1","Clientes / Fornecedores (Entidades)","S1_INSCRICAO_MUNICIPAL","varchar(20)","NAO","",""
"Usuários, Perfis e Acessos","S1","Clientes / Fornecedores (Entidades)","S1_LOGRADOURO","varchar(200)","NAO","",""
"Usuários, Perfis e Acessos","S1","Clientes / Fornecedores (Entidades)","S1_MARCADOR","varchar(50)","NAO","",""
"Usuários, Perfis e Acessos","S1","Clientes / Fornecedores (Entidades)","S1_NOME_FANTASIA","varchar(50)","NAO","",""
"Usuários, Perfis e Acessos","S1","Clientes / Fornecedores (Entidades)","S1_NUMERO","varchar(50)","NAO","",""
"Usuários, Perfis e Acessos","S1","Clientes / Fornecedores (Entidades)","S1_OBS","varchar(500)","NAO","",""
"Usuários, Perfis e Acessos","S1","Clientes / Fornecedores (Entidades)","X25_ID","int(4)","NAO","X25",""
"Usuários, Perfis e Acessos","S1","Clientes / Fornecedores (Entidades)","S1_STATUS","varchar(20)","NAO","","Máquina de estados (Aberto, Fechado, etc)"
"Usuários, Perfis e Acessos","S1","Clientes / Fornecedores (Entidades)","S1_TIPO","varchar(15)","NAO","",""
"Usuários, Perfis e Acessos","S1","Clientes / Fornecedores (Entidades)","S1_TIPO_PESSOA","varchar(10)","NAO","",""
"Usuários, Perfis e Acessos","S1","Clientes / Fornecedores (Entidades)","S1_EMAIL","varchar(500)","NAO","",""
"Usuários, Perfis e Acessos","S1","Clientes / Fornecedores (Entidades)","S1_FONE_1","varchar(20)","NAO","",""
"Usuários, Perfis e Acessos","S1","Clientes / Fornecedores (Entidades)","S1_FONE_2","varchar(20)","NAO","",""
"Usuários, Perfis e Acessos","S1","Clientes / Fornecedores (Entidades)","S1_CONTATO","varchar(50)","NAO","",""
"Usuários, Perfis e Acessos","S1","Clientes / Fornecedores (Entidades)","X26_ID","int(4)","NAO","X26",""
"Usuários, Perfis e Acessos","S1","Clientes / Fornecedores (Entidades)","S1_IE_ISENTO","bit(1)","NAO","",""
"Usuários, Perfis e Acessos","S1","Clientes / Fornecedores (Entidades)","S1_LOGO","image(16)","NAO","",""
"Usuários, Perfis e Acessos","S1","Clientes / Fornecedores (Entidades)","S1_SCHEMAS","varbinary(-1)","NAO","",""
"Usuários, Perfis e Acessos","S1","Clientes / Fornecedores (Entidades)","S1_SIGLA","varchar(20)","NAO","",""
"Usuários, Perfis e Acessos","S1","Clientes / Fornecedores (Entidades)","S1_FONE_3","varchar(20)","NAO","",""
"Usuários, Perfis e Acessos","S1","Clientes / Fornecedores (Entidades)","S1_PERFIL","varchar(20)","NAO","",""
"Usuários, Perfis e Acessos","S1","Clientes / Fornecedores (Entidades)","S1_CLASSIFICACAO_INDUSTRIAL","varchar(50)","NAO","",""
"Usuários, Perfis e Acessos","S1","Clientes / Fornecedores (Entidades)","S1_INDICADOR_ATIVIDADE","varchar(20)","NAO","",""
"Usuários, Perfis e Acessos","S1","Clientes / Fornecedores (Entidades)","S1_SCHEMAS_MDFE","varbinary(-1)","NAO","",""
"Usuários, Perfis e Acessos","S1","Clientes / Fornecedores (Entidades)","S1_PIS","numeric(9)","NAO","",""
"Usuários, Perfis e Acessos","S1","Clientes / Fornecedores (Entidades)","S1_COFINS","numeric(9)","NAO","",""
"Usuários, Perfis e Acessos","S1","Clientes / Fornecedores (Entidades)","S1_IRPJ","numeric(9)","NAO","",""
"Usuários, Perfis e Acessos","S1","Clientes / Fornecedores (Entidades)","S1_CS","numeric(9)","NAO","",""
"Usuários, Perfis e Acessos","S1","Clientes / Fornecedores (Entidades)","S1_PDD","numeric(9)","NAO","",""
"Usuários, Perfis e Acessos","S1","Clientes / Fornecedores (Entidades)","S1_OUTROS","numeric(9)","NAO","",""
"Usuários, Perfis e Acessos","S1","Clientes / Fornecedores (Entidades)","S1_MARGEM","numeric(9)","NAO","",""
"Usuários, Perfis e Acessos","S1","Clientes / Fornecedores (Entidades)","S1_FRETE","numeric(9)","NAO","",""
"Usuários, Perfis e Acessos","S1","Clientes / Fornecedores (Entidades)","S1_ICMS","numeric(9)","NAO","",""
"Usuários, Perfis e Acessos","S1","Clientes / Fornecedores (Entidades)","S1_FATOR_MINIMO","numeric(9)","NAO","",""
"Usuários, Perfis e Acessos","S1","Clientes / Fornecedores (Entidades)","S1_MC_MINIMA","numeric(9)","NAO","",""
"Geral / Outros","S10","Tabela do Sistema Petrus","S10_ID","int(4)","SIM","",""
"Geral / Outros","S10","Tabela do Sistema Petrus","S8_ID","int(4)","NAO","S8",""
"Geral / Outros","S10","Tabela do Sistema Petrus","S1_ID","int(4)","NAO","S1",""
"Geral / Outros","S10","Tabela do Sistema Petrus","S10_OBRIGATORIO","bit(1)","NAO","",""
"Geral / Outros","S10","Tabela do Sistema Petrus","S10_ATIVO","bit(1)","NAO","",""
"Geral / Outros","S10","Tabela do Sistema Petrus","S10_VISIVEL","bit(1)","NAO","",""
"Geral / Outros","S10","Tabela do Sistema Petrus","S10_VIRTUAL","bit(1)","NAO","",""
"Geral / Outros","S10","Tabela do Sistema Petrus","S10_ORDEM","int(4)","NAO","",""
"Geral / Outros","S10","Tabela do Sistema Petrus","S10_TAMANHO","int(4)","NAO","",""
"Geral / Outros","S10","Tabela do Sistema Petrus","S10_CONTROLE","varchar(50)","NAO","",""
"Geral / Outros","S10","Tabela do Sistema Petrus","S10_DESCRICAO","varchar(50)","NAO","",""
"Geral / Outros","S10","Tabela do Sistema Petrus","S10_NOME","varchar(50)","NAO","",""
"Geral / Outros","S10","Tabela do Sistema Petrus","S10_TIPO","varchar(50)","NAO","",""
"Geral / Outros","S10","Tabela do Sistema Petrus","S10_TIPO_DADOS","varchar(50)","NAO","",""
"Geral / Outros","S10","Tabela do Sistema Petrus","S10_LISTA","varchar(50)","NAO","",""
"Geral / Outros","S10","Tabela do Sistema Petrus","S9_ID","int(4)","NAO","S9",""
"Geral / Outros","S10","Tabela do Sistema Petrus","S10_PRINCIPAL","bit(1)","NAO","",""
"Geral / Outros","S10","Tabela do Sistema Petrus","S10_EXPORTAR","bit(1)","NAO","",""
"Geral / Outros","S10","Tabela do Sistema Petrus","S10_RODAPE","bit(1)","NAO","",""
"Geral / Outros","S10","Tabela do Sistema Petrus","S10_TAMANHO_GRID","int(4)","NAO","",""
"Geral / Outros","S10","Tabela do Sistema Petrus","S10_VISIVEL_GRID","bit(1)","NAO","",""
"Geral / Outros","S10","Tabela do Sistema Petrus","S16_ID","int(4)","NAO","",""
"Geral / Outros","S10","Tabela do Sistema Petrus","S18_ID","int(4)","NAO","S18",""
"Geral / Outros","S10","Tabela do Sistema Petrus","S10_MASCARA","varchar(30)","NAO","",""
"Geral / Outros","S10","Tabela do Sistema Petrus","S10_PRIMARIO","bit(1)","NAO","",""
"Geral / Outros","S10","Tabela do Sistema Petrus","S10_ORDEM_GRID","int(4)","NAO","",""
"Geral / Outros","S10","Tabela do Sistema Petrus","S10_EXIBE_VIRTUAL","bit(1)","NAO","",""
"Geral / Outros","S10","Tabela do Sistema Petrus","S10_AJUDA","varchar(50)","NAO","",""
"Geral / Outros","S10","Tabela do Sistema Petrus","S10_VALOR_PADRAO","varchar(50)","NAO","","Campo monetário"
"Geral / Outros","S10","Tabela do Sistema Petrus","S10_OPCIONAL","bit(1)","NAO","",""
"Geral / Outros","S10","Tabela do Sistema Petrus","S10_SELECIONE","bit(1)","NAO","",""
"Geral / Outros","S10","Tabela do Sistema Petrus","S10_DATA_INCLUSAO","datetime(8)","NAO","",""
"Geral / Outros","S10","Tabela do Sistema Petrus","S10_DATA_ALTERACAO","datetime(8)","NAO","",""
"Geral / Outros","S10","Tabela do Sistema Petrus","S10_USUARIO_INCLUSAO","varchar(50)","NAO","",""
"Geral / Outros","S10","Tabela do Sistema Petrus","S10_USUARIO_ALTERACAO","varchar(50)","NAO","",""
"Geral / Outros","S11","Tabela do Sistema Petrus","S11_ID","int(4)","SIM","",""
"Geral / Outros","S11","Tabela do Sistema Petrus","S1_ID","int(4)","NAO","S1",""
"Geral / Outros","S11","Tabela do Sistema Petrus","S11_SELECIONE","bit(1)","NAO","",""
"Geral / Outros","S11","Tabela do Sistema Petrus","S11_DATA_INCLUSAO","datetime(8)","NAO","",""
"Geral / Outros","S11","Tabela do Sistema Petrus","S11_DATA_ALTERACAO","datetime(8)","NAO","",""
"Geral / Outros","S11","Tabela do Sistema Petrus","S11_USUARIO_INCLUSAO","varchar(50)","NAO","",""
"Geral / Outros","S11","Tabela do Sistema Petrus","S11_USUARIO_ALTERACAO","varchar(50)","NAO","",""
"Geral / Outros","S11","Tabela do Sistema Petrus","S8_ID","int(4)","NAO","S8",""
"Geral / Outros","S11","Tabela do Sistema Petrus","S11_FILTRO","varchar(50)","NAO","",""
"Geral / Outros","S11","Tabela do Sistema Petrus","S11_VALOR","varchar(50)","NAO","","Campo monetário"
"Geral / Outros","S11","Tabela do Sistema Petrus","S11_DESCRICAO","varchar(50)","NAO","",""
"Geral / Outros","S11","Tabela do Sistema Petrus","S11_DATA","int(4)","NAO","",""
"Usuários, Perfis e Acessos","S14","Tabela do Sistema Petrus","S14_ID","int(4)","SIM","",""
"Usuários, Perfis e Acessos","S14","Tabela do Sistema Petrus","S1_ID","int(4)","NAO","S1",""
"Usuários, Perfis e Acessos","S14","Tabela do Sistema Petrus","S14_SELECIONE","bit(1)","NAO","",""
"Usuários, Perfis e Acessos","S14","Tabela do Sistema Petrus","S14_DATA_INCLUSAO","datetime(8)","NAO","",""
"Usuários, Perfis e Acessos","S14","Tabela do Sistema Petrus","S14_DATA_ALTERACAO","datetime(8)","NAO","",""
"Usuários, Perfis e Acessos","S14","Tabela do Sistema Petrus","S14_USUARIO_INCLUSAO","varchar(50)","NAO","",""
"Usuários, Perfis e Acessos","S14","Tabela do Sistema Petrus","S14_USUARIO_ALTERACAO","varchar(50)","NAO","",""
"Usuários, Perfis e Acessos","S14","Tabela do Sistema Petrus","S14_DESCRICAO","varchar(50)","NAO","",""
"Usuários, Perfis e Acessos","S14","Tabela do Sistema Petrus","S2_ID","int(4)","NAO","S2",""
"Usuários, Perfis e Acessos","S14","Tabela do Sistema Petrus","S14_ACESSO","bit(1)","NAO","",""
"Usuários, Perfis e Acessos","S14","Tabela do Sistema Petrus","S4_ID","int(4)","NAO","S4",""
"Geral / Outros","S15","Tabela do Sistema Petrus","S15_ID","int(4)","SIM","",""
"Geral / Outros","S15","Tabela do Sistema Petrus","S1_ID","int(4)","NAO","S1",""
"Geral / Outros","S15","Tabela do Sistema Petrus","S15_SELECIONE","bit(1)","NAO","",""
"Geral / Outros","S15","Tabela do Sistema Petrus","S15_DATA_INCLUSAO","datetime(8)","NAO","",""
"Geral / Outros","S15","Tabela do Sistema Petrus","S15_DATA_ALTERACAO","datetime(8)","NAO","",""
"Geral / Outros","S15","Tabela do Sistema Petrus","S15_USUARIO_INCLUSAO","varchar(50)","NAO","",""
"Geral / Outros","S15","Tabela do Sistema Petrus","S15_USUARIO_ALTERACAO","varchar(50)","NAO","",""
"Geral / Outros","S15","Tabela do Sistema Petrus","S8_ID","int(4)","NAO","S8",""
"Geral / Outros","S15","Tabela do Sistema Petrus","S15_ACESSAR","bit(1)","NAO","",""
"Geral / Outros","S15","Tabela do Sistema Petrus","S15_INCLUIR","bit(1)","NAO","",""
"Geral / Outros","S15","Tabela do Sistema Petrus","S15_EDITAR","bit(1)","NAO","",""
"Geral / Outros","S15","Tabela do Sistema Petrus","S15_VISUALIZAR","bit(1)","NAO","",""
"Geral / Outros","S15","Tabela do Sistema Petrus","S15_EXCLUIR","bit(1)","NAO","",""
"Geral / Outros","S15","Tabela do Sistema Petrus","S2_ID","int(4)","NAO","S2",""
"Geral / Outros","S18","Tabela do Sistema Petrus","S18_ID","int(4)","SIM","",""
"Geral / Outros","S18","Tabela do Sistema Petrus","S1_ID","int(4)","NAO","S1",""
"Geral / Outros","S18","Tabela do Sistema Petrus","S18_TIPO","varchar(15)","NAO","",""
"Geral / Outros","S18","Tabela do Sistema Petrus","S18_SELECIONE","bit(1)","NAO","",""
"Geral / Outros","S18","Tabela do Sistema Petrus","S18_DATA_INCLUSAO","datetime(8)","NAO","",""
"Geral / Outros","S18","Tabela do Sistema Petrus","S18_DATA_ALTERACAO","datetime(8)","NAO","",""
"Geral / Outros","S18","Tabela do Sistema Petrus","S18_USUARIO_INCLUSAO","varchar(50)","NAO","",""
"Geral / Outros","S18","Tabela do Sistema Petrus","S18_USUARIO_ALTERACAO","varchar(50)","NAO","",""
"Geral / Outros","S18","Tabela do Sistema Petrus","S18_DESCRICAO","varchar(50)","NAO","",""
"Geral / Outros","S19","Tabela do Sistema Petrus","S19_ID","int(4)","SIM","",""
"Geral / Outros","S19","Tabela do Sistema Petrus","S1_ID","int(4)","NAO","S1",""
"Geral / Outros","S19","Tabela do Sistema Petrus","S19_TIPO","varchar(15)","NAO","",""
"Geral / Outros","S19","Tabela do Sistema Petrus","S19_SELECIONE","bit(1)","NAO","",""
"Geral / Outros","S19","Tabela do Sistema Petrus","S19_DATA_INCLUSAO","datetime(8)","NAO","",""
"Geral / Outros","S19","Tabela do Sistema Petrus","S19_DATA_ALTERACAO","datetime(8)","NAO","",""
"Geral / Outros","S19","Tabela do Sistema Petrus","S19_USUARIO_INCLUSAO","varchar(50)","NAO","",""
"Geral / Outros","S19","Tabela do Sistema Petrus","S19_USUARIO_ALTERACAO","varchar(50)","NAO","",""
"Geral / Outros","S19","Tabela do Sistema Petrus","S8_ID","int(4)","NAO","S8",""
"Geral / Outros","S19","Tabela do Sistema Petrus","S6_ID","int(4)","NAO","S6",""
"Geral / Outros","S19","Tabela do Sistema Petrus","S19_ORDEM","int(4)","NAO","",""
"Usuários, Perfis e Acessos","S2","Usuários do Sistema (Login/Senha)","S2_ID","int(4)","SIM","",""
"Usuários, Perfis e Acessos","S2","Usuários do Sistema (Login/Senha)","S1_ID","int(4)","NAO","S1",""
"Usuários, Perfis e Acessos","S2","Usuários do Sistema (Login/Senha)","S2_SELECIONE","bit(1)","NAO","",""
"Usuários, Perfis e Acessos","S2","Usuários do Sistema (Login/Senha)","S2_DATA_INCLUSAO","datetime(8)","NAO","",""
"Usuários, Perfis e Acessos","S2","Usuários do Sistema (Login/Senha)","S2_DATA_ALTERACAO","datetime(8)","NAO","",""
"Usuários, Perfis e Acessos","S2","Usuários do Sistema (Login/Senha)","S2_USUARIO_INCLUSAO","varchar(50)","NAO","",""
"Usuários, Perfis e Acessos","S2","Usuários do Sistema (Login/Senha)","S2_USUARIO_ALTERACAO","varchar(50)","NAO","",""
"Usuários, Perfis e Acessos","S2","Usuários do Sistema (Login/Senha)","S2_USUARIO","varchar(50)","NAO","",""
"Usuários, Perfis e Acessos","S2","Usuários do Sistema (Login/Senha)","S2_NOME","varchar(50)","NAO","",""
"Usuários, Perfis e Acessos","S2","Usuários do Sistema (Login/Senha)","S2_SENHA","varchar(50)","NAO","",""
"Usuários, Perfis e Acessos","S2","Usuários do Sistema (Login/Senha)","S2_STATUS","varchar(10)","NAO","","Máquina de estados (Aberto, Fechado, etc)"
"Usuários, Perfis e Acessos","S2","Usuários do Sistema (Login/Senha)","S2_EMAIL","varchar(500)","NAO","",""
"Usuários, Perfis e Acessos","S2","Usuários do Sistema (Login/Senha)","S2_SENHA_EMAIL","varchar(50)","NAO","",""
"Usuários, Perfis e Acessos","S2","Usuários do Sistema (Login/Senha)","S2_SERVIDOR","varchar(150)","NAO","",""
"Usuários, Perfis e Acessos","S2","Usuários do Sistema (Login/Senha)","S2_PORTA","int(4)","NAO","",""
"Usuários, Perfis e Acessos","S2","Usuários do Sistema (Login/Senha)","S2_CONEXAO_SEGURA","bit(1)","NAO","",""
"Usuários, Perfis e Acessos","S2","Usuários do Sistema (Login/Senha)","D10_ID","int(4)","NAO","D10",""
"Usuários, Perfis e Acessos","S2","Usuários do Sistema (Login/Senha)","S2_VERSAO","varchar(50)","NAO","",""
"Geral / Outros","S21","Tabela do Sistema Petrus","S21_ID","int(4)","SIM","",""
"Geral / Outros","S21","Tabela do Sistema Petrus","S1_ID","int(4)","NAO","S1",""
"Geral / Outros","S21","Tabela do Sistema Petrus","S21_SELECIONE","bit(1)","NAO","",""
"Geral / Outros","S21","Tabela do Sistema Petrus","S21_DATA_INCLUSAO","datetime(8)","NAO","",""
"Geral / Outros","S21","Tabela do Sistema Petrus","S21_DATA_ALTERACAO","datetime(8)","NAO","",""
"Geral / Outros","S21","Tabela do Sistema Petrus","S21_USUARIO_INCLUSAO","varchar(50)","NAO","",""
"Geral / Outros","S21","Tabela do Sistema Petrus","S21_USUARIO_ALTERACAO","varchar(50)","NAO","",""
"Geral / Outros","S21","Tabela do Sistema Petrus","S21_DESCRICAO","varchar(50)","NAO","",""
"Geral / Outros","S21","Tabela do Sistema Petrus","S21_TIPO","varchar(15)","NAO","",""
"Geral / Outros","S21","Tabela do Sistema Petrus","S6_ID","int(4)","NAO","S6",""
"Geral / Outros","S24","Tabela do Sistema Petrus","S24_ID","int(4)","SIM","",""
"Geral / Outros","S24","Tabela do Sistema Petrus","S1_ID","int(4)","NAO","S1",""
"Geral / Outros","S24","Tabela do Sistema Petrus","S24_SELECIONE","bit(1)","NAO","",""
"Geral / Outros","S24","Tabela do Sistema Petrus","S24_DATA_INCLUSAO","datetime(8)","NAO","",""
"Geral / Outros","S24","Tabela do Sistema Petrus","S24_DATA_ALTERACAO","datetime(8)","NAO","",""
"Geral / Outros","S24","Tabela do Sistema Petrus","S24_USUARIO_INCLUSAO","varchar(50)","NAO","",""
"Geral / Outros","S24","Tabela do Sistema Petrus","S24_USUARIO_ALTERACAO","varchar(50)","NAO","",""
"Geral / Outros","S24","Tabela do Sistema Petrus","S24_DESCRICAO","varchar(50)","NAO","",""
"Geral / Outros","S25","Tabela do Sistema Petrus","S25_ID","int(4)","SIM","",""
"Geral / Outros","S25","Tabela do Sistema Petrus","S1_ID","int(4)","NAO","S1",""
"Geral / Outros","S25","Tabela do Sistema Petrus","S25_SELECIONE","bit(1)","NAO","",""
"Geral / Outros","S25","Tabela do Sistema Petrus","S25_DATA_INCLUSAO","datetime(8)","NAO","",""
"Geral / Outros","S25","Tabela do Sistema Petrus","S25_DATA_ALTERACAO","datetime(8)","NAO","",""
"Geral / Outros","S25","Tabela do Sistema Petrus","S25_USUARIO_INCLUSAO","varchar(50)","NAO","",""
"Geral / Outros","S25","Tabela do Sistema Petrus","S25_USUARIO_ALTERACAO","varchar(50)","NAO","",""
"Geral / Outros","S25","Tabela do Sistema Petrus","S25_DESCRICAO","varchar(50)","NAO","",""
"Geral / Outros","S26","Tabela do Sistema Petrus","S26_ID","int(4)","SIM","",""
"Geral / Outros","S26","Tabela do Sistema Petrus","S1_ID","int(4)","NAO","S1",""
"Geral / Outros","S26","Tabela do Sistema Petrus","S26_DESCRICAO","varchar(50)","NAO","",""
"Geral / Outros","S26","Tabela do Sistema Petrus","S26_TIPO","varchar(15)","NAO","",""
"Geral / Outros","S26","Tabela do Sistema Petrus","S26_SELECIONE","bit(1)","NAO","",""
"Geral / Outros","S26","Tabela do Sistema Petrus","S26_DATA_INCLUSAO","datetime(8)","NAO","",""
"Geral / Outros","S26","Tabela do Sistema Petrus","S26_DATA_ALTERACAO","datetime(8)","NAO","",""
"Geral / Outros","S26","Tabela do Sistema Petrus","S26_USUARIO_INCLUSAO","varchar(50)","NAO","",""
"Geral / Outros","S26","Tabela do Sistema Petrus","S26_USUARIO_ALTERACAO","varchar(50)","NAO","",""
"Geral / Outros","S26","Tabela do Sistema Petrus","S8_ID","int(4)","NAO","S8",""
"Geral / Outros","S26","Tabela do Sistema Petrus","S26_REGISTRO","int(4)","NAO","",""
"Geral / Outros","S29","Tabela do Sistema Petrus","S29_ID","int(4)","SIM","",""
"Geral / Outros","S29","Tabela do Sistema Petrus","S7_ID","int(4)","NAO","S7",""
"Geral / Outros","S29","Tabela do Sistema Petrus","S6_ID","int(4)","NAO","S6",""
"Geral / Outros","S29","Tabela do Sistema Petrus","S29_SELECIONE","bit(1)","NAO","",""
"Geral / Outros","S29","Tabela do Sistema Petrus","S29_DATA_INCLUSAO","datetime(8)","NAO","",""
"Geral / Outros","S29","Tabela do Sistema Petrus","S29_DATA_ALTERACAO","datetime(8)","NAO","",""
"Geral / Outros","S29","Tabela do Sistema Petrus","S29_USUARIO_INCLUSAO","varchar(50)","NAO","",""
"Geral / Outros","S29","Tabela do Sistema Petrus","S29_USUARIO_ALTERACAO","varchar(50)","NAO","",""
"Geral / Outros","S29","Tabela do Sistema Petrus","S1_ID","int(4)","NAO","S1",""
"Geral / Outros","S30","Tabela do Sistema Petrus","S30_ID","int(4)","SIM","",""
"Geral / Outros","S30","Tabela do Sistema Petrus","S7_ID","int(4)","NAO","S7",""
"Geral / Outros","S30","Tabela do Sistema Petrus","S10_ID","int(4)","NAO","S10",""
"Geral / Outros","S30","Tabela do Sistema Petrus","S30_SELECIONE","bit(1)","NAO","",""
"Geral / Outros","S30","Tabela do Sistema Petrus","S30_DATA_INCLUSAO","datetime(8)","NAO","",""
"Geral / Outros","S30","Tabela do Sistema Petrus","S30_DATA_ALTERACAO","datetime(8)","NAO","",""
"Geral / Outros","S30","Tabela do Sistema Petrus","S30_USUARIO_INCLUSAO","varchar(50)","NAO","",""
"Geral / Outros","S30","Tabela do Sistema Petrus","S30_USUARIO_ALTERACAO","varchar(50)","NAO","",""
"Geral / Outros","S30","Tabela do Sistema Petrus","S1_ID","int(4)","NAO","S1",""
"Geral / Outros","S30","Tabela do Sistema Petrus","S30_ORDEM","int(4)","NAO","",""
"Geral / Outros","S31","Tabela do Sistema Petrus","S31_ID","int(4)","SIM","",""
"Geral / Outros","S31","Tabela do Sistema Petrus","S31_DESCRICAO","varchar(50)","NAO","",""
"Geral / Outros","S31","Tabela do Sistema Petrus","S8_ID","int(4)","NAO","S8",""
"Geral / Outros","S31","Tabela do Sistema Petrus","S31_DATA","varchar(50)","NAO","",""
"Geral / Outros","S31","Tabela do Sistema Petrus","S31_VALOR","varchar(50)","NAO","","Campo monetário"
"Geral / Outros","S31","Tabela do Sistema Petrus","S31_SUMARIO","varchar(50)","NAO","",""
"Geral / Outros","S31","Tabela do Sistema Petrus","S31_TAMANHO","varchar(20)","NAO","",""
"Geral / Outros","S31","Tabela do Sistema Petrus","S4_ID","int(4)","NAO","S4",""
"Geral / Outros","S31","Tabela do Sistema Petrus","S31_TIPO","varchar(20)","NAO","",""
"Geral / Outros","S31","Tabela do Sistema Petrus","S1_ID","int(4)","NAO","S1",""
"Geral / Outros","S31","Tabela do Sistema Petrus","S31_SELECIONE","bit(1)","NAO","",""
"Geral / Outros","S31","Tabela do Sistema Petrus","S31_DATA_INCLUSAO","datetime(8)","NAO","",""
"Geral / Outros","S31","Tabela do Sistema Petrus","S31_DATA_ALTERACAO","datetime(8)","NAO","",""
"Geral / Outros","S31","Tabela do Sistema Petrus","S31_USUARIO_INCLUSAO","varchar(50)","NAO","",""
"Geral / Outros","S31","Tabela do Sistema Petrus","S31_USUARIO_ALTERACAO","varchar(50)","NAO","",""
"Geral / Outros","S31","Tabela do Sistema Petrus","S31_CONTROLE","varchar(50)","NAO","",""
"Geral / Outros","S33","Tabela do Sistema Petrus","S11_ID","int(4)","NAO","S11",""
"Geral / Outros","S33","Tabela do Sistema Petrus","S6_ID","int(4)","NAO","S6",""
"Geral / Outros","S33","Tabela do Sistema Petrus","S33_ID","int(4)","SIM","",""
"Geral / Outros","S33","Tabela do Sistema Petrus","S1_ID","int(4)","NAO","S1",""
"Geral / Outros","S33","Tabela do Sistema Petrus","S33_SELECIONE","bit(1)","NAO","",""
"Geral / Outros","S33","Tabela do Sistema Petrus","S33_DATA_INCLUSAO","datetime(8)","NAO","",""
"Geral / Outros","S33","Tabela do Sistema Petrus","S33_DATA_ALTERACAO","datetime(8)","NAO","",""
"Geral / Outros","S33","Tabela do Sistema Petrus","S33_USUARIO_INCLUSAO","varchar(50)","NAO","",""
"Geral / Outros","S33","Tabela do Sistema Petrus","S33_USUARIO_ALTERACAO","varchar(50)","NAO","",""
"Geral / Outros","S34","Tabela do Sistema Petrus","S11_ID","int(4)","NAO","S11",""
"Geral / Outros","S34","Tabela do Sistema Petrus","S10_ID","int(4)","NAO","S10",""
"Geral / Outros","S34","Tabela do Sistema Petrus","S34_ID","int(4)","SIM","",""
"Geral / Outros","S34","Tabela do Sistema Petrus","S1_ID","int(4)","NAO","S1",""
"Geral / Outros","S34","Tabela do Sistema Petrus","S34_SELECIONE","bit(1)","NAO","",""
"Geral / Outros","S34","Tabela do Sistema Petrus","S34_DATA_INCLUSAO","datetime(8)","NAO","",""
"Geral / Outros","S34","Tabela do Sistema Petrus","S34_DATA_ALTERACAO","datetime(8)","NAO","",""
"Geral / Outros","S34","Tabela do Sistema Petrus","S34_USUARIO_INCLUSAO","varchar(50)","NAO","",""
"Geral / Outros","S34","Tabela do Sistema Petrus","S34_USUARIO_ALTERACAO","varchar(50)","NAO","",""
"Geral / Outros","S34","Tabela do Sistema Petrus","S34_ORDEM","int(4)","NAO","",""
"Geral / Outros","S36","Tabela do Sistema Petrus","S36_ID","int(4)","SIM","",""
"Geral / Outros","S36","Tabela do Sistema Petrus","S1_ID","int(4)","NAO","S1",""
"Geral / Outros","S36","Tabela do Sistema Petrus","S36_SELECIONE","bit(1)","NAO","",""
"Geral / Outros","S36","Tabela do Sistema Petrus","S36_DATA_INCLUSAO","datetime(8)","NAO","",""
"Geral / Outros","S36","Tabela do Sistema Petrus","S36_DATA_ALTERACAO","datetime(8)","NAO","",""
"Geral / Outros","S36","Tabela do Sistema Petrus","S36_USUARIO_INCLUSAO","varchar(50)","NAO","",""
"Geral / Outros","S36","Tabela do Sistema Petrus","S36_USUARIO_ALTERACAO","varchar(50)","NAO","",""
"Geral / Outros","S36","Tabela do Sistema Petrus","S36_DESCRICAO","varchar(50)","NAO","",""
"Geral / Outros","S36","Tabela do Sistema Petrus","S8_ID","int(4)","NAO","S8",""
"Geral / Outros","S36","Tabela do Sistema Petrus","S36_SUMARIO","int(4)","NAO","",""
"Geral / Outros","S36","Tabela do Sistema Petrus","S36_FILTRO","int(4)","NAO","",""
"Geral / Outros","S36","Tabela do Sistema Petrus","S36_VALOR","varchar(50)","NAO","","Campo monetário"
"Geral / Outros","S36","Tabela do Sistema Petrus","S36_TIPO","varchar(20)","NAO","",""
"Geral / Outros","S36","Tabela do Sistema Petrus","S4_ID","int(4)","NAO","S4",""
"Geral / Outros","S37","Tabela do Sistema Petrus","S37_ID","int(4)","SIM","",""
"Geral / Outros","S37","Tabela do Sistema Petrus","S1_ID","int(4)","NAO","S1",""
"Geral / Outros","S37","Tabela do Sistema Petrus","S37_SELECIONE","bit(1)","NAO","",""
"Geral / Outros","S37","Tabela do Sistema Petrus","S37_DATA_INCLUSAO","datetime(8)","NAO","",""
"Geral / Outros","S37","Tabela do Sistema Petrus","S37_DATA_ALTERACAO","datetime(8)","NAO","",""
"Geral / Outros","S37","Tabela do Sistema Petrus","S37_USUARIO_INCLUSAO","varchar(50)","NAO","",""
"Geral / Outros","S37","Tabela do Sistema Petrus","S37_USUARIO_ALTERACAO","varchar(50)","NAO","",""
"Geral / Outros","S37","Tabela do Sistema Petrus","S37_ORIGEM","int(4)","NAO","",""
"Geral / Outros","S37","Tabela do Sistema Petrus","S37_DESTINO","int(4)","NAO","",""
"Geral / Outros","S37","Tabela do Sistema Petrus","S37_TIPO","varchar(20)","NAO","",""
"Geral / Outros","S37","Tabela do Sistema Petrus","S37_DESCRICAO","varchar(50)","NAO","",""
"Geral / Outros","S37","Tabela do Sistema Petrus","S37_FILTRO","varchar(50)","NAO","",""
"Geral / Outros","S37","Tabela do Sistema Petrus","S37_VALOR","varchar(50)","NAO","","Campo monetário"
"Geral / Outros","S38","Tabela do Sistema Petrus","S38_ID","int(4)","SIM","",""
"Geral / Outros","S38","Tabela do Sistema Petrus","S1_ID","int(4)","NAO","S1",""
"Geral / Outros","S38","Tabela do Sistema Petrus","S38_SELECIONE","bit(1)","NAO","",""
"Geral / Outros","S38","Tabela do Sistema Petrus","S38_DATA_INCLUSAO","datetime(8)","NAO","",""
"Geral / Outros","S38","Tabela do Sistema Petrus","S38_DATA_ALTERACAO","datetime(8)","NAO","",""
"Geral / Outros","S38","Tabela do Sistema Petrus","S38_USUARIO_INCLUSAO","varchar(50)","NAO","",""
"Geral / Outros","S38","Tabela do Sistema Petrus","S38_USUARIO_ALTERACAO","varchar(50)","NAO","",""
"Geral / Outros","S38","Tabela do Sistema Petrus","S38_NOME","varchar(50)","NAO","",""
"Geral / Outros","S38","Tabela do Sistema Petrus","S38_SUBDIVISAO","varchar(50)","NAO","",""
"Geral / Outros","S38","Tabela do Sistema Petrus","S18_ID","int(4)","NAO","S18",""
"Geral / Outros","S39","Tabela do Sistema Petrus","S39_ID","int(4)","SIM","",""
"Geral / Outros","S39","Tabela do Sistema Petrus","S8_ID","int(4)","NAO","S8",""
"Geral / Outros","S39","Tabela do Sistema Petrus","S39_DESCRICAO","varchar(50)","NAO","",""
"Geral / Outros","S39","Tabela do Sistema Petrus","S1_ID","int(4)","NAO","S1",""
"Geral / Outros","S39","Tabela do Sistema Petrus","S39_SELECIONE","bit(1)","NAO","",""
"Geral / Outros","S39","Tabela do Sistema Petrus","S39_DATA_INCLUSAO","datetime(8)","NAO","",""
"Geral / Outros","S39","Tabela do Sistema Petrus","S39_DATA_ALTERACAO","datetime(8)","NAO","",""
"Geral / Outros","S39","Tabela do Sistema Petrus","S39_USUARIO_INCLUSAO","varchar(50)","NAO","",""
"Geral / Outros","S39","Tabela do Sistema Petrus","S39_USUARIO_ALTERACAO","varchar(50)","NAO","",""
"Geral / Outros","S39","Tabela do Sistema Petrus","S39_NOME","varchar(50)","NAO","",""
"Geral / Outros","S39","Tabela do Sistema Petrus","S39_ORDEM","int(4)","NAO","",""
"Geral / Outros","S39","Tabela do Sistema Petrus","S39_VISIVEL","bit(1)","NAO","",""
"Geral / Outros","S39","Tabela do Sistema Petrus","S39_TIPO","varchar(50)","NAO","",""
"Geral / Outros","S39","Tabela do Sistema Petrus","S39_ID_1","int(4)","NAO","",""
"Geral / Outros","S4","Tabela do Sistema Petrus","S4_ID","int(4)","SIM","",""
"Geral / Outros","S4","Tabela do Sistema Petrus","S1_ID","int(4)","NAO","S1",""
"Geral / Outros","S4","Tabela do Sistema Petrus","S4_DESCRICAO","varchar(50)","NAO","",""
"Geral / Outros","S4","Tabela do Sistema Petrus","S4_SELECIONE","bit(1)","NAO","",""
"Geral / Outros","S4","Tabela do Sistema Petrus","S4_DATA_INCLUSAO","datetime(8)","NAO","",""
"Geral / Outros","S4","Tabela do Sistema Petrus","S4_DATA_ALTERACAO","datetime(8)","NAO","",""
"Geral / Outros","S4","Tabela do Sistema Petrus","S4_USUARIO_INCLUSAO","varchar(50)","NAO","",""
"Geral / Outros","S4","Tabela do Sistema Petrus","S4_USUARIO_ALTERACAO","varchar(50)","NAO","",""
"Geral / Outros","S41","Tabela do Sistema Petrus","S41_TIPO_ARQUIVO","varchar(20)","NAO","",""
"Geral / Outros","S41","Tabela do Sistema Petrus","S41_ARQUIVO_CERTIFICADO","varchar(150)","NAO","",""
"Geral / Outros","S41","Tabela do Sistema Petrus","S41_NUMERO_SERIE","varchar(50)","NAO","",""
"Geral / Outros","S41","Tabela do Sistema Petrus","S41_SENHA_CERTIFICADO","varchar(20)","NAO","",""
"Geral / Outros","S41","Tabela do Sistema Petrus","S41_ID","int(4)","SIM","",""
"Geral / Outros","S41","Tabela do Sistema Petrus","S1_ID","int(4)","NAO","S1",""
"Geral / Outros","S41","Tabela do Sistema Petrus","S41_SELECIONE","bit(1)","NAO","",""
"Geral / Outros","S41","Tabela do Sistema Petrus","S41_DATA_INCLUSAO","datetime(8)","NAO","",""
"Geral / Outros","S41","Tabela do Sistema Petrus","S41_DATA_ALTERACAO","datetime(8)","NAO","",""
"Geral / Outros","S41","Tabela do Sistema Petrus","S41_USUARIO_INCLUSAO","varchar(50)","NAO","",""
"Geral / Outros","S41","Tabela do Sistema Petrus","S41_USUARIO_ALTERACAO","varchar(50)","NAO","",""
"Geral / Outros","S41","Tabela do Sistema Petrus","S41_ATIVO","bit(1)","NAO","",""
"Geral / Outros","S41","Tabela do Sistema Petrus","S2_ID","int(4)","NAO","S2",""
"Geral / Outros","S41","Tabela do Sistema Petrus","S41_ARQUIVO_CERTIFICADO_BIN","varbinary(-1)","NAO","",""
"Geral / Outros","S42","Tabela do Sistema Petrus","S42_ID","int(4)","SIM","",""
"Geral / Outros","S42","Tabela do Sistema Petrus","S1_ID","int(4)","NAO","S1",""
"Geral / Outros","S42","Tabela do Sistema Petrus","S42_TIPO","varchar(15)","NAO","",""
"Geral / Outros","S42","Tabela do Sistema Petrus","S42_EMAIL","varchar(500)","NAO","",""
"Geral / Outros","S42","Tabela do Sistema Petrus","S42_CONTATO","varchar(20)","NAO","",""
"Geral / Outros","S42","Tabela do Sistema Petrus","S42_SELECIONE","bit(1)","NAO","",""
"Geral / Outros","S42","Tabela do Sistema Petrus","S42_DATA_INCLUSAO","datetime(8)","NAO","",""
"Geral / Outros","S42","Tabela do Sistema Petrus","S42_DATA_ALTERACAO","datetime(8)","NAO","",""
"Geral / Outros","S42","Tabela do Sistema Petrus","S42_USUARIO_INCLUSAO","varchar(50)","NAO","",""
"Geral / Outros","S42","Tabela do Sistema Petrus","S42_USUARIO_ALTERACAO","varchar(50)","NAO","",""
"Geral / Outros","S43","Tabela do Sistema Petrus","S1_ID","int(4)","NAO","S1",""
"Geral / Outros","S43","Tabela do Sistema Petrus","S43_TIPO","varchar(15)","NAO","",""
"Geral / Outros","S43","Tabela do Sistema Petrus","S43_DDI","varchar(5)","NAO","",""
"Geral / Outros","S43","Tabela do Sistema Petrus","S43_DDD","varchar(5)","NAO","",""
"Geral / Outros","S43","Tabela do Sistema Petrus","S43_TELEFONE","varchar(20)","NAO","",""
"Geral / Outros","S43","Tabela do Sistema Petrus","S43_CONTATO","varchar(20)","NAO","",""
"Geral / Outros","S43","Tabela do Sistema Petrus","S43_SELECIONE","bit(1)","NAO","",""
"Geral / Outros","S43","Tabela do Sistema Petrus","S43_DATA_INCLUSAO","datetime(8)","NAO","",""
"Geral / Outros","S43","Tabela do Sistema Petrus","S43_DATA_ALTERACAO","datetime(8)","NAO","",""
"Geral / Outros","S43","Tabela do Sistema Petrus","S43_USUARIO_INCLUSAO","varchar(50)","NAO","",""
"Geral / Outros","S43","Tabela do Sistema Petrus","S43_USUARIO_ALTERACAO","varchar(50)","NAO","",""
"Geral / Outros","S43","Tabela do Sistema Petrus","S43_ID","int(4)","SIM","",""
"Geral / Outros","S44","Tabela do Sistema Petrus","S44_USUARIO_INCLUSAO","varchar(50)","NAO","",""
"Geral / Outros","S44","Tabela do Sistema Petrus","S44_USUARIO_ALTERACAO","varchar(50)","NAO","",""
"Geral / Outros","S44","Tabela do Sistema Petrus","S44_NOME","varchar(50)","NAO","",""
"Geral / Outros","S44","Tabela do Sistema Petrus","S44_CNPJ_CPF","varchar(20)","NAO","",""
"Geral / Outros","S44","Tabela do Sistema Petrus","S44_FAIXA_ETARIA","varchar(30)","NAO","",""
"Geral / Outros","S44","Tabela do Sistema Petrus","S44_QUALIFICACAO","varchar(50)","NAO","",""
"Geral / Outros","S44","Tabela do Sistema Petrus","S44_ID","int(4)","SIM","",""
"Geral / Outros","S44","Tabela do Sistema Petrus","S1_ID","int(4)","NAO","S1",""
"Geral / Outros","S44","Tabela do Sistema Petrus","S44_SELECIONE","bit(1)","NAO","",""
"Geral / Outros","S44","Tabela do Sistema Petrus","S44_DATA_INCLUSAO","datetime(8)","NAO","",""
"Geral / Outros","S44","Tabela do Sistema Petrus","S44_DATA_ALTERACAO","datetime(8)","NAO","",""
"Geral / Outros","S46","Tabela do Sistema Petrus","S46_ID","int(4)","SIM","",""
"Geral / Outros","S46","Tabela do Sistema Petrus","S1_ID","int(4)","NAO","S1",""
"Geral / Outros","S46","Tabela do Sistema Petrus","S46_DESCRICAO","varchar(-1)","NAO","",""
"Geral / Outros","S46","Tabela do Sistema Petrus","S46_CNAE","int(4)","NAO","",""
"Geral / Outros","S46","Tabela do Sistema Petrus","S46_SELECIONE","bit(1)","NAO","",""
"Geral / Outros","S46","Tabela do Sistema Petrus","S46_DATA_INCLUSAO","datetime(8)","NAO","",""
"Geral / Outros","S46","Tabela do Sistema Petrus","S46_DATA_ALTERACAO","datetime(8)","NAO","",""
"Geral / Outros","S46","Tabela do Sistema Petrus","S46_USUARIO_INCLUSAO","varchar(50)","NAO","",""
"Geral / Outros","S46","Tabela do Sistema Petrus","S46_USUARIO_ALTERACAO","varchar(50)","NAO","",""
"Geral / Outros","S46","Tabela do Sistema Petrus","S46_COD_SETOR","int(4)","NAO","",""
"Geral / Outros","S47","Tabela do Sistema Petrus","S47_ID","int(4)","SIM","",""
"Geral / Outros","S47","Tabela do Sistema Petrus","S1_ID","int(4)","NAO","S1",""
"Geral / Outros","S47","Tabela do Sistema Petrus","S47_SELECIONE","bit(1)","NAO","",""
"Geral / Outros","S47","Tabela do Sistema Petrus","S47_DATA_INCLUSAO","datetime(8)","NAO","",""
"Geral / Outros","S47","Tabela do Sistema Petrus","S47_DATA_ALTERACAO","datetime(8)","NAO","",""
"Geral / Outros","S47","Tabela do Sistema Petrus","S47_USUARIO_INCLUSAO","varchar(50)","NAO","",""
"Geral / Outros","S47","Tabela do Sistema Petrus","S47_USUARIO_ALTERACAO","varchar(50)","NAO","",""
"Geral / Outros","S47","Tabela do Sistema Petrus","S47_DESCRICAO","varchar(50)","NAO","",""
"Geral / Outros","S47","Tabela do Sistema Petrus","S53_ID","int(4)","NAO","S53",""
"Geral / Outros","S47","Tabela do Sistema Petrus","S38_ID","int(4)","NAO","S38",""
"Geral / Outros","S47","Tabela do Sistema Petrus","S10_ID","int(4)","NAO","S10",""
"Fiscal / Faturamento","S48","Tabela do Sistema Petrus","S48_ID","int(4)","SIM","",""
"Fiscal / Faturamento","S48","Tabela do Sistema Petrus","S1_ID","int(4)","NAO","S1",""
"Fiscal / Faturamento","S48","Tabela do Sistema Petrus","S48_SELECIONE","bit(1)","NAO","",""
"Fiscal / Faturamento","S48","Tabela do Sistema Petrus","S48_DATA_INCLUSAO","datetime(8)","NAO","",""
"Fiscal / Faturamento","S48","Tabela do Sistema Petrus","S48_DATA_ALTERACAO","datetime(8)","NAO","",""
"Fiscal / Faturamento","S48","Tabela do Sistema Petrus","S48_USUARIO_INCLUSAO","varchar(50)","NAO","",""
"Fiscal / Faturamento","S48","Tabela do Sistema Petrus","S48_USUARIO_ALTERACAO","varchar(50)","NAO","",""
"Fiscal / Faturamento","S48","Tabela do Sistema Petrus","S48_NF_INICIAL","int(4)","NAO","",""
"Fiscal / Faturamento","S48","Tabela do Sistema Petrus","S48_AMBIENTE","varchar(15)","NAO","",""
"Fiscal / Faturamento","S48","Tabela do Sistema Petrus","S48_CID_TOKEN","varchar(50)","NAO","",""
"Fiscal / Faturamento","S48","Tabela do Sistema Petrus","S48_CSC","varchar(50)","NAO","",""
"Fiscal / Faturamento","S48","Tabela do Sistema Petrus","S48_TIPO_OPERACAO","varchar(50)","NAO","",""
"Fiscal / Faturamento","S48","Tabela do Sistema Petrus","S48_EXIBIR_LOGO_DANFCE","bit(1)","NAO","",""
"Fiscal / Faturamento","S48","Tabela do Sistema Petrus","S48_EXIBIR_LOGO_DANFE","bit(1)","NAO","",""
"Fiscal / Faturamento","S48","Tabela do Sistema Petrus","S48_EXIBIR_TOTAL_TRIBUTOS","bit(1)","NAO","",""
"Fiscal / Faturamento","S48","Tabela do Sistema Petrus","S48_EXIBIR_CAMPO_FATURA","bit(1)","NAO","",""
"Fiscal / Faturamento","S48","Tabela do Sistema Petrus","S48_GERAR_NFE","bit(1)","NAO","",""
"Fiscal / Faturamento","S48","Tabela do Sistema Petrus","S48_MAXIMO_REGISTROS","int(4)","NAO","",""
"Fiscal / Faturamento","S48","Tabela do Sistema Petrus","S48_MAXIMO_REGISTROS_PESQUISA","int(4)","NAO","",""
"Fiscal / Faturamento","S48","Tabela do Sistema Petrus","S48_MDF_INICIAL","int(4)","NAO","",""
"Fiscal / Faturamento","S48","Tabela do Sistema Petrus","S48_SERIE","int(4)","NAO","",""
"Fiscal / Faturamento","S48","Tabela do Sistema Petrus","S48_EXIBIR_LOGO_DAMDFE","int(4)","NAO","",""
"Fiscal / Faturamento","S48","Tabela do Sistema Petrus","S48_VL_INICIAL","int(4)","NAO","",""
"Fiscal / Faturamento","S48","Tabela do Sistema Petrus","S48_NSU","int(4)","NAO","",""
"Fiscal / Faturamento","S48","Tabela do Sistema Petrus","S48_DATA_ULTIMO_NSU","int(4)","NAO","",""
"Usuários, Perfis e Acessos","S49","Tabela do Sistema Petrus","S49_ID","int(4)","SIM","",""
"Usuários, Perfis e Acessos","S49","Tabela do Sistema Petrus","S1_ID","int(4)","NAO","S1",""
"Usuários, Perfis e Acessos","S49","Tabela do Sistema Petrus","S49_SELECIONE","bit(1)","NAO","",""
"Usuários, Perfis e Acessos","S49","Tabela do Sistema Petrus","S49_DATA_INCLUSAO","datetime(8)","NAO","",""
"Usuários, Perfis e Acessos","S49","Tabela do Sistema Petrus","S49_DATA_ALTERACAO","datetime(8)","NAO","",""
"Usuários, Perfis e Acessos","S49","Tabela do Sistema Petrus","S49_USUARIO_INCLUSAO","varchar(50)","NAO","",""
"Usuários, Perfis e Acessos","S49","Tabela do Sistema Petrus","S49_USUARIO_ALTERACAO","varchar(50)","NAO","",""
"Usuários, Perfis e Acessos","S49","Tabela do Sistema Petrus","S49_TELA","varchar(20)","NAO","",""
"Usuários, Perfis e Acessos","S49","Tabela do Sistema Petrus","S49_DUPLO_CLIQUE","varchar(20)","NAO","",""
"Usuários, Perfis e Acessos","S49","Tabela do Sistema Petrus","S49_TELA_CONSULTA","varchar(20)","NAO","",""
"Usuários, Perfis e Acessos","S49","Tabela do Sistema Petrus","S2_ID","int(4)","NAO","S2",""
"Usuários, Perfis e Acessos","S49","Tabela do Sistema Petrus","S49_LAYOUT","varchar(20)","NAO","",""
"Geral / Outros","S5","Tabela do Sistema Petrus","S5_ID","int(4)","SIM","",""
"Geral / Outros","S5","Tabela do Sistema Petrus","S1_ID","int(4)","NAO","S1",""
"Geral / Outros","S5","Tabela do Sistema Petrus","S5_DESCRICAO","varchar(50)","NAO","",""
"Geral / Outros","S5","Tabela do Sistema Petrus","S5_SELECIONE","bit(1)","NAO","",""
"Geral / Outros","S5","Tabela do Sistema Petrus","S5_DATA_INCLUSAO","datetime(8)","NAO","",""
"Geral / Outros","S5","Tabela do Sistema Petrus","S5_DATA_ALTERACAO","datetime(8)","NAO","",""
"Geral / Outros","S5","Tabela do Sistema Petrus","S5_USUARIO_INCLUSAO","varchar(50)","NAO","",""
"Geral / Outros","S5","Tabela do Sistema Petrus","S5_USUARIO_ALTERACAO","varchar(50)","NAO","",""
"Geral / Outros","S5","Tabela do Sistema Petrus","S16_ID","int(4)","NAO","",""
"Geral / Outros","S5","Tabela do Sistema Petrus","S4_ID","int(4)","NAO","S4",""
"Geral / Outros","S50","Tabela do Sistema Petrus","S50_ID","int(4)","SIM","",""
"Geral / Outros","S50","Tabela do Sistema Petrus","S1_ID","int(4)","NAO","S1",""
"Geral / Outros","S50","Tabela do Sistema Petrus","S50_SELECIONE","bit(1)","NAO","",""
"Geral / Outros","S50","Tabela do Sistema Petrus","S50_DATA_INCLUSAO","datetime(8)","NAO","",""
"Geral / Outros","S50","Tabela do Sistema Petrus","S50_DATA_ALTERACAO","datetime(8)","NAO","",""
"Geral / Outros","S50","Tabela do Sistema Petrus","S50_USUARIO_INCLUSAO","varchar(50)","NAO","",""
"Geral / Outros","S50","Tabela do Sistema Petrus","S50_USUARIO_ALTERACAO","varchar(50)","NAO","",""
"Geral / Outros","S50","Tabela do Sistema Petrus","S50_DIA","varchar(20)","NAO","",""
"Geral / Outros","S50","Tabela do Sistema Petrus","S50_INICIO","datetime(8)","NAO","",""
"Geral / Outros","S50","Tabela do Sistema Petrus","S50_FIM","datetime(8)","NAO","",""
"Geral / Outros","S50","Tabela do Sistema Petrus","S2_ID","int(4)","NAO","S2",""
"Geral / Outros","S52","Tabela do Sistema Petrus","S52_ID","int(4)","SIM","",""
"Geral / Outros","S52","Tabela do Sistema Petrus","S1_ID","int(4)","NAO","S1",""
"Geral / Outros","S52","Tabela do Sistema Petrus","S52_SELECIONE","bit(1)","NAO","",""
"Geral / Outros","S52","Tabela do Sistema Petrus","S52_DATA_INCLUSAO","datetime(8)","NAO","",""
"Geral / Outros","S52","Tabela do Sistema Petrus","S52_DATA_ALTERACAO","datetime(8)","NAO","",""
"Geral / Outros","S52","Tabela do Sistema Petrus","S52_USUARIO_INCLUSAO","varchar(50)","NAO","",""
"Geral / Outros","S52","Tabela do Sistema Petrus","S52_USUARIO_ALTERACAO","varchar(50)","NAO","",""
"Geral / Outros","S52","Tabela do Sistema Petrus","S52_ORIGEM","int(4)","NAO","",""
"Geral / Outros","S52","Tabela do Sistema Petrus","S52_DESTINO","int(4)","NAO","",""
"Geral / Outros","S52","Tabela do Sistema Petrus","S52_TIPO","varchar(20)","NAO","",""
"Geral / Outros","S52","Tabela do Sistema Petrus","S52_VARIAVEL","varchar(50)","NAO","",""
"Geral / Outros","S52","Tabela do Sistema Petrus","S37_ID","int(4)","NAO","S37",""
"Geral / Outros","S52","Tabela do Sistema Petrus","S52_RELACIONAL","bit(1)","NAO","",""
"Geral / Outros","S53","Tabela do Sistema Petrus","S53_ID","int(4)","SIM","",""
"Geral / Outros","S53","Tabela do Sistema Petrus","S1_ID","int(4)","NAO","S1",""
"Geral / Outros","S53","Tabela do Sistema Petrus","S53_SELECIONE","bit(1)","NAO","",""
"Geral / Outros","S53","Tabela do Sistema Petrus","S53_DATA_INCLUSAO","datetime(8)","NAO","",""
"Geral / Outros","S53","Tabela do Sistema Petrus","S53_DATA_ALTERACAO","datetime(8)","NAO","",""
"Geral / Outros","S53","Tabela do Sistema Petrus","S53_USUARIO_INCLUSAO","varchar(50)","NAO","",""
"Geral / Outros","S53","Tabela do Sistema Petrus","S53_USUARIO_ALTERACAO","varchar(50)","NAO","",""
"Geral / Outros","S53","Tabela do Sistema Petrus","S18_ID","int(4)","NAO","S18",""
"Geral / Outros","S53","Tabela do Sistema Petrus","S8_ID","int(4)","NAO","S8",""
"Geral / Outros","S54","Tabela do Sistema Petrus","S54_ID","int(4)","SIM","",""
"Geral / Outros","S54","Tabela do Sistema Petrus","S1_ID","int(4)","NAO","S1",""
"Geral / Outros","S54","Tabela do Sistema Petrus","S54_SELECIONE","bit(1)","NAO","",""
"Geral / Outros","S54","Tabela do Sistema Petrus","S54_DATA_INCLUSAO","datetime(8)","NAO","",""
"Geral / Outros","S54","Tabela do Sistema Petrus","S54_DATA_ALTERACAO","datetime(8)","NAO","",""
"Geral / Outros","S54","Tabela do Sistema Petrus","S54_USUARIO_INCLUSAO","varchar(50)","NAO","",""
"Geral / Outros","S54","Tabela do Sistema Petrus","S54_USUARIO_ALTERACAO","varchar(50)","NAO","",""
"Geral / Outros","S54","Tabela do Sistema Petrus","S11_ID","int(4)","NAO","S11",""
"Geral / Outros","S54","Tabela do Sistema Petrus","S54_TIPO","varchar(20)","NAO","",""
"Geral / Outros","S54","Tabela do Sistema Petrus","S39_ID","int(4)","NAO","S39",""
"Geral / Outros","S6","Tabela do Sistema Petrus","S6_ID","int(4)","SIM","",""
"Geral / Outros","S6","Tabela do Sistema Petrus","S1_ID","int(4)","NAO","S1",""
"Geral / Outros","S6","Tabela do Sistema Petrus","S5_ID","int(4)","NAO","S5",""
"Geral / Outros","S6","Tabela do Sistema Petrus","S4_ID","int(4)","NAO","S4",""
"Geral / Outros","S6","Tabela do Sistema Petrus","S6_DESCRICAO","varchar(50)","NAO","",""
"Geral / Outros","S6","Tabela do Sistema Petrus","S6_SELECIONE","bit(1)","NAO","",""
"Geral / Outros","S6","Tabela do Sistema Petrus","S6_DATA_INCLUSAO","datetime(8)","NAO","",""
"Geral / Outros","S6","Tabela do Sistema Petrus","S6_DATA_ALTERACAO","datetime(8)","NAO","",""
"Geral / Outros","S6","Tabela do Sistema Petrus","S6_USUARIO_INCLUSAO","varchar(50)","NAO","",""
"Geral / Outros","S6","Tabela do Sistema Petrus","S6_USUARIO_ALTERACAO","varchar(50)","NAO","",""
"Geral / Outros","S6","Tabela do Sistema Petrus","S6_TIPO","varchar(20)","NAO","",""
"Geral / Outros","S6","Tabela do Sistema Petrus","S16_ID","int(4)","NAO","",""
"Geral / Outros","S6","Tabela do Sistema Petrus","S6_FUNCIONALIDADE","varchar(50)","NAO","",""
"Geral / Outros","S60","Tabela do Sistema Petrus","S60_ID","int(4)","SIM","",""
"Geral / Outros","S60","Tabela do Sistema Petrus","S1_ID","int(4)","NAO","S1",""
"Geral / Outros","S60","Tabela do Sistema Petrus","S60_SELECIONE","bit(1)","NAO","",""
"Geral / Outros","S60","Tabela do Sistema Petrus","S60_DATA_INCLUSAO","datetime(8)","NAO","",""
"Geral / Outros","S60","Tabela do Sistema Petrus","S60_DATA_ALTERACAO","datetime(8)","NAO","",""
"Geral / Outros","S60","Tabela do Sistema Petrus","S60_USUARIO_INCLUSAO","varchar(50)","NAO","",""
"Geral / Outros","S60","Tabela do Sistema Petrus","S60_USUARIO_ALTERACAO","varchar(50)","NAO","",""
"Geral / Outros","S60","Tabela do Sistema Petrus","S7_ID","int(4)","NAO","S7",""
"Geral / Outros","S60","Tabela do Sistema Petrus","S10_ID","int(4)","NAO","S10",""
"Geral / Outros","S60","Tabela do Sistema Petrus","S60_TIPO","varchar(20)","NAO","",""
"Geral / Outros","S60","Tabela do Sistema Petrus","S60_VALOR","varchar(50)","NAO","","Campo monetário"
"Geral / Outros","S61","Tabela do Sistema Petrus","S61_ID","int(4)","SIM","",""
"Geral / Outros","S61","Tabela do Sistema Petrus","S1_ID","int(4)","NAO","S1",""
"Geral / Outros","S61","Tabela do Sistema Petrus","S61_SELECIONE","bit(1)","NAO","",""
"Geral / Outros","S61","Tabela do Sistema Petrus","S61_DATA_INCLUSAO","datetime(8)","NAO","",""
"Geral / Outros","S61","Tabela do Sistema Petrus","S61_DATA_ALTERACAO","datetime(8)","NAO","",""
"Geral / Outros","S61","Tabela do Sistema Petrus","S61_USUARIO_INCLUSAO","varchar(50)","NAO","",""
"Geral / Outros","S61","Tabela do Sistema Petrus","S61_USUARIO_ALTERACAO","varchar(50)","NAO","",""
"Geral / Outros","S61","Tabela do Sistema Petrus","S61_TIPO","varchar(20)","NAO","",""
"Geral / Outros","S61","Tabela do Sistema Petrus","S61_DATA","datetime(8)","NAO","",""
"Geral / Outros","S61","Tabela do Sistema Petrus","S61_VERSAO","varchar(20)","NAO","",""
"Geral / Outros","S63","Tabela do Sistema Petrus","S1_ID","int(4)","NAO","S1",""
"Geral / Outros","S63","Tabela do Sistema Petrus","S63_UF","varchar(10)","NAO","",""
"Geral / Outros","S63","Tabela do Sistema Petrus","S63_IE","varchar(50)","NAO","",""
"Geral / Outros","S63","Tabela do Sistema Petrus","S63_SELECIONE","bit(1)","NAO","",""
"Geral / Outros","S63","Tabela do Sistema Petrus","S63_DATA_INCLUSAO","datetime(8)","NAO","",""
"Geral / Outros","S63","Tabela do Sistema Petrus","S63_DATA_ALTERACAO","datetime(8)","NAO","",""
"Geral / Outros","S63","Tabela do Sistema Petrus","S63_USUARIO_INCLUSAO","varchar(50)","NAO","",""
"Geral / Outros","S63","Tabela do Sistema Petrus","S63_USUARIO_ALTERACAO","varchar(50)","NAO","",""
"Geral / Outros","S63","Tabela do Sistema Petrus","S63_ID","int(4)","SIM","",""
"Geral / Outros","S64","Tabela do Sistema Petrus","S64_ID","int(4)","SIM","",""
"Geral / Outros","S64","Tabela do Sistema Petrus","S1_ID","int(4)","NAO","S1",""
"Geral / Outros","S64","Tabela do Sistema Petrus","S64_SELECIONE","bit(1)","NAO","",""
"Geral / Outros","S64","Tabela do Sistema Petrus","S64_DATA_INCLUSAO","datetime(8)","NAO","",""
"Geral / Outros","S64","Tabela do Sistema Petrus","S64_DATA_ALTERACAO","datetime(8)","NAO","",""
"Geral / Outros","S64","Tabela do Sistema Petrus","S64_USUARIO_INCLUSAO","varchar(50)","NAO","",""
"Geral / Outros","S64","Tabela do Sistema Petrus","S64_USUARIO_ALTERACAO","varchar(50)","NAO","",""
"Geral / Outros","S64","Tabela do Sistema Petrus","S6_ID","int(4)","NAO","S6",""
"Geral / Outros","S64","Tabela do Sistema Petrus","S2_ID","int(4)","NAO","S2",""
"Geral / Outros","S64","Tabela do Sistema Petrus","S4_ID","int(4)","NAO","S4",""
"Geral / Outros","S65","Tabela do Sistema Petrus","S65_ID","int(4)","SIM","",""
"Geral / Outros","S65","Tabela do Sistema Petrus","S1_ID","int(4)","NAO","S1",""
"Geral / Outros","S65","Tabela do Sistema Petrus","S65_SELECIONE","bit(1)","NAO","",""
"Geral / Outros","S65","Tabela do Sistema Petrus","S65_DATA_INCLUSAO","datetime(8)","NAO","",""
"Geral / Outros","S65","Tabela do Sistema Petrus","S65_DATA_ALTERACAO","datetime(8)","NAO","",""
"Geral / Outros","S65","Tabela do Sistema Petrus","S65_USUARIO_INCLUSAO","varchar(50)","NAO","",""
"Geral / Outros","S65","Tabela do Sistema Petrus","S65_USUARIO_ALTERACAO","varchar(50)","NAO","",""
"Geral / Outros","S65","Tabela do Sistema Petrus","S65_EMAIL","varchar(50)","NAO","",""
"Geral / Outros","S65","Tabela do Sistema Petrus","S65_SENHA","varchar(50)","NAO","",""
"Geral / Outros","S65","Tabela do Sistema Petrus","S65_SERVIDOR","varchar(50)","NAO","",""
"Geral / Outros","S65","Tabela do Sistema Petrus","S65_PORTA","int(4)","NAO","",""
"Geral / Outros","S65","Tabela do Sistema Petrus","S65_CONEXAO_SEGURA","bit(1)","NAO","",""
"Geral / Outros","S65","Tabela do Sistema Petrus","S65_TIPO","varchar(50)","NAO","",""
"Geral / Outros","S65","Tabela do Sistema Petrus","S65_MENSAGEM","varchar(-1)","NAO","",""
"Geral / Outros","S65","Tabela do Sistema Petrus","S65_ASSUNTO","varchar(100)","NAO","",""
"Geral / Outros","S65","Tabela do Sistema Petrus","S65_EMAIL_COPIA","varchar(500)","NAO","",""
"Geral / Outros","S65","Tabela do Sistema Petrus","S65_ATIVO","bit(1)","NAO","",""
"Geral / Outros","S65","Tabela do Sistema Petrus","S65_COPIA_VENDEDOR","bit(1)","NAO","",""
"Geral / Outros","S65","Tabela do Sistema Petrus","S65_ENVIO_AUTOMATICO","bit(1)","NAO","",""
"Geral / Outros","S65","Tabela do Sistema Petrus","SX1_ID","int(4)","NAO","SX1",""
"Geral / Outros","S65","Tabela do Sistema Petrus","S65_SMTP","bit(1)","NAO","",""
"Geral / Outros","S65","Tabela do Sistema Petrus","S65_EMAIL_SMTP","varchar(50)","NAO","",""
"Geral / Outros","S65","Tabela do Sistema Petrus","S65_USUARIO","varchar(50)","NAO","",""
"Geral / Outros","S65","Tabela do Sistema Petrus","S65_DIAS","int(4)","NAO","",""
"Geral / Outros","S65","Tabela do Sistema Petrus","S65_COPIA_TRANSPORTADOR","bit(1)","NAO","",""
"Geral / Outros","S7","Tabela do Sistema Petrus","S7_ID","int(4)","SIM","",""
"Geral / Outros","S7","Tabela do Sistema Petrus","S1_ID","int(4)","NAO","S1",""
"Geral / Outros","S7","Tabela do Sistema Petrus","S7_SELECIONE","bit(1)","NAO","",""
"Geral / Outros","S7","Tabela do Sistema Petrus","S7_DATA_INCLUSAO","datetime(8)","NAO","",""
"Geral / Outros","S7","Tabela do Sistema Petrus","S7_DATA_ALTERACAO","datetime(8)","NAO","",""
"Geral / Outros","S7","Tabela do Sistema Petrus","S7_USUARIO_INCLUSAO","varchar(50)","NAO","",""
"Geral / Outros","S7","Tabela do Sistema Petrus","S7_USUARIO_ALTERACAO","varchar(50)","NAO","",""
"Geral / Outros","S7","Tabela do Sistema Petrus","S7_DESCRICAO","varchar(300)","NAO","",""
"Geral / Outros","S7","Tabela do Sistema Petrus","S8_ID","int(4)","NAO","S8",""
"Geral / Outros","S7","Tabela do Sistema Petrus","S7_DATA","int(4)","NAO","",""
"Geral / Outros","S7","Tabela do Sistema Petrus","S7_STATUS","int(4)","NAO","","Máquina de estados (Aberto, Fechado, etc)"
"Geral / Outros","S7","Tabela do Sistema Petrus","S7_VALOR","varchar(300)","NAO","","Campo monetário"
"Geral / Outros","S7","Tabela do Sistema Petrus","S7_GRUPO","int(4)","NAO","",""
"Geral / Outros","S7","Tabela do Sistema Petrus","S7_X","int(4)","NAO","",""
"Geral / Outros","S7","Tabela do Sistema Petrus","S7_Y","int(4)","NAO","",""
"Geral / Outros","S7","Tabela do Sistema Petrus","S7_TIPO","varchar(50)","NAO","",""
"Geral / Outros","S7","Tabela do Sistema Petrus","S7_NOME","varchar(50)","NAO","",""
"Geral / Outros","S7","Tabela do Sistema Petrus","S7_SUBGRUPO","int(4)","NAO","",""
"Geral / Outros","S7","Tabela do Sistema Petrus","S7_ORDEM","int(4)","NAO","",""
"Geral / Outros","S7","Tabela do Sistema Petrus","S7_EXIBE_GRAFICO","int(4)","NAO","",""
"Geral / Outros","S72","Tabela do Sistema Petrus","S72_ID","int(4)","SIM","",""
"Geral / Outros","S72","Tabela do Sistema Petrus","S1_ID","int(4)","NAO","S1",""
"Geral / Outros","S72","Tabela do Sistema Petrus","S72_SELECIONE","bit(1)","NAO","",""
"Geral / Outros","S72","Tabela do Sistema Petrus","S72_DATA_INCLUSAO","datetime(8)","NAO","",""
"Geral / Outros","S72","Tabela do Sistema Petrus","S72_DATA_ALTERACAO","datetime(8)","NAO","",""
"Geral / Outros","S72","Tabela do Sistema Petrus","S72_USUARIO_INCLUSAO","varchar(50)","NAO","",""
"Geral / Outros","S72","Tabela do Sistema Petrus","S72_USUARIO_ALTERACAO","varchar(50)","NAO","",""
"Geral / Outros","S72","Tabela do Sistema Petrus","S39_ID","int(4)","NAO","S39",""
"Geral / Outros","S72","Tabela do Sistema Petrus","S72_PERMITIDO","bit(1)","NAO","",""
"Geral / Outros","S72","Tabela do Sistema Petrus","S2_ID","int(4)","NAO","S2",""
"Geral / Outros","S72","Tabela do Sistema Petrus","S8_ID","int(4)","NAO","S8",""
"Geral / Outros","S74","Tabela do Sistema Petrus","S74_ID","int(4)","SIM","",""
"Geral / Outros","S74","Tabela do Sistema Petrus","S1_ID","int(4)","NAO","S1",""
"Geral / Outros","S74","Tabela do Sistema Petrus","S74_CAMPO","varchar(50)","NAO","",""
"Geral / Outros","S74","Tabela do Sistema Petrus","S74_VALOR","varchar(50)","NAO","","Campo monetário"
"Geral / Outros","S74","Tabela do Sistema Petrus","S74_SELECIONE","bit(1)","NAO","",""
"Geral / Outros","S74","Tabela do Sistema Petrus","S74_DATA_INCLUSAO","datetime(8)","NAO","",""
"Geral / Outros","S74","Tabela do Sistema Petrus","S74_DATA_ALTERACAO","datetime(8)","NAO","",""
"Geral / Outros","S74","Tabela do Sistema Petrus","S74_USUARIO_INCLUSAO","varchar(50)","NAO","",""
"Geral / Outros","S74","Tabela do Sistema Petrus","S74_USUARIO_ALTERACAO","varchar(50)","NAO","",""
"Geral / Outros","S75","Tabela do Sistema Petrus","S75_ID","int(4)","SIM","",""
"Geral / Outros","S75","Tabela do Sistema Petrus","S1_ID","int(4)","NAO","S1",""
"Geral / Outros","S75","Tabela do Sistema Petrus","S75_VALOR","varchar(-1)","NAO","","Campo monetário"
"Geral / Outros","S75","Tabela do Sistema Petrus","S75_SELECIONE","bit(1)","NAO","",""
"Geral / Outros","S75","Tabela do Sistema Petrus","S75_DATA_INCLUSAO","datetime(8)","NAO","",""
"Geral / Outros","S75","Tabela do Sistema Petrus","S75_DATA_ALTERACAO","datetime(8)","NAO","",""
"Geral / Outros","S75","Tabela do Sistema Petrus","S75_USUARIO_INCLUSAO","varchar(50)","NAO","",""
"Geral / Outros","S75","Tabela do Sistema Petrus","S75_USUARIO_ALTERACAO","varchar(50)","NAO","",""
"Geral / Outros","S75","Tabela do Sistema Petrus","S10_ID","int(4)","NAO","S10",""
"Geral / Outros","S75","Tabela do Sistema Petrus","S75_VALOR_ANTERIOR","varchar(-1)","NAO","","Campo monetário"
"Geral / Outros","S75","Tabela do Sistema Petrus","S26_ID","int(4)","NAO","S26",""
"Financeiro / Cobrança","S77","Tabela do Sistema Petrus","S77_ID","int(4)","SIM","",""
"Financeiro / Cobrança","S77","Tabela do Sistema Petrus","S1_ID","int(4)","NAO","S1",""
"Financeiro / Cobrança","S77","Tabela do Sistema Petrus","S77_SELECIONE","bit(1)","NAO","",""
"Financeiro / Cobrança","S77","Tabela do Sistema Petrus","S77_DATA_INCLUSAO","datetime(8)","NAO","",""
"Financeiro / Cobrança","S77","Tabela do Sistema Petrus","S77_DATA_ALTERACAO","datetime(8)","NAO","",""
"Financeiro / Cobrança","S77","Tabela do Sistema Petrus","S77_USUARIO_INCLUSAO","varchar(50)","NAO","",""
"Financeiro / Cobrança","S77","Tabela do Sistema Petrus","S77_USUARIO_ALTERACAO","varchar(50)","NAO","",""
"Financeiro / Cobrança","S77","Tabela do Sistema Petrus","S77_QTD_ENTRADA","numeric(9)","NAO","",""
"Financeiro / Cobrança","S77","Tabela do Sistema Petrus","S77_QTD_SAIDA","numeric(9)","NAO","",""
"Financeiro / Cobrança","S77","Tabela do Sistema Petrus","S77_QTD","numeric(9)","NAO","",""
"Financeiro / Cobrança","S77","Tabela do Sistema Petrus","S77_PARTICIPACAO","numeric(9)","NAO","",""
"Financeiro / Cobrança","S77","Tabela do Sistema Petrus","S77_QTD_VENDAS","numeric(9)","NAO","",""
"Financeiro / Cobrança","S77","Tabela do Sistema Petrus","S77_DATA_ULTIMA_COMPRA","datetime(8)","NAO","",""
"Financeiro / Cobrança","S77","Tabela do Sistema Petrus","S77_DATA_ULTIMA_VENDA","datetime(8)","NAO","",""
"Financeiro / Cobrança","S77","Tabela do Sistema Petrus","S77_DATA_PRIMEIRA_COMPRA","datetime(8)","NAO","",""
"Financeiro / Cobrança","S77","Tabela do Sistema Petrus","S77_DATA_PRIMEIRA_VENDA","datetime(8)","NAO","",""
"Financeiro / Cobrança","S77","Tabela do Sistema Petrus","S77_QTD_COMPRAS","numeric(9)","NAO","",""
"Financeiro / Cobrança","S77","Tabela do Sistema Petrus","S77_VALOR","numeric(9)","NAO","","Campo monetário"
"Financeiro / Cobrança","S77","Tabela do Sistema Petrus","S77_VALOR_ULTIMA_COMPRA","numeric(9)","NAO","","Campo monetário"
"Financeiro / Cobrança","S77","Tabela do Sistema Petrus","S77_VALOR_ULTIMA_VENDA","numeric(9)","NAO","","Campo monetário"
"Financeiro / Cobrança","S77","Tabela do Sistema Petrus","S77_VALOR_TOTAL","numeric(9)","NAO","","Campo monetário"
"Financeiro / Cobrança","S77","Tabela do Sistema Petrus","S77_CLASSE","varchar(50)","NAO","",""
"Financeiro / Cobrança","S77","Tabela do Sistema Petrus","S77_ACUMULADO","numeric(9)","NAO","",""
"Financeiro / Cobrança","S77","Tabela do Sistema Petrus","S77_RANKING","int(4)","NAO","",""
"Financeiro / Cobrança","S77","Tabela do Sistema Petrus","S77_CUSTO_TOTAL","numeric(9)","NAO","",""
"Financeiro / Cobrança","S77","Tabela do Sistema Petrus","S77_LUCRO_BRUTO","numeric(9)","NAO","",""
"Financeiro / Cobrança","S77","Tabela do Sistema Petrus","S77_MARGEM","numeric(9)","NAO","",""
"Financeiro / Cobrança","S77","Tabela do Sistema Petrus","S77_RENTABILIDADE","numeric(9)","NAO","",""
"Financeiro / Cobrança","S77","Tabela do Sistema Petrus","S77_LUCRO_TOTAL","numeric(9)","NAO","",""
"Financeiro / Cobrança","S77","Tabela do Sistema Petrus","S77_MAIOR_VENDA","numeric(9)","NAO","",""
"Financeiro / Cobrança","S77","Tabela do Sistema Petrus","S77_MENOR_VENDA","numeric(9)","NAO","",""
"Financeiro / Cobrança","S77","Tabela do Sistema Petrus","S77_ATRASO","int(4)","NAO","",""
"Financeiro / Cobrança","S77","Tabela do Sistema Petrus","S77_GRAU_RISCO","varchar(20)","NAO","",""
"Financeiro / Cobrança","S77","Tabela do Sistema Petrus","S77_SALDO_CREDITO","numeric(9)","NAO","",""
"Financeiro / Cobrança","S77","Tabela do Sistema Petrus","S77_SALDO_DEBITO","numeric(9)","NAO","",""
"Financeiro / Cobrança","S77","Tabela do Sistema Petrus","S77_PROTESTOS","int(4)","NAO","",""
"Financeiro / Cobrança","S77","Tabela do Sistema Petrus","S77_DATA_ULTIMO_PROTESTO","datetime(8)","NAO","",""
"Financeiro / Cobrança","S77","Tabela do Sistema Petrus","S77_CHQ_DEVOLVIDOS","int(4)","NAO","",""
"Financeiro / Cobrança","S77","Tabela do Sistema Petrus","S77_DATA_ULTIMO_CHQ","datetime(8)","NAO","",""
"Financeiro / Cobrança","S77","Tabela do Sistema Petrus","S77_LIMITE_UTILIZADO","numeric(9)","NAO","",""
"Financeiro / Cobrança","S77","Tabela do Sistema Petrus","S77_VALOR_MAIOR_ATRASO","numeric(9)","NAO","","Campo monetário"
"Financeiro / Cobrança","S77","Tabela do Sistema Petrus","S77_SALDO_LIMITE","numeric(9)","NAO","",""
"Financeiro / Cobrança","S77","Tabela do Sistema Petrus","S77_VALOR_MEDIO_VENDA","numeric(9)","NAO","","Campo monetário"
"Financeiro / Cobrança","S77","Tabela do Sistema Petrus","S77_PONTUACAO","int(4)","NAO","",""
"Financeiro / Cobrança","S77","Tabela do Sistema Petrus","S77_VENDAS","int(4)","NAO","",""
"Financeiro / Cobrança","S77","Tabela do Sistema Petrus","S77_VALOR_VENDAS","numeric(9)","NAO","","Campo monetário"
"Financeiro / Cobrança","S77","Tabela do Sistema Petrus","S77_VALOR_META","numeric(9)","NAO","","Campo monetário"
"Financeiro / Cobrança","S77","Tabela do Sistema Petrus","S77_REALIZADO","numeric(9)","NAO","",""
"Financeiro / Cobrança","S77","Tabela do Sistema Petrus","S77_PREMIACAO","numeric(9)","NAO","",""
"Financeiro / Cobrança","S77","Tabela do Sistema Petrus","S77_VALOR_PREMIACAO","numeric(9)","NAO","","Campo monetário"
"Financeiro / Cobrança","S77","Tabela do Sistema Petrus","S77_DESCRICAO","varchar(300)","NAO","",""
"Financeiro / Cobrança","S77","Tabela do Sistema Petrus","S77_JANEIRO","numeric(9)","NAO","",""
"Financeiro / Cobrança","S77","Tabela do Sistema Petrus","S77_FEVEREIRO","numeric(9)","NAO","",""
"Financeiro / Cobrança","S77","Tabela do Sistema Petrus","S77_MARCO","numeric(9)","NAO","",""
"Financeiro / Cobrança","S77","Tabela do Sistema Petrus","S77_ABRIL","numeric(9)","NAO","",""
"Financeiro / Cobrança","S77","Tabela do Sistema Petrus","S77_MAIO","numeric(9)","NAO","",""
"Financeiro / Cobrança","S77","Tabela do Sistema Petrus","S77_JUNHO","numeric(9)","NAO","",""
"Financeiro / Cobrança","S77","Tabela do Sistema Petrus","S77_JULHO","numeric(9)","NAO","",""
"Financeiro / Cobrança","S77","Tabela do Sistema Petrus","S77_AGOSTO","numeric(9)","NAO","",""
"Financeiro / Cobrança","S77","Tabela do Sistema Petrus","S77_SETEMBRO","numeric(9)","NAO","",""
"Financeiro / Cobrança","S77","Tabela do Sistema Petrus","S77_OUTUBRO","numeric(9)","NAO","",""
"Financeiro / Cobrança","S77","Tabela do Sistema Petrus","S77_NOVEMBRO","numeric(9)","NAO","",""
"Financeiro / Cobrança","S77","Tabela do Sistema Petrus","S77_DEZEMBRO","numeric(9)","NAO","",""
"Financeiro / Cobrança","S77","Tabela do Sistema Petrus","S77_VALOR_ENTRADAS","numeric(9)","NAO","","Campo monetário"
"Financeiro / Cobrança","S77","Tabela do Sistema Petrus","S77_VALOR_SAIDAS","numeric(9)","NAO","","Campo monetário"
"Financeiro / Cobrança","S77","Tabela do Sistema Petrus","S77_PERIODO","varchar(150)","NAO","",""
"Financeiro / Cobrança","S77","Tabela do Sistema Petrus","S77_VALOR_SALDO","numeric(9)","NAO","","Campo monetário"
"Financeiro / Cobrança","S77","Tabela do Sistema Petrus","S77_NOME","varchar(300)","NAO","",""
"Financeiro / Cobrança","S77","Tabela do Sistema Petrus","S77_CNPJ_CPF","varchar(20)","NAO","",""
"Financeiro / Cobrança","S77","Tabela do Sistema Petrus","S77_MAIOR_ATRASO","int(4)","NAO","",""
"Financeiro / Cobrança","S77","Tabela do Sistema Petrus","S77_VALOR_ATRASO","numeric(9)","NAO","","Campo monetário"
"Financeiro / Cobrança","S77","Tabela do Sistema Petrus","S77_VALOR_CREDITOS","numeric(9)","NAO","","Campo monetário"
"Financeiro / Cobrança","S77","Tabela do Sistema Petrus","S77_VALOR_DEBITOS","numeric(9)","NAO","","Campo monetário"
"Financeiro / Cobrança","S77","Tabela do Sistema Petrus","S77_REFERENCIA","varchar(50)","NAO","",""
"Financeiro / Cobrança","S77","Tabela do Sistema Petrus","S77_ESTOQUE_FISICO","numeric(9)","NAO","","Controla quantidade física"
"Financeiro / Cobrança","S77","Tabela do Sistema Petrus","S77_ESTOQUE_DISPONIVEL","numeric(9)","NAO","","Controla quantidade física"
"Financeiro / Cobrança","S77","Tabela do Sistema Petrus","S77_ESTOQUE_RESERVADO","numeric(9)","NAO","","Gatilho de Reserva de Estoque"
"Financeiro / Cobrança","S77","Tabela do Sistema Petrus","S77_ESTOQUE_MINIMO","numeric(9)","NAO","","Controla quantidade física"
"Financeiro / Cobrança","S77","Tabela do Sistema Petrus","S77_PRECO_CUSTO","numeric(9)","NAO","",""
"Financeiro / Cobrança","S77","Tabela do Sistema Petrus","S77_VALOR_IPI","numeric(9)","NAO","","Campo monetário"
"Financeiro / Cobrança","S77","Tabela do Sistema Petrus","S77_VALOR_ICMS_ST","numeric(9)","NAO","","Campo monetário"
"Financeiro / Cobrança","S77","Tabela do Sistema Petrus","S77_ANO","int(4)","NAO","",""
"Financeiro / Cobrança","S77","Tabela do Sistema Petrus","S77_ESTADO","varchar(50)","NAO","",""
"Financeiro / Cobrança","S77","Tabela do Sistema Petrus","S77_PEDIDOS","int(4)","NAO","",""
"Financeiro / Cobrança","S77","Tabela do Sistema Petrus","S77_CLIENTES","int(4)","NAO","",""
"Financeiro / Cobrança","S77","Tabela do Sistema Petrus","S77_TICKET_MEDIO","numeric(9)","NAO","",""
"Financeiro / Cobrança","S77","Tabela do Sistema Petrus","S77_TIPO","varchar(50)","NAO","",""
"Financeiro / Cobrança","S77","Tabela do Sistema Petrus","S77_DESTINO","varchar(300)","NAO","",""
"Financeiro / Cobrança","S77","Tabela do Sistema Petrus","S77_EMAIL","varchar(20)","NAO","",""
"Financeiro / Cobrança","S77","Tabela do Sistema Petrus","S77_FONE_1","varchar(20)","NAO","",""
"Financeiro / Cobrança","S77","Tabela do Sistema Petrus","S77_FONE_2","varchar(20)","NAO","",""
"Financeiro / Cobrança","S77","Tabela do Sistema Petrus","S77_FONE_3","varchar(20)","NAO","",""
"Financeiro / Cobrança","S77","Tabela do Sistema Petrus","S77_CATEGORIA","varchar(50)","NAO","",""
"Financeiro / Cobrança","S77","Tabela do Sistema Petrus","S77_LOCAL","varchar(50)","NAO","",""
"Financeiro / Cobrança","S77","Tabela do Sistema Petrus","S77_UN","varchar(20)","NAO","",""
"Financeiro / Cobrança","S77","Tabela do Sistema Petrus","S77_GRUPO","varchar(50)","NAO","",""
"Financeiro / Cobrança","S77","Tabela do Sistema Petrus","S77_SUBGRUPO","varchar(50)","NAO","",""
"Financeiro / Cobrança","S77","Tabela do Sistema Petrus","S77_DATA_ULTIMA_MOVIMENTACAO","datetime(8)","NAO","",""
"Financeiro / Cobrança","S77","Tabela do Sistema Petrus","S77_VALOR_MEDIO_COMPRA","numeric(9)","NAO","","Campo monetário"
"Financeiro / Cobrança","S77","Tabela do Sistema Petrus","S77_DATA_VENCIMENTO","datetime(8)","NAO","",""
"Financeiro / Cobrança","S77","Tabela do Sistema Petrus","S77_NUMERO_DOCUMENTO","varchar(50)","NAO","",""
"Financeiro / Cobrança","S77","Tabela do Sistema Petrus","S77_VALOR_TITULO","numeric(9)","NAO","","Campo monetário"
"Financeiro / Cobrança","S77","Tabela do Sistema Petrus","S77_ARQUIVO","varchar(50)","NAO","",""
"Financeiro / Cobrança","S77","Tabela do Sistema Petrus","S77_DATA","datetime(8)","NAO","",""
"Financeiro / Cobrança","S77","Tabela do Sistema Petrus","S77_MOVIMENTO","varchar(50)","NAO","",""
"Financeiro / Cobrança","S77","Tabela do Sistema Petrus","S77_VALOR_FINANCEIRO","numeric(9)","NAO","","Campo monetário"
"Financeiro / Cobrança","S77","Tabela do Sistema Petrus","S77_VALOR_TARIFA","numeric(9)","NAO","","Campo monetário"
"Financeiro / Cobrança","S77","Tabela do Sistema Petrus","S77_VALOR_RECEBIDO","numeric(9)","NAO","","Campo monetário"
"Financeiro / Cobrança","S77","Tabela do Sistema Petrus","S77_OCORRENCIA","varchar(300)","NAO","",""
"Financeiro / Cobrança","S77","Tabela do Sistema Petrus","S77_INCONSISTENCIA","varchar(300)","NAO","",""
"Financeiro / Cobrança","S77","Tabela do Sistema Petrus","S77_DATA_CREDITO","datetime(8)","NAO","",""
"Financeiro / Cobrança","S77","Tabela do Sistema Petrus","S77_DATA_OCORRENCIA","datetime(8)","NAO","",""
"Financeiro / Cobrança","S77","Tabela do Sistema Petrus","S77_CR","int(4)","NAO","",""
"Financeiro / Cobrança","S77","Tabela do Sistema Petrus","S77_CONTA_PAGAR","varchar(300)","NAO","",""
"Financeiro / Cobrança","S77","Tabela do Sistema Petrus","S77_CODIGO","varchar(50)","NAO","",""
"Financeiro / Cobrança","S77","Tabela do Sistema Petrus","S77_TIPO_1","varchar(50)","NAO","",""
"Financeiro / Cobrança","S77","Tabela do Sistema Petrus","S77_CONTA_BANCARIA","varchar(150)","NAO","",""
"Financeiro / Cobrança","S77","Tabela do Sistema Petrus","S77_VALOR_ICMS_CREDITO","numeric(9)","NAO","","Campo monetário"
"Financeiro / Cobrança","S77","Tabela do Sistema Petrus","S77_VALOR_ICMS_DEBITO","numeric(9)","NAO","","Campo monetário"
"Financeiro / Cobrança","S77","Tabela do Sistema Petrus","S77_VALOR_ICMS_RECOLHER","numeric(9)","NAO","","Campo monetário"
"Financeiro / Cobrança","S77","Tabela do Sistema Petrus","S77_VALOR_IPI_CREDITO","numeric(9)","NAO","","Campo monetário"
"Financeiro / Cobrança","S77","Tabela do Sistema Petrus","S77_VALOR_IPI_DEBITO","numeric(9)","NAO","","Campo monetário"
"Financeiro / Cobrança","S77","Tabela do Sistema Petrus","S77_VALOR_IPI_TOTAL","numeric(9)","NAO","","Campo monetário"
"Financeiro / Cobrança","S77","Tabela do Sistema Petrus","S77_VALOR_ICMS_TOTAL","numeric(9)","NAO","","Campo monetário"
"Financeiro / Cobrança","S77","Tabela do Sistema Petrus","S77_TITULO","int(4)","NAO","",""
"Financeiro / Cobrança","S77","Tabela do Sistema Petrus","S77_VENDEDOR","varchar(300)","NAO","",""
"Financeiro / Cobrança","S77","Tabela do Sistema Petrus","S77_TOTAL_EM_ABERTO","numeric(9)","NAO","",""
"Financeiro / Cobrança","S77","Tabela do Sistema Petrus","S77_TOTAL_VENCIDO","numeric(9)","NAO","",""
"Financeiro / Cobrança","S77","Tabela do Sistema Petrus","S77_TOTAL_VENCER","numeric(9)","NAO","",""
"Financeiro / Cobrança","S77","Tabela do Sistema Petrus","S77_TOTAL_LIBERAR","numeric(9)","NAO","",""
"Financeiro / Cobrança","S77","Tabela do Sistema Petrus","S77_MAQUINA","varchar(300)","NAO","",""
"Financeiro / Cobrança","S77","Tabela do Sistema Petrus","S77_DISPONIBILIDADE","numeric(9)","NAO","",""
"Financeiro / Cobrança","S77","Tabela do Sistema Petrus","S77_PERFORMANCE","numeric(9)","NAO","",""
"Financeiro / Cobrança","S77","Tabela do Sistema Petrus","S77_OEE","numeric(9)","NAO","",""
"Financeiro / Cobrança","S77","Tabela do Sistema Petrus","S77_ORDENS","int(4)","NAO","",""
"Financeiro / Cobrança","S77","Tabela do Sistema Petrus","S77_TOTAL_PRODUZIDO","numeric(9)","NAO","",""
"Financeiro / Cobrança","S77","Tabela do Sistema Petrus","S77_TEMPO_TOTAL","numeric(9)","NAO","",""
"Financeiro / Cobrança","S77","Tabela do Sistema Petrus","S77_PRODUTIVIDADE_PECAS_MINUTO","numeric(9)","NAO","",""
"Financeiro / Cobrança","S77","Tabela do Sistema Petrus","S77_TOTAL_PERDIDO","numeric(9)","NAO","",""
"Financeiro / Cobrança","S77","Tabela do Sistema Petrus","S77_ORDENS_AFETADAS","int(4)","NAO","",""
"Financeiro / Cobrança","S77","Tabela do Sistema Petrus","S77_MOTIVO","varchar(300)","NAO","",""
"Financeiro / Cobrança","S77","Tabela do Sistema Petrus","S77_PRODUTO","varchar(300)","NAO","",""
"Financeiro / Cobrança","S77","Tabela do Sistema Petrus","S77_QUALIDADE","numeric(9)","NAO","",""
"Financeiro / Cobrança","S77","Tabela do Sistema Petrus","S77_META","numeric(9)","NAO","",""
"Financeiro / Cobrança","S77","Tabela do Sistema Petrus","S77_PRODUTIVIDADE","numeric(9)","NAO","",""
"Financeiro / Cobrança","S77","Tabela do Sistema Petrus","S77_MES","varchar(50)","NAO","",""
"Financeiro / Cobrança","S77","Tabela do Sistema Petrus","S77_TEMPO_TOTAL_MINUTO","numeric(9)","NAO","",""
"Financeiro / Cobrança","S77","Tabela do Sistema Petrus","S77_TEMPO_TOTAL_HORA","numeric(9)","NAO","",""
"Financeiro / Cobrança","S77","Tabela do Sistema Petrus","S77_TOTAL_PARADAS","numeric(9)","NAO","",""
"Financeiro / Cobrança","S77","Tabela do Sistema Petrus","S77_DIAS","int(4)","NAO","",""
"Financeiro / Cobrança","S77","Tabela do Sistema Petrus","S77_MEDIA_HORAS_DIA","numeric(9)","NAO","",""
"Financeiro / Cobrança","S77","Tabela do Sistema Petrus","S77_CAPACIDADE_MENSAL","numeric(9)","NAO","",""
"Financeiro / Cobrança","S77","Tabela do Sistema Petrus","S77_TOTAL_HORAS_OCUPADAS","numeric(9)","NAO","",""
"Financeiro / Cobrança","S77","Tabela do Sistema Petrus","S77_TOTAL_HORAS_DISPONIVEIS","numeric(9)","NAO","",""
"Financeiro / Cobrança","S77","Tabela do Sistema Petrus","S77_OCUPACAO","numeric(9)","NAO","",""
"Financeiro / Cobrança","S77","Tabela do Sistema Petrus","S77_MOLDE","varchar(300)","NAO","",""
"Financeiro / Cobrança","S77","Tabela do Sistema Petrus","S77_CICLO_PADRAO","numeric(9)","NAO","",""
"Financeiro / Cobrança","S77","Tabela do Sistema Petrus","S77_CICLO","numeric(9)","NAO","",""
"Financeiro / Cobrança","S77","Tabela do Sistema Petrus","V11_ID","int(4)","NAO","V11",""
"Financeiro / Cobrança","S77","Tabela do Sistema Petrus","S77_REGIAO","varchar(50)","NAO","",""
"Financeiro / Cobrança","S77","Tabela do Sistema Petrus","S77_DATA_EMISSAO","datetime(8)","NAO","",""
"Financeiro / Cobrança","S77","Tabela do Sistema Petrus","S77_PORTADOR","varchar(150)","NAO","",""
"Financeiro / Cobrança","S77","Tabela do Sistema Petrus","S77_DATA_PAGAMENTO","datetime(8)","NAO","",""
"Financeiro / Cobrança","S77","Tabela do Sistema Petrus","S77_VALOR_PAGO","numeric(9)","NAO","","Campo monetário"
"Financeiro / Cobrança","S77","Tabela do Sistema Petrus","S77_PLANO_CONTAS","varchar(300)","NAO","",""
"Financeiro / Cobrança","S77","Tabela do Sistema Petrus","S77_ESTOQUE_MAXIMO","numeric(9)","NAO","","Controla quantidade física"
"Financeiro / Cobrança","S77","Tabela do Sistema Petrus","S77_MMP3","numeric(9)","NAO","",""
"Financeiro / Cobrança","S77","Tabela do Sistema Petrus","S77_MMP6","numeric(9)","NAO","",""
"Financeiro / Cobrança","S77","Tabela do Sistema Petrus","S77_MMP9","numeric(9)","NAO","",""
"Financeiro / Cobrança","S77","Tabela do Sistema Petrus","S77_MMP12","numeric(9)","NAO","",""
"Financeiro / Cobrança","S77","Tabela do Sistema Petrus","S77_CARTEIRA","numeric(9)","NAO","",""
"Financeiro / Cobrança","S77","Tabela do Sistema Petrus","S77_NECESSIDADE","numeric(9)","NAO","",""
"Financeiro / Cobrança","S77","Tabela do Sistema Petrus","S77_SALDO_DIAS","numeric(9)","NAO","",""
"Financeiro / Cobrança","S77","Tabela do Sistema Petrus","S77_PRODUZIR","numeric(9)","NAO","",""
"Financeiro / Cobrança","S77","Tabela do Sistema Petrus","S77_TOTAL_APROVEITADO","numeric(9)","NAO","",""
"Financeiro / Cobrança","S77","Tabela do Sistema Petrus","S77_TOTAL_PARADAS_MINUTO","numeric(9)","NAO","",""
"Financeiro / Cobrança","S77","Tabela do Sistema Petrus","S77_CICLO_MEDIO","numeric(9)","NAO","",""
"Financeiro / Cobrança","S77","Tabela do Sistema Petrus","S77_CICLOS_REALIZADOS","int(4)","NAO","",""
"Financeiro / Cobrança","S77","Tabela do Sistema Petrus","S77_FATURAMENTO","numeric(9)","NAO","",""
"Financeiro / Cobrança","S77","Tabela do Sistema Petrus","S77_RECEBIMENTOS","numeric(9)","NAO","",""
"Financeiro / Cobrança","S77","Tabela do Sistema Petrus","S77_PAGAMENTOS","numeric(9)","NAO","",""
"Financeiro / Cobrança","S77","Tabela do Sistema Petrus","S77_ATRASADOS","numeric(9)","NAO","",""
"Financeiro / Cobrança","S77","Tabela do Sistema Petrus","S77_ENTRADA_PEDIDOS","numeric(9)","NAO","",""
"Financeiro / Cobrança","S77","Tabela do Sistema Petrus","S77_QTD_EMB","numeric(9)","NAO","",""
"Financeiro / Cobrança","S77","Tabela do Sistema Petrus","S77_NCM","varchar(20)","NAO","",""
"Financeiro / Cobrança","S77","Tabela do Sistema Petrus","S77_ESTOQUE","numeric(9)","NAO","","Controla quantidade física"
"Financeiro / Cobrança","S77","Tabela do Sistema Petrus","S77_SUBTOTAL","numeric(9)","NAO","",""
"Financeiro / Cobrança","S77","Tabela do Sistema Petrus","S77_STATUS","varchar(50)","NAO","","Máquina de estados (Aberto, Fechado, etc)"
"Financeiro / Cobrança","S77","Tabela do Sistema Petrus","S77_DATA_INICIAL","varchar(50)","NAO","",""
"Financeiro / Cobrança","S77","Tabela do Sistema Petrus","S77_DATA_FINAL","varchar(50)","NAO","",""
"Financeiro / Cobrança","S77","Tabela do Sistema Petrus","S77_PEDIDO","int(4)","NAO","",""
"Financeiro / Cobrança","S77","Tabela do Sistema Petrus","S77_OBS","varchar(300)","NAO","",""
"Financeiro / Cobrança","S77","Tabela do Sistema Petrus","S77_VALOR_COMPRAS","numeric(9)","NAO","","Campo monetário"
"Financeiro / Cobrança","S77","Tabela do Sistema Petrus","S77_CLIENTE","varchar(300)","NAO","",""
"Financeiro / Cobrança","S77","Tabela do Sistema Petrus","S77_FORNECEDOR","varchar(300)","NAO","",""
"Financeiro / Cobrança","S77","Tabela do Sistema Petrus","S77_VALOR_COMISSAO","numeric(9)","NAO","","Campo monetário"
"Financeiro / Cobrança","S77","Tabela do Sistema Petrus","S77_ORIGEM","varchar(50)","NAO","",""
"Financeiro / Cobrança","S77","Tabela do Sistema Petrus","S77_TIPO_PRODUTO","varchar(50)","NAO","",""
"Financeiro / Cobrança","S77","Tabela do Sistema Petrus","S77_REDESPACHO","varchar(300)","NAO","",""
"Financeiro / Cobrança","S77","Tabela do Sistema Petrus","S77_CUBAGEM","numeric(9)","NAO","",""
"Financeiro / Cobrança","S77","Tabela do Sistema Petrus","S77_VOLUMES","numeric(9)","NAO","",""
"Financeiro / Cobrança","S77","Tabela do Sistema Petrus","S77_PESO_BRUTO","numeric(9)","NAO","",""
"Financeiro / Cobrança","S77","Tabela do Sistema Petrus","S77_CUSTO_MAO_OBRA","numeric(9)","NAO","",""
"Financeiro / Cobrança","S77","Tabela do Sistema Petrus","S77_CUSTO_MATERIAL","numeric(9)","NAO","",""
"Financeiro / Cobrança","S77","Tabela do Sistema Petrus","S77_MTTR","numeric(9)","NAO","",""
"Financeiro / Cobrança","S77","Tabela do Sistema Petrus","S77_CAUSA","varchar(300)","NAO","",""
"Financeiro / Cobrança","S77","Tabela do Sistema Petrus","S77_SOLUCAO","varchar(300)","NAO","",""
"Financeiro / Cobrança","S77","Tabela do Sistema Petrus","S77_MTBF","numeric(9)","NAO","",""
"Financeiro / Cobrança","S77","Tabela do Sistema Petrus","S77_PORCENTAGEM","numeric(9)","NAO","",""
"Financeiro / Cobrança","S77","Tabela do Sistema Petrus","S77_CALCULO","varchar(20)","NAO","",""
"Financeiro / Cobrança","S77","Tabela do Sistema Petrus","S77_CIDADE","varchar(300)","NAO","",""
"Financeiro / Cobrança","S77","Tabela do Sistema Petrus","S77_UF","varchar(20)","NAO","",""
"Financeiro / Cobrança","S77","Tabela do Sistema Petrus","S77_PPH","numeric(9)","NAO","",""
"Financeiro / Cobrança","S77","Tabela do Sistema Petrus","S77_HORA","int(4)","NAO","",""
"Financeiro / Cobrança","S77","Tabela do Sistema Petrus","S77_ORCADO","numeric(9)","NAO","",""
"Financeiro / Cobrança","S77","Tabela do Sistema Petrus","S77_PROJETADO","numeric(9)","NAO","",""
"Financeiro / Cobrança","S77","Tabela do Sistema Petrus","S77_PERCENTUAL_PROJETADO","numeric(9)","NAO","",""
"Financeiro / Cobrança","S77","Tabela do Sistema Petrus","S77_PERCENTUAL_DESVIO","numeric(9)","NAO","",""
"Financeiro / Cobrança","S77","Tabela do Sistema Petrus","S77_PLANOS","int(4)","NAO","",""
"Financeiro / Cobrança","S77","Tabela do Sistema Petrus","S77_CUSTO_PREVISTO","numeric(9)","NAO","",""
"Financeiro / Cobrança","S77","Tabela do Sistema Petrus","S77_CUSTO_REALIZADO","numeric(9)","NAO","",""
"Financeiro / Cobrança","S77","Tabela do Sistema Petrus","S77_PERIODO_MES","varchar(20)","NAO","",""
"Financeiro / Cobrança","S77","Tabela do Sistema Petrus","S77_TEMPO_PARADO","varchar(50)","NAO","",""
"Financeiro / Cobrança","S77","Tabela do Sistema Petrus","S77_ORDENS_ABERTAS","int(4)","NAO","",""
"Financeiro / Cobrança","S77","Tabela do Sistema Petrus","S77_ORDENS_CONCLUIDAS","int(4)","NAO","",""
"Financeiro / Cobrança","S77","Tabela do Sistema Petrus","S77_DATA_ADMISSAO","datetime(8)","NAO","",""
"Financeiro / Cobrança","S77","Tabela do Sistema Petrus","S77_CARGO","varchar(50)","NAO","",""
"Financeiro / Cobrança","S77","Tabela do Sistema Petrus","S77_DATA_NASCIMENTO","datetime(8)","NAO","",""
"Financeiro / Cobrança","S77","Tabela do Sistema Petrus","S77_CPF","varchar(50)","NAO","",""
"Financeiro / Cobrança","S77","Tabela do Sistema Petrus","S77_DATA_EXPERIENCIA","datetime(8)","NAO","",""
"Financeiro / Cobrança","S77","Tabela do Sistema Petrus","V29_ID","int(4)","NAO","V29",""
"Financeiro / Cobrança","S77","Tabela do Sistema Petrus","S77_DATA_FATURAMENTO","datetime(8)","NAO","",""
"Financeiro / Cobrança","S77","Tabela do Sistema Petrus","S77_NF","int(4)","NAO","",""
"Financeiro / Cobrança","S77","Tabela do Sistema Petrus","S77_NATUREZA","varchar(300)","NAO","",""
"Financeiro / Cobrança","S77","Tabela do Sistema Petrus","S77_DI","varchar(300)","NAO","",""
"Geral / Outros","S78","Tabela do Sistema Petrus","S78_ID","int(4)","SIM","",""
"Geral / Outros","S78","Tabela do Sistema Petrus","S1_ID","int(4)","NAO","S1",""
"Geral / Outros","S78","Tabela do Sistema Petrus","S78_SELECIONE","bit(1)","NAO","",""
"Geral / Outros","S78","Tabela do Sistema Petrus","S78_DATA_INCLUSAO","datetime(8)","NAO","",""
"Geral / Outros","S78","Tabela do Sistema Petrus","S78_DATA_ALTERACAO","datetime(8)","NAO","",""
"Geral / Outros","S78","Tabela do Sistema Petrus","S78_USUARIO_INCLUSAO","varchar(50)","NAO","",""
"Geral / Outros","S78","Tabela do Sistema Petrus","S78_USUARIO_ALTERACAO","varchar(50)","NAO","",""
"Geral / Outros","S78","Tabela do Sistema Petrus","S10_ID","int(4)","NAO","S10",""
"Geral / Outros","S78","Tabela do Sistema Petrus","S8_ID","int(4)","NAO","S8",""
"Geral / Outros","S78","Tabela do Sistema Petrus","S78_DESCRICAO","varchar(50)","NAO","",""
"Geral / Outros","S78","Tabela do Sistema Petrus","S78_ORDEM","int(4)","NAO","",""
"Geral / Outros","S79","Tabela do Sistema Petrus","S79_ID","int(4)","SIM","",""
"Geral / Outros","S79","Tabela do Sistema Petrus","S1_ID","int(4)","NAO","S1",""
"Geral / Outros","S79","Tabela do Sistema Petrus","S79_SELECIONE","bit(1)","NAO","",""
"Geral / Outros","S79","Tabela do Sistema Petrus","S79_DATA_INCLUSAO","datetime(8)","NAO","",""
"Geral / Outros","S79","Tabela do Sistema Petrus","S79_DATA_ALTERACAO","datetime(8)","NAO","",""
"Geral / Outros","S79","Tabela do Sistema Petrus","S79_USUARIO_INCLUSAO","varchar(50)","NAO","",""
"Geral / Outros","S79","Tabela do Sistema Petrus","S79_USUARIO_ALTERACAO","varchar(50)","NAO","",""
"Geral / Outros","S79","Tabela do Sistema Petrus","S79_COR","varchar(50)","NAO","",""
"Geral / Outros","S79","Tabela do Sistema Petrus","S8_ID","int(4)","NAO","S8",""
"Geral / Outros","S79","Tabela do Sistema Petrus","S79_DESCRICAO","varchar(50)","NAO","",""
"Geral / Outros","S8","Tabela do Sistema Petrus","S8_ID","int(4)","SIM","",""
"Geral / Outros","S8","Tabela do Sistema Petrus","S8_DESCRICAO","varchar(50)","NAO","",""
"Geral / Outros","S8","Tabela do Sistema Petrus","S8_NOME","varchar(50)","NAO","",""
"Geral / Outros","S8","Tabela do Sistema Petrus","S8_PREFIXO","varchar(50)","NAO","",""
"Geral / Outros","S8","Tabela do Sistema Petrus","S1_ID","int(4)","NAO","S1",""
"Geral / Outros","S8","Tabela do Sistema Petrus","S8_DATA_INCLUSAO","datetime(8)","NAO","",""
"Geral / Outros","S8","Tabela do Sistema Petrus","S8_DATA_ALTERACAO","datetime(8)","NAO","",""
"Geral / Outros","S8","Tabela do Sistema Petrus","S8_USUARIO_INCLUSAO","varchar(50)","NAO","",""
"Geral / Outros","S8","Tabela do Sistema Petrus","S8_USUARIO_ALTERACAO","varchar(50)","NAO","",""
"Geral / Outros","S8","Tabela do Sistema Petrus","S8_SELECIONE","bit(1)","NAO","",""
"Geral / Outros","S80","Tabela do Sistema Petrus","S80_ID","int(4)","SIM","",""
"Geral / Outros","S80","Tabela do Sistema Petrus","S1_ID","int(4)","NAO","S1",""
"Geral / Outros","S80","Tabela do Sistema Petrus","S10_ID","int(4)","NAO","S10",""
"Geral / Outros","S80","Tabela do Sistema Petrus","S80_VALOR","varchar(50)","NAO","","Campo monetário"
"Geral / Outros","S80","Tabela do Sistema Petrus","S80_SELECIONE","bit(1)","NAO","",""
"Geral / Outros","S80","Tabela do Sistema Petrus","S80_DATA_INCLUSAO","datetime(8)","NAO","",""
"Geral / Outros","S80","Tabela do Sistema Petrus","S80_DATA_ALTERACAO","datetime(8)","NAO","",""
"Geral / Outros","S80","Tabela do Sistema Petrus","S80_USUARIO_INCLUSAO","varchar(50)","NAO","",""
"Geral / Outros","S80","Tabela do Sistema Petrus","S80_USUARIO_ALTERACAO","varchar(50)","NAO","",""
"Geral / Outros","S80","Tabela do Sistema Petrus","S7_ID","int(4)","NAO","S7",""
"Geral / Outros","S80","Tabela do Sistema Petrus","S2_ID","int(4)","NAO","S2",""
"Geral / Outros","S81","Tabela do Sistema Petrus","S81_ID","int(4)","SIM","",""
"Geral / Outros","S81","Tabela do Sistema Petrus","S1_ID","int(4)","NAO","S1",""
"Geral / Outros","S81","Tabela do Sistema Petrus","S81_SELECIONE","bit(1)","NAO","",""
"Geral / Outros","S81","Tabela do Sistema Petrus","S81_DATA_INCLUSAO","datetime(8)","NAO","",""
"Geral / Outros","S81","Tabela do Sistema Petrus","S81_DATA_ALTERACAO","datetime(8)","NAO","",""
"Geral / Outros","S81","Tabela do Sistema Petrus","S81_USUARIO_INCLUSAO","varchar(50)","NAO","",""
"Geral / Outros","S81","Tabela do Sistema Petrus","S81_USUARIO_ALTERACAO","varchar(50)","NAO","",""
"Geral / Outros","S81","Tabela do Sistema Petrus","S5_ID","int(4)","NAO","S5",""
"Geral / Outros","S81","Tabela do Sistema Petrus","S4_ID","int(4)","NAO","S4",""
"Geral / Outros","S81","Tabela do Sistema Petrus","S6_ID","int(4)","NAO","S6",""
"Geral / Outros","S82","Tabela do Sistema Petrus","S82_ID","int(4)","SIM","",""
"Geral / Outros","S82","Tabela do Sistema Petrus","S1_ID","int(4)","NAO","S1",""
"Geral / Outros","S82","Tabela do Sistema Petrus","S82_SELECIONE","bit(1)","NAO","",""
"Geral / Outros","S82","Tabela do Sistema Petrus","S82_DATA_INCLUSAO","datetime(8)","NAO","",""
"Geral / Outros","S82","Tabela do Sistema Petrus","S82_DATA_ALTERACAO","datetime(8)","NAO","",""
"Geral / Outros","S82","Tabela do Sistema Petrus","S82_USUARIO_INCLUSAO","varchar(50)","NAO","",""
"Geral / Outros","S82","Tabela do Sistema Petrus","S82_USUARIO_ALTERACAO","varchar(50)","NAO","",""
"Geral / Outros","S82","Tabela do Sistema Petrus","S82_TIPO","varchar(50)","NAO","",""
"Geral / Outros","S82","Tabela do Sistema Petrus","S82_COMPONENTE","varchar(50)","NAO","",""
"Geral / Outros","S82","Tabela do Sistema Petrus","S82_PARAMETRO","int(4)","NAO","",""
"Geral / Outros","S82","Tabela do Sistema Petrus","S82_VALOR","varchar(50)","NAO","","Campo monetário"
"Geral / Outros","S82","Tabela do Sistema Petrus","S6_ID","int(4)","NAO","S6",""
"Geral / Outros","S83","Tabela do Sistema Petrus","S83_ID","int(4)","SIM","",""
"Geral / Outros","S83","Tabela do Sistema Petrus","S1_ID","int(4)","NAO","S1",""
"Geral / Outros","S83","Tabela do Sistema Petrus","S83_SELECIONE","bit(1)","NAO","",""
"Geral / Outros","S83","Tabela do Sistema Petrus","S83_DATA_INCLUSAO","datetime(8)","NAO","",""
"Geral / Outros","S83","Tabela do Sistema Petrus","S83_DATA_ALTERACAO","datetime(8)","NAO","",""
"Geral / Outros","S83","Tabela do Sistema Petrus","S83_USUARIO_INCLUSAO","varchar(50)","NAO","",""
"Geral / Outros","S83","Tabela do Sistema Petrus","S83_USUARIO_ALTERACAO","varchar(50)","NAO","",""
"Geral / Outros","S83","Tabela do Sistema Petrus","S83_STATUS_ANTERIOR","varchar(50)","NAO","","Máquina de estados (Aberto, Fechado, etc)"
"Geral / Outros","S83","Tabela do Sistema Petrus","S83_STATUS_ATUAL","varchar(50)","NAO","","Máquina de estados (Aberto, Fechado, etc)"
"Geral / Outros","S83","Tabela do Sistema Petrus","S83_TIPO","varchar(50)","NAO","",""
"Geral / Outros","S83","Tabela do Sistema Petrus","S83_MOTIVO","varchar(300)","NAO","",""
"Geral / Outros","S83","Tabela do Sistema Petrus","S8_ID","int(4)","NAO","S8",""
"Geral / Outros","S83","Tabela do Sistema Petrus","S83_REGISTRO","int(4)","NAO","",""
"Geral / Outros","S84","Tabela do Sistema Petrus","S84_ID","int(4)","SIM","",""
"Geral / Outros","S84","Tabela do Sistema Petrus","S1_ID","int(4)","NAO","S1",""
"Geral / Outros","S84","Tabela do Sistema Petrus","S84_CAMPO","varchar(50)","NAO","",""
"Geral / Outros","S84","Tabela do Sistema Petrus","S84_VALOR","varchar(50)","NAO","","Campo monetário"
"Geral / Outros","S84","Tabela do Sistema Petrus","S84_SELECIONE","bit(1)","NAO","",""
"Geral / Outros","S84","Tabela do Sistema Petrus","S84_DATA_INCLUSAO","datetime(8)","NAO","",""
"Geral / Outros","S84","Tabela do Sistema Petrus","S84_DATA_ALTERACAO","datetime(8)","NAO","",""
"Geral / Outros","S84","Tabela do Sistema Petrus","S84_USUARIO_INCLUSAO","varchar(50)","NAO","",""
"Geral / Outros","S84","Tabela do Sistema Petrus","S84_USUARIO_ALTERACAO","varchar(50)","NAO","",""
"Geral / Outros","S84","Tabela do Sistema Petrus","S2_ID","int(4)","NAO","S2",""
"Geral / Outros","S85","Tabela do Sistema Petrus","S85_ID","int(4)","SIM","",""
"Geral / Outros","S85","Tabela do Sistema Petrus","S1_ID","int(4)","NAO","S1",""
"Geral / Outros","S85","Tabela do Sistema Petrus","S85_DESCRICAO","varchar(50)","NAO","",""
"Geral / Outros","S85","Tabela do Sistema Petrus","S85_TRIGGER","varchar(-1)","NAO","",""
"Geral / Outros","S85","Tabela do Sistema Petrus","S85_SELECIONE","bit(1)","NAO","",""
"Geral / Outros","S85","Tabela do Sistema Petrus","S85_DATA_INCLUSAO","datetime(8)","NAO","",""
"Geral / Outros","S85","Tabela do Sistema Petrus","S85_DATA_ALTERACAO","datetime(8)","NAO","",""
"Geral / Outros","S85","Tabela do Sistema Petrus","S85_USUARIO_INCLUSAO","varchar(50)","NAO","",""
"Geral / Outros","S85","Tabela do Sistema Petrus","S85_USUARIO_ALTERACAO","varchar(50)","NAO","",""
"Geral / Outros","S87","Tabela do Sistema Petrus","S87_ID","int(4)","SIM","",""
"Geral / Outros","S87","Tabela do Sistema Petrus","S1_ID","int(4)","NAO","S1",""
"Geral / Outros","S87","Tabela do Sistema Petrus","S87_SELECIONE","bit(1)","NAO","",""
"Geral / Outros","S87","Tabela do Sistema Petrus","S87_DATA_INCLUSAO","datetime(8)","NAO","",""
"Geral / Outros","S87","Tabela do Sistema Petrus","S87_DATA_ALTERACAO","datetime(8)","NAO","",""
"Geral / Outros","S87","Tabela do Sistema Petrus","S87_USUARIO_INCLUSAO","varchar(50)","NAO","",""
"Geral / Outros","S87","Tabela do Sistema Petrus","S87_USUARIO_ALTERACAO","varchar(50)","NAO","",""
"Geral / Outros","S9","Tabela do Sistema Petrus","S9_ID","int(4)","SIM","",""
"Geral / Outros","S9","Tabela do Sistema Petrus","S1_ID","int(4)","NAO","S1",""
"Geral / Outros","S9","Tabela do Sistema Petrus","S8_ID","int(4)","NAO","S8",""
"Geral / Outros","S9","Tabela do Sistema Petrus","S9_TIPO","varchar(50)","NAO","",""
"Geral / Outros","S9","Tabela do Sistema Petrus","S9_DESCRICAO","varchar(50)","NAO","",""
"Geral / Outros","S9","Tabela do Sistema Petrus","S9_SELECIONE","bit(1)","NAO","",""
"Geral / Outros","S9","Tabela do Sistema Petrus","S9_DATA_INCLUSAO","datetime(8)","NAO","",""
"Geral / Outros","S9","Tabela do Sistema Petrus","S9_DATA_ALTERACAO","datetime(8)","NAO","",""
"Geral / Outros","S9","Tabela do Sistema Petrus","S9_USUARIO_INCLUSAO","varchar(50)","NAO","",""
"Geral / Outros","S9","Tabela do Sistema Petrus","S9_USUARIO_ALTERACAO","varchar(50)","NAO","",""
"Geral / Outros","S9","Tabela do Sistema Petrus","S9_ORDEM","int(4)","NAO","",""
"Geral / Outros","S9","Tabela do Sistema Petrus","S9_TAMANHO","varchar(20)","NAO","",""
"Geral / Outros","S9","Tabela do Sistema Petrus","S9_EXPORTAR","bit(1)","NAO","",""
"Geral / Outros","S9","Tabela do Sistema Petrus","S16_ID","int(4)","NAO","",""
"Geral / Outros","S9","Tabela do Sistema Petrus","S9_PRINCIPAL","bit(1)","NAO","",""
"Geral / Outros","S9","Tabela do Sistema Petrus","S9_RODAPE","bit(1)","NAO","",""
"Geral / Outros","SS1","Tabela do Sistema Petrus","SS1_ID","int(4)","SIM","",""
"Geral / Outros","SS1","Tabela do Sistema Petrus","S1_ID","int(4)","NAO","S1",""
"Geral / Outros","SS1","Tabela do Sistema Petrus","SS1_DESCRICAO","varchar(300)","NAO","",""
"Geral / Outros","SS1","Tabela do Sistema Petrus","SS1_SELECIONE","bit(1)","NAO","",""
"Geral / Outros","SS1","Tabela do Sistema Petrus","SS1_DATA_INCLUSAO","datetime(8)","NAO","",""
"Geral / Outros","SS1","Tabela do Sistema Petrus","SS1_DATA_ALTERACAO","datetime(8)","NAO","",""
"Geral / Outros","SS1","Tabela do Sistema Petrus","SS1_USUARIO_INCLUSAO","varchar(50)","NAO","",""
"Geral / Outros","SS1","Tabela do Sistema Petrus","SS1_USUARIO_ALTERACAO","varchar(50)","NAO","",""
"Geral / Outros","SS1","Tabela do Sistema Petrus","S8_ID","int(4)","NAO","S8",""
"Geral / Outros","SS1","Tabela do Sistema Petrus","S39_ID","int(4)","NAO","S39",""
"Geral / Outros","SS1","Tabela do Sistema Petrus","SS1_CATEGORIA","varchar(50)","NAO","",""
"Geral / Outros","SS1","Tabela do Sistema Petrus","SS1_TAGS","varchar(150)","NAO","",""
"Geral / Outros","SS2","Tabela do Sistema Petrus","SS2_ID","int(4)","SIM","",""
"Geral / Outros","SS2","Tabela do Sistema Petrus","S1_ID","int(4)","NAO","S1",""
"Geral / Outros","SS2","Tabela do Sistema Petrus","SS2_SELECIONE","bit(1)","NAO","",""
"Geral / Outros","SS2","Tabela do Sistema Petrus","SS2_DATA_INCLUSAO","datetime(8)","NAO","",""
"Geral / Outros","SS2","Tabela do Sistema Petrus","SS2_DATA_ALTERACAO","datetime(8)","NAO","",""
"Geral / Outros","SS2","Tabela do Sistema Petrus","SS2_USUARIO_INCLUSAO","varchar(50)","NAO","",""
"Geral / Outros","SS2","Tabela do Sistema Petrus","SS2_USUARIO_ALTERACAO","varchar(50)","NAO","",""
"Geral / Outros","SS2","Tabela do Sistema Petrus","SS2_DESCRICAO","varchar(100)","NAO","",""
"Geral / Outros","SS2","Tabela do Sistema Petrus","SS1_ID","int(4)","NAO","SS1",""
"Geral / Outros","SS2","Tabela do Sistema Petrus","SS2_ORDEM","int(4)","NAO","",""
"Geral / Outros","SX1","Tabela do Sistema Petrus","SX1_ID","int(4)","SIM","",""
"Geral / Outros","SX1","Tabela do Sistema Petrus","S1_ID","int(4)","NAO","S1",""
"Geral / Outros","SX1","Tabela do Sistema Petrus","SX1_SELECIONE","bit(1)","NAO","",""
"Geral / Outros","SX1","Tabela do Sistema Petrus","SX1_DATA_INCLUSAO","datetime(8)","NAO","",""
"Geral / Outros","SX1","Tabela do Sistema Petrus","SX1_DATA_ALTERACAO","datetime(8)","NAO","",""
"Geral / Outros","SX1","Tabela do Sistema Petrus","SX1_USUARIO_INCLUSAO","varchar(50)","NAO","",""
"Geral / Outros","SX1","Tabela do Sistema Petrus","SX1_USUARIO_ALTERACAO","varchar(50)","NAO","",""
"Geral / Outros","SX1","Tabela do Sistema Petrus","SX1_EMAIL","varchar(50)","NAO","",""
"Geral / Outros","SX1","Tabela do Sistema Petrus","SX1_SENHA","varchar(50)","NAO","",""
"Geral / Outros","SX1","Tabela do Sistema Petrus","SX1_SERVIDOR","varchar(50)","NAO","",""
"Geral / Outros","SX1","Tabela do Sistema Petrus","SX1_PORTA","int(4)","NAO","",""
"Geral / Outros","SX1","Tabela do Sistema Petrus","SX1_CONEXAO_SEGURA","bit(1)","NAO","",""
"Geral / Outros","SX1","Tabela do Sistema Petrus","SX1_LIMITE","int(4)","NAO","",""
"Geral / Outros","SX2","Tabela do Sistema Petrus","SX2_ID","int(4)","SIM","",""
"Geral / Outros","SX2","Tabela do Sistema Petrus","S1_ID","int(4)","NAO","S1",""
"Geral / Outros","SX2","Tabela do Sistema Petrus","SX1_ID","varchar(50)","NAO","SX1",""
"Geral / Outros","SX2","Tabela do Sistema Petrus","SX2_ENVIADO","int(4)","NAO","",""
"Geral / Outros","SX2","Tabela do Sistema Petrus","SX2_SELECIONE","bit(1)","NAO","",""
"Geral / Outros","SX2","Tabela do Sistema Petrus","SX2_DATA_INCLUSAO","datetime(8)","NAO","",""
"Geral / Outros","SX2","Tabela do Sistema Petrus","SX2_DATA_ALTERACAO","datetime(8)","NAO","",""
"Geral / Outros","SX2","Tabela do Sistema Petrus","SX2_USUARIO_INCLUSAO","varchar(50)","NAO","",""
"Geral / Outros","SX2","Tabela do Sistema Petrus","SX2_USUARIO_ALTERACAO","varchar(50)","NAO","",""
"Geral / Outros","SX2","Tabela do Sistema Petrus","S2_ID","int(4)","NAO","S2",""
"Geral / Outros","SX2","Tabela do Sistema Petrus","SX2_DATA","datetime(8)","NAO","",""
"Geral / Outros","SX3","Tabela do Sistema Petrus","SX3_ID","int(4)","SIM","",""
"Geral / Outros","SX3","Tabela do Sistema Petrus","S1_ID","int(4)","NAO","S1",""
"Geral / Outros","SX3","Tabela do Sistema Petrus","SX3_SELECIONE","bit(1)","NAO","",""
"Geral / Outros","SX3","Tabela do Sistema Petrus","SX3_DATA_INCLUSAO","datetime(8)","NAO","",""
"Geral / Outros","SX3","Tabela do Sistema Petrus","SX3_DATA_ALTERACAO","datetime(8)","NAO","",""
"Geral / Outros","SX3","Tabela do Sistema Petrus","SX3_USUARIO_INCLUSAO","varchar(50)","NAO","",""
"Geral / Outros","SX3","Tabela do Sistema Petrus","SX3_USUARIO_ALTERACAO","varchar(50)","NAO","",""
"Geral / Outros","SX3","Tabela do Sistema Petrus","SX3_INSTANCIA","varchar(50)","NAO","",""
"Geral / Outros","SX3","Tabela do Sistema Petrus","SX3_TOKEN","varchar(300)","NAO","",""
"Geral / Outros","SX3","Tabela do Sistema Petrus","SX3_TIPO","varchar(50)","NAO","",""
"Geral / Outros","SX3","Tabela do Sistema Petrus","SX3_MENSAGEM","varchar(-1)","NAO","",""
"Geral / Outros","SX3","Tabela do Sistema Petrus","SX3_ASSUNTO","varchar(100)","NAO","",""
"Geral / Outros","SX3","Tabela do Sistema Petrus","SX3_ATIVO","bit(1)","NAO","",""
"Geral / Outros","SX3","Tabela do Sistema Petrus","SX3_COPIA_VENDEDOR","bit(1)","NAO","",""
"Geral / Outros","SX3","Tabela do Sistema Petrus","SX3_ENVIO_AUTOMATICO","bit(1)","NAO","",""
"Geral / Outros","SX3","Tabela do Sistema Petrus","SX5_ID","int(4)","NAO","SX5",""
"Geral / Outros","SX3","Tabela do Sistema Petrus","SX3_DIAS","int(4)","NAO","",""
"Geral / Outros","SX3","Tabela do Sistema Petrus","SX3_TEMPLATE","varchar(200)","NAO","",""
"Geral / Outros","SX3","Tabela do Sistema Petrus","SX3_ENVIA_ANEXO","bit(1)","NAO","",""
"Geral / Outros","SX3","Tabela do Sistema Petrus","SX3_MENSAGEM_VENCIDO","varchar(-1)","NAO","",""
"Geral / Outros","SX5","Tabela do Sistema Petrus","SX5_ID","int(4)","SIM","",""
"Geral / Outros","SX5","Tabela do Sistema Petrus","S1_ID","int(4)","NAO","S1",""
"Geral / Outros","SX5","Tabela do Sistema Petrus","SX5_SELECIONE","bit(1)","NAO","",""
"Geral / Outros","SX5","Tabela do Sistema Petrus","SX5_DATA_INCLUSAO","datetime(8)","NAO","",""
"Geral / Outros","SX5","Tabela do Sistema Petrus","SX5_DATA_ALTERACAO","datetime(8)","NAO","",""
"Geral / Outros","SX5","Tabela do Sistema Petrus","SX5_USUARIO_INCLUSAO","varchar(50)","NAO","",""
"Geral / Outros","SX5","Tabela do Sistema Petrus","SX5_USUARIO_ALTERACAO","varchar(50)","NAO","",""
"Geral / Outros","SX5","Tabela do Sistema Petrus","SX5_INSTANCIA","varchar(50)","NAO","",""
"Geral / Outros","SX5","Tabela do Sistema Petrus","SX5_TOKEN","varchar(300)","NAO","",""
"Geral / Outros","SX5","Tabela do Sistema Petrus","SX5_LIMITE","int(4)","NAO","",""
"Geral / Outros","SX5","Tabela do Sistema Petrus","SX5_TELEFONE","varchar(20)","NAO","",""
"Geral / Outros","SX7","Tabela do Sistema Petrus","SX7_ID","int(4)","SIM","",""
"Geral / Outros","SX7","Tabela do Sistema Petrus","S1_ID","int(4)","NAO","S1",""
"Geral / Outros","SX7","Tabela do Sistema Petrus","SX5_ID","varchar(50)","NAO","SX5",""
"Geral / Outros","SX7","Tabela do Sistema Petrus","SX7_ENVIADO","int(4)","NAO","",""
"Geral / Outros","SX7","Tabela do Sistema Petrus","SX7_SELECIONE","bit(1)","NAO","",""
"Geral / Outros","SX7","Tabela do Sistema Petrus","SX7_DATA_INCLUSAO","datetime(8)","NAO","",""
"Geral / Outros","SX7","Tabela do Sistema Petrus","SX7_DATA_ALTERACAO","datetime(8)","NAO","",""
"Geral / Outros","SX7","Tabela do Sistema Petrus","SX7_USUARIO_INCLUSAO","varchar(50)","NAO","",""
"Geral / Outros","SX7","Tabela do Sistema Petrus","SX7_USUARIO_ALTERACAO","varchar(50)","NAO","",""
"Geral / Outros","SX7","Tabela do Sistema Petrus","S2_ID","int(4)","NAO","S2",""
"Geral / Outros","SX7","Tabela do Sistema Petrus","SX7_DATA","datetime(8)","NAO","",""
"Estoque / Produtos","V1","Tabela do Sistema Petrus","V1_ID","int(4)","SIM","",""
"Estoque / Produtos","V1","Tabela do Sistema Petrus","S1_ID","int(4)","NAO","S1",""
"Estoque / Produtos","V1","Tabela do Sistema Petrus","V1_SELECIONE","bit(1)","NAO","",""
"Estoque / Produtos","V1","Tabela do Sistema Petrus","V1_DATA_INCLUSAO","datetime(8)","NAO","",""
"Estoque / Produtos","V1","Tabela do Sistema Petrus","V1_DATA_ALTERACAO","datetime(8)","NAO","",""
"Estoque / Produtos","V1","Tabela do Sistema Petrus","V1_USUARIO_INCLUSAO","varchar(50)","NAO","",""
"Estoque / Produtos","V1","Tabela do Sistema Petrus","V1_USUARIO_ALTERACAO","varchar(50)","NAO","",""
"Estoque / Produtos","V1","Tabela do Sistema Petrus","V1_DATA_EMISSAO","datetime(8)","NAO","",""
"Estoque / Produtos","V1","Tabela do Sistema Petrus","V1_DATA_PREVISAO","datetime(8)","NAO","",""
"Estoque / Produtos","V1","Tabela do Sistema Petrus","V1_DATA_INICIAL","datetime(8)","NAO","",""
"Estoque / Produtos","V1","Tabela do Sistema Petrus","V1_DATA_FINAL","datetime(8)","NAO","",""
"Estoque / Produtos","V1","Tabela do Sistema Petrus","V1_OBS","varchar(500)","NAO","",""
"Estoque / Produtos","V1","Tabela do Sistema Petrus","A3_ID","int(4)","NAO","A3",""
"Estoque / Produtos","V1","Tabela do Sistema Petrus","V1_STATUS","varchar(20)","NAO","","Máquina de estados (Aberto, Fechado, etc)"
"Estoque / Produtos","V1","Tabela do Sistema Petrus","V1_QTD","numeric(9)","NAO","",""
"Estoque / Produtos","V1","Tabela do Sistema Petrus","V19_ID","int(4)","NAO","V19",""
"Estoque / Produtos","V1","Tabela do Sistema Petrus","G6_ID","int(4)","NAO","G6",""
"Estoque / Produtos","V1","Tabela do Sistema Petrus","V1_CONCLUIDO","bit(1)","NAO","",""
"Estoque / Produtos","V1","Tabela do Sistema Petrus","G17_ID","int(4)","NAO","G17",""
"Estoque / Produtos","V1","Tabela do Sistema Petrus","V1_DATA_CANCELAMENTO","datetime(8)","NAO","",""
"Estoque / Produtos","V1","Tabela do Sistema Petrus","V1_DATA_REATIVACAO","datetime(8)","NAO","",""
"Estoque / Produtos","V1","Tabela do Sistema Petrus","C4_ID","int(4)","NAO","C4",""
"Estoque / Produtos","V1","Tabela do Sistema Petrus","VZ1_ID","int(4)","NAO","VZ1",""
"Estoque / Produtos","V1","Tabela do Sistema Petrus","X45_ID","int(4)","NAO","X45",""
"Estoque / Produtos","V1","Tabela do Sistema Petrus","V1_CONTADOR_INICIAL","int(4)","NAO","",""
"Estoque / Produtos","V1","Tabela do Sistema Petrus","V1_CONTADOR_FINAL","int(4)","NAO","",""
"Estoque / Produtos","V1","Tabela do Sistema Petrus","V1_CICLOS_REALIZADOS","numeric(9)","NAO","",""
"Estoque / Produtos","V1","Tabela do Sistema Petrus","V1_MATERIA_PRIMA_TRANSFORMADA","numeric(9)","NAO","",""
"Estoque / Produtos","V1","Tabela do Sistema Petrus","V1_META_INJECAO_HORA","numeric(9)","NAO","",""
"Estoque / Produtos","V1","Tabela do Sistema Petrus","V1_META_INJECAO_DIA","numeric(9)","NAO","",""
"Estoque / Produtos","V1","Tabela do Sistema Petrus","V1_CICLO_MEDIO_TRABALHADO","numeric(9)","NAO","",""
"Estoque / Produtos","V1","Tabela do Sistema Petrus","V1_TOTAL_PECAS_PERDIDAS","numeric(9)","NAO","",""
"Estoque / Produtos","V1","Tabela do Sistema Petrus","V1_TOTAL_PECAS_APROVEITADAS","numeric(9)","NAO","",""
"Estoque / Produtos","V1","Tabela do Sistema Petrus","V1_MATERIA_PRIMA_PERDIDA","numeric(9)","NAO","",""
"Estoque / Produtos","V1","Tabela do Sistema Petrus","V1_TEMPO_DISPONIVEL_MINUTO","numeric(9)","NAO","",""
"Estoque / Produtos","V1","Tabela do Sistema Petrus","V1_TEMPO_DISPONIVEL_HORA","numeric(9)","NAO","",""
"Estoque / Produtos","V1","Tabela do Sistema Petrus","V1_TOTAL_PARADAS_MINUTO","numeric(9)","NAO","",""
"Estoque / Produtos","V1","Tabela do Sistema Petrus","V1_TOTAL_PARADAS_HORA","numeric(9)","NAO","",""
"Estoque / Produtos","V1","Tabela do Sistema Petrus","V1_TOTAL_HORAS_TRABALHADAS","numeric(9)","NAO","",""
"Estoque / Produtos","V1","Tabela do Sistema Petrus","V1_PRODUTIVIDADE","numeric(9)","NAO","",""
"Estoque / Produtos","V1","Tabela do Sistema Petrus","V1_QUALIDADE","numeric(9)","NAO","",""
"Estoque / Produtos","V1","Tabela do Sistema Petrus","V1_DISPONIBILIDADE","numeric(9)","NAO","",""
"Estoque / Produtos","V1","Tabela do Sistema Petrus","V1_OEE","numeric(9)","NAO","",""
"Estoque / Produtos","V1","Tabela do Sistema Petrus","V1_TOTAL_PECAS_PRODUZIDAS","numeric(9)","NAO","",""
"Estoque / Produtos","V1","Tabela do Sistema Petrus","C3_ID","int(4)","NAO","C3",""
"Estoque / Produtos","V1","Tabela do Sistema Petrus","VX1_ID","int(4)","NAO","VX1",""
"Estoque / Produtos","V1","Tabela do Sistema Petrus","V1_QTD_EMB","numeric(9)","NAO","",""
"Estoque / Produtos","V1","Tabela do Sistema Petrus","V1_VOLUME","numeric(9)","NAO","",""
"Estoque / Produtos","V1","Tabela do Sistema Petrus","R2_ID","int(4)","NAO","R2",""
"Estoque / Produtos","V1","Tabela do Sistema Petrus","V1_PESO_BRUTO","numeric(9)","NAO","",""
"Estoque / Produtos","V1","Tabela do Sistema Petrus","V1_PESO_LIQUIDO","numeric(9)","NAO","",""
"Estoque / Produtos","V1","Tabela do Sistema Petrus","V1_QTD_LANCADA","numeric(9)","NAO","",""
"Estoque / Produtos","V1","Tabela do Sistema Petrus","V1_REFERENCIA","varchar(50)","NAO","",""
"Estoque / Produtos","V1","Tabela do Sistema Petrus","V8_ID","int(4)","NAO","V8",""
"Estoque / Produtos","V1","Tabela do Sistema Petrus","V1_CICLO_PADRAO","numeric(9)","NAO","",""
"Estoque / Produtos","V1","Tabela do Sistema Petrus","V1_QTD_ESTOQUE","numeric(9)","NAO","","Controla quantidade física"
"Estoque / Produtos","V1","Tabela do Sistema Petrus","V1_DATA_ESTOQUE","datetime(8)","NAO","","Controla quantidade física"
"Geral / Outros","V10","Tabela do Sistema Petrus","V10_ID","int(4)","SIM","",""
"Geral / Outros","V10","Tabela do Sistema Petrus","S1_ID","int(4)","NAO","S1",""
"Geral / Outros","V10","Tabela do Sistema Petrus","V10_DESCRICAO","varchar(50)","NAO","",""
"Geral / Outros","V10","Tabela do Sistema Petrus","V10_SELECIONE","bit(1)","NAO","",""
"Geral / Outros","V10","Tabela do Sistema Petrus","V10_DATA_INCLUSAO","datetime(8)","NAO","",""
"Geral / Outros","V10","Tabela do Sistema Petrus","V10_DATA_ALTERACAO","datetime(8)","NAO","",""
"Geral / Outros","V10","Tabela do Sistema Petrus","V10_USUARIO_INCLUSAO","varchar(50)","NAO","",""
"Geral / Outros","V10","Tabela do Sistema Petrus","V10_USUARIO_ALTERACAO","varchar(50)","NAO","",""
"Geral / Outros","V10","Tabela do Sistema Petrus","V10_TIPO","varchar(20)","NAO","",""
"Geral / Outros","V10","Tabela do Sistema Petrus","V10_OBS","varchar(-1)","NAO","",""
"Geral / Outros","V11","Tabela do Sistema Petrus","V11_ID","int(4)","SIM","",""
"Geral / Outros","V11","Tabela do Sistema Petrus","S1_ID","int(4)","NAO","S1",""
"Geral / Outros","V11","Tabela do Sistema Petrus","V11_DESCRICAO","varchar(50)","NAO","",""
"Geral / Outros","V11","Tabela do Sistema Petrus","V11_SELECIONE","bit(1)","NAO","",""
"Geral / Outros","V11","Tabela do Sistema Petrus","V11_DATA_INCLUSAO","datetime(8)","NAO","",""
"Geral / Outros","V11","Tabela do Sistema Petrus","V11_DATA_ALTERACAO","datetime(8)","NAO","",""
"Geral / Outros","V11","Tabela do Sistema Petrus","V11_USUARIO_INCLUSAO","varchar(50)","NAO","",""
"Geral / Outros","V11","Tabela do Sistema Petrus","V11_USUARIO_ALTERACAO","varchar(50)","NAO","",""
"Geral / Outros","V11","Tabela do Sistema Petrus","V11_HORA_INICIO","datetime(8)","NAO","",""
"Geral / Outros","V11","Tabela do Sistema Petrus","V11_HORA_TERMINO","datetime(8)","NAO","",""
"Geral / Outros","V11","Tabela do Sistema Petrus","V11_DURACAO","numeric(9)","NAO","",""
"Geral / Outros","V11","Tabela do Sistema Petrus","V11_INTERVALO","numeric(9)","NAO","",""
"Geral / Outros","V11","Tabela do Sistema Petrus","V11_ATIVO","bit(1)","NAO","",""
"Geral / Outros","V17","Tabela do Sistema Petrus","V17_ID","int(4)","SIM","",""
"Geral / Outros","V17","Tabela do Sistema Petrus","S1_ID","int(4)","NAO","S1",""
"Geral / Outros","V17","Tabela do Sistema Petrus","V17_DESCRICAO","varchar(50)","NAO","",""
"Geral / Outros","V17","Tabela do Sistema Petrus","V17_SELECIONE","bit(1)","NAO","",""
"Geral / Outros","V17","Tabela do Sistema Petrus","V17_DATA_INCLUSAO","datetime(8)","NAO","",""
"Geral / Outros","V17","Tabela do Sistema Petrus","V17_DATA_ALTERACAO","datetime(8)","NAO","",""
"Geral / Outros","V17","Tabela do Sistema Petrus","V17_USUARIO_INCLUSAO","varchar(50)","NAO","",""
"Geral / Outros","V17","Tabela do Sistema Petrus","V17_USUARIO_ALTERACAO","varchar(50)","NAO","",""
"Geral / Outros","V17","Tabela do Sistema Petrus","V17_DIAS","int(4)","NAO","",""
"Geral / Outros","V17","Tabela do Sistema Petrus","V17_MEDIA_HORAS_DIA","numeric(9)","NAO","",""
"Geral / Outros","V19","Tabela do Sistema Petrus","V19_ID","int(4)","SIM","",""
"Geral / Outros","V19","Tabela do Sistema Petrus","S1_ID","int(4)","NAO","S1",""
"Geral / Outros","V19","Tabela do Sistema Petrus","V19_NOME","varchar(50)","NAO","",""
"Geral / Outros","V19","Tabela do Sistema Petrus","V19_SELECIONE","bit(1)","NAO","",""
"Geral / Outros","V19","Tabela do Sistema Petrus","V19_DATA_INCLUSAO","datetime(8)","NAO","",""
"Geral / Outros","V19","Tabela do Sistema Petrus","V19_DATA_ALTERACAO","datetime(8)","NAO","",""
"Geral / Outros","V19","Tabela do Sistema Petrus","V19_USUARIO_INCLUSAO","varchar(50)","NAO","",""
"Geral / Outros","V19","Tabela do Sistema Petrus","V19_USUARIO_ALTERACAO","varchar(50)","NAO","",""
"Geral / Outros","V19","Tabela do Sistema Petrus","S2_ID","int(4)","NAO","S2",""
"Geral / Outros","V19","Tabela do Sistema Petrus","V11_ID","int(4)","NAO","V11",""
"Geral / Outros","V19","Tabela do Sistema Petrus","V10_ID","int(4)","NAO","V10",""
"Geral / Outros","V19","Tabela do Sistema Petrus","V19_OBS","varchar(-1)","NAO","",""
"Geral / Outros","V21","Tabela do Sistema Petrus","V21_ID","int(4)","SIM","",""
"Geral / Outros","V21","Tabela do Sistema Petrus","S1_ID","int(4)","NAO","S1",""
"Geral / Outros","V21","Tabela do Sistema Petrus","V21_DESCRICAO","varchar(50)","NAO","",""
"Geral / Outros","V21","Tabela do Sistema Petrus","V21_SELECIONE","bit(1)","NAO","",""
"Geral / Outros","V21","Tabela do Sistema Petrus","V21_DATA_INCLUSAO","datetime(8)","NAO","",""
"Geral / Outros","V21","Tabela do Sistema Petrus","V21_DATA_ALTERACAO","datetime(8)","NAO","",""
"Geral / Outros","V21","Tabela do Sistema Petrus","V21_USUARIO_INCLUSAO","varchar(50)","NAO","",""
"Geral / Outros","V21","Tabela do Sistema Petrus","V21_USUARIO_ALTERACAO","varchar(50)","NAO","",""
"Geral / Outros","V21","Tabela do Sistema Petrus","V8_ID","int(4)","NAO","V8",""
"Geral / Outros","V21","Tabela do Sistema Petrus","V21_TEMPO_PARADO_MINUTO","numeric(9)","NAO","",""
"Geral / Outros","V21","Tabela do Sistema Petrus","V1_ID","int(4)","NAO","V1",""
"Geral / Outros","V21","Tabela do Sistema Petrus","V21_TEMPO_PARADO_HORA","numeric(9)","NAO","",""
"Estoque / Produtos","V22","Tabela do Sistema Petrus","V22_ID","int(4)","SIM","",""
"Estoque / Produtos","V22","Tabela do Sistema Petrus","S1_ID","int(4)","NAO","S1",""
"Estoque / Produtos","V22","Tabela do Sistema Petrus","V22_DESCRICAO","varchar(50)","NAO","",""
"Estoque / Produtos","V22","Tabela do Sistema Petrus","V22_SELECIONE","bit(1)","NAO","",""
"Estoque / Produtos","V22","Tabela do Sistema Petrus","V22_DATA_INCLUSAO","datetime(8)","NAO","",""
"Estoque / Produtos","V22","Tabela do Sistema Petrus","V22_DATA_ALTERACAO","datetime(8)","NAO","",""
"Estoque / Produtos","V22","Tabela do Sistema Petrus","V22_USUARIO_INCLUSAO","varchar(50)","NAO","",""
"Estoque / Produtos","V22","Tabela do Sistema Petrus","V22_USUARIO_ALTERACAO","varchar(50)","NAO","",""
"Estoque / Produtos","V22","Tabela do Sistema Petrus","V9_ID","int(4)","NAO","V9",""
"Estoque / Produtos","V22","Tabela do Sistema Petrus","V22_TOTAL_PERDAS","numeric(9)","NAO","",""
"Estoque / Produtos","V22","Tabela do Sistema Petrus","V1_ID","int(4)","NAO","V1",""
"Estoque / Produtos","V22","Tabela do Sistema Petrus","V22_DATA_ESTOQUE","datetime(8)","NAO","","Controla quantidade física"
"Estoque / Produtos","V22","Tabela do Sistema Petrus","V22_ESTOQUE","bit(1)","NAO","","Controla quantidade física"
"Geral / Outros","V23","Tabela do Sistema Petrus","V23_ID","int(4)","SIM","",""
"Geral / Outros","V23","Tabela do Sistema Petrus","S1_ID","int(4)","NAO","S1",""
"Geral / Outros","V23","Tabela do Sistema Petrus","V23_SELECIONE","bit(1)","NAO","",""
"Geral / Outros","V23","Tabela do Sistema Petrus","V23_DATA_INCLUSAO","datetime(8)","NAO","",""
"Geral / Outros","V23","Tabela do Sistema Petrus","V23_DATA_ALTERACAO","datetime(8)","NAO","",""
"Geral / Outros","V23","Tabela do Sistema Petrus","V23_USUARIO_INCLUSAO","varchar(50)","NAO","",""
"Geral / Outros","V23","Tabela do Sistema Petrus","V23_USUARIO_ALTERACAO","varchar(50)","NAO","",""
"Geral / Outros","V23","Tabela do Sistema Petrus","V11_ID","int(4)","NAO","V11",""
"Geral / Outros","V23","Tabela do Sistema Petrus","V23_INICIO","datetime(8)","NAO","",""
"Geral / Outros","V23","Tabela do Sistema Petrus","V23_FIM","datetime(8)","NAO","",""
"Geral / Outros","V23","Tabela do Sistema Petrus","V23_TEMPO_DISPONIVEL_MINUTO","numeric(9)","NAO","",""
"Geral / Outros","V23","Tabela do Sistema Petrus","V1_ID","int(4)","NAO","V1",""
"Geral / Outros","V23","Tabela do Sistema Petrus","V23_TEMPO_DISPONIVEL_HORA","numeric(9)","NAO","",""
"Geral / Outros","V25","Tabela do Sistema Petrus","V25_ID","int(4)","SIM","",""
"Geral / Outros","V25","Tabela do Sistema Petrus","S1_ID","int(4)","NAO","S1",""
"Geral / Outros","V25","Tabela do Sistema Petrus","V25_SELECIONE","bit(1)","NAO","",""
"Geral / Outros","V25","Tabela do Sistema Petrus","V25_DATA_INCLUSAO","datetime(8)","NAO","",""
"Geral / Outros","V25","Tabela do Sistema Petrus","V25_DATA_ALTERACAO","datetime(8)","NAO","",""
"Geral / Outros","V25","Tabela do Sistema Petrus","V25_USUARIO_INCLUSAO","varchar(50)","NAO","",""
"Geral / Outros","V25","Tabela do Sistema Petrus","V25_USUARIO_ALTERACAO","varchar(50)","NAO","",""
"Geral / Outros","V25","Tabela do Sistema Petrus","V25_INICIO","int(4)","NAO","",""
"Geral / Outros","V25","Tabela do Sistema Petrus","V25_FIM","int(4)","NAO","",""
"Geral / Outros","V25","Tabela do Sistema Petrus","V25_DURACAO","numeric(9)","NAO","",""
"Geral / Outros","V25","Tabela do Sistema Petrus","V1_ID","int(4)","NAO","V1",""
"Geral / Outros","V27","Tabela do Sistema Petrus","V27_ID","int(4)","SIM","",""
"Geral / Outros","V27","Tabela do Sistema Petrus","S1_ID","int(4)","NAO","S1",""
"Geral / Outros","V27","Tabela do Sistema Petrus","V27_SELECIONE","bit(1)","NAO","",""
"Geral / Outros","V27","Tabela do Sistema Petrus","V27_DATA_INCLUSAO","datetime(8)","NAO","",""
"Geral / Outros","V27","Tabela do Sistema Petrus","V27_DATA_ALTERACAO","datetime(8)","NAO","",""
"Geral / Outros","V27","Tabela do Sistema Petrus","V27_USUARIO_INCLUSAO","varchar(50)","NAO","",""
"Geral / Outros","V27","Tabela do Sistema Petrus","V27_USUARIO_ALTERACAO","varchar(50)","NAO","",""
"Geral / Outros","V27","Tabela do Sistema Petrus","X7_ID","int(4)","NAO","X7",""
"Geral / Outros","V27","Tabela do Sistema Petrus","V27_QUANTIDADE","numeric(9)","NAO","",""
"Geral / Outros","V27","Tabela do Sistema Petrus","V1_ID","int(4)","NAO","V1",""
"Geral / Outros","V27","Tabela do Sistema Petrus","V27_NOME","varchar(50)","NAO","",""
"Geral / Outros","V27","Tabela do Sistema Petrus","V27_VOLUME","numeric(9)","NAO","",""
"Geral / Outros","V27","Tabela do Sistema Petrus","V27_MATERIA_PRIMA","numeric(9)","NAO","",""
"Financeiro / Cobrança","V28","Tabela do Sistema Petrus","V28_ID","int(4)","SIM","",""
"Financeiro / Cobrança","V28","Tabela do Sistema Petrus","S1_ID","int(4)","NAO","S1",""
"Financeiro / Cobrança","V28","Tabela do Sistema Petrus","V28_TITULO","varchar(100)","NAO","",""
"Financeiro / Cobrança","V28","Tabela do Sistema Petrus","V28_SELECIONE","bit(1)","NAO","",""
"Financeiro / Cobrança","V28","Tabela do Sistema Petrus","V28_DATA_INCLUSAO","datetime(8)","NAO","",""
"Financeiro / Cobrança","V28","Tabela do Sistema Petrus","V28_DATA_ALTERACAO","datetime(8)","NAO","",""
"Financeiro / Cobrança","V28","Tabela do Sistema Petrus","V28_USUARIO_INCLUSAO","varchar(50)","NAO","",""
"Financeiro / Cobrança","V28","Tabela do Sistema Petrus","V28_USUARIO_ALTERACAO","varchar(50)","NAO","",""
"Financeiro / Cobrança","V28","Tabela do Sistema Petrus","V28_MENSAGEM","varchar(500)","NAO","",""
"Financeiro / Cobrança","V28","Tabela do Sistema Petrus","V28_ATIVO","bit(1)","NAO","",""
"Geral / Outros","V29","Tabela do Sistema Petrus","V29_ID","int(4)","SIM","",""
"Geral / Outros","V29","Tabela do Sistema Petrus","S1_ID","int(4)","NAO","S1",""
"Geral / Outros","V29","Tabela do Sistema Petrus","V29_DESCRICAO","varchar(50)","NAO","",""
"Geral / Outros","V29","Tabela do Sistema Petrus","V29_SELECIONE","bit(1)","NAO","",""
"Geral / Outros","V29","Tabela do Sistema Petrus","V29_DATA_INCLUSAO","datetime(8)","NAO","",""
"Geral / Outros","V29","Tabela do Sistema Petrus","V29_DATA_ALTERACAO","datetime(8)","NAO","",""
"Geral / Outros","V29","Tabela do Sistema Petrus","V29_USUARIO_INCLUSAO","varchar(50)","NAO","",""
"Geral / Outros","V29","Tabela do Sistema Petrus","V29_USUARIO_ALTERACAO","varchar(50)","NAO","",""
"Geral / Outros","V29","Tabela do Sistema Petrus","V29_HORA_INICIO","datetime(8)","NAO","",""
"Geral / Outros","V29","Tabela do Sistema Petrus","V29_HORA_TERMINO","datetime(8)","NAO","",""
"Geral / Outros","V29","Tabela do Sistema Petrus","V29_DATA","datetime(8)","NAO","",""
"Geral / Outros","V29","Tabela do Sistema Petrus","V29_ATIVO","bit(1)","NAO","",""
"Estoque / Produtos","V3","Tabela do Sistema Petrus","V3_ID","int(4)","SIM","",""
"Estoque / Produtos","V3","Tabela do Sistema Petrus","S1_ID","int(4)","NAO","S1",""
"Estoque / Produtos","V3","Tabela do Sistema Petrus","V3_DESCRICAO","varchar(50)","NAO","",""
"Estoque / Produtos","V3","Tabela do Sistema Petrus","V3_SELECIONE","bit(1)","NAO","",""
"Estoque / Produtos","V3","Tabela do Sistema Petrus","V3_DATA_INCLUSAO","datetime(8)","NAO","",""
"Estoque / Produtos","V3","Tabela do Sistema Petrus","V3_DATA_ALTERACAO","datetime(8)","NAO","",""
"Estoque / Produtos","V3","Tabela do Sistema Petrus","V3_USUARIO_INCLUSAO","varchar(50)","NAO","",""
"Estoque / Produtos","V3","Tabela do Sistema Petrus","V3_USUARIO_ALTERACAO","varchar(50)","NAO","",""
"Estoque / Produtos","V3","Tabela do Sistema Petrus","G6_ID","int(4)","NAO","G6",""
"Estoque / Produtos","V3","Tabela do Sistema Petrus","V3_UN","varchar(50)","NAO","",""
"Estoque / Produtos","V3","Tabela do Sistema Petrus","V3_QTD","numeric(9)","NAO","",""
"Estoque / Produtos","V3","Tabela do Sistema Petrus","V3_QTD_TOTAL","numeric(9)","NAO","",""
"Estoque / Produtos","V3","Tabela do Sistema Petrus","V1_ID","int(4)","NAO","V1",""
"Estoque / Produtos","V3","Tabela do Sistema Petrus","V3_PRODUTO","varchar(50)","NAO","",""
"Estoque / Produtos","V3","Tabela do Sistema Petrus","G17_ID","int(4)","NAO","G17",""
"Estoque / Produtos","V3","Tabela do Sistema Petrus","V3_MOVIMENTA_ESTOQUE","bit(1)","NAO","","Controla quantidade física"
"Geral / Outros","V30","Tabela do Sistema Petrus","V30_ID","int(4)","SIM","",""
"Geral / Outros","V30","Tabela do Sistema Petrus","S1_ID","int(4)","NAO","S1",""
"Geral / Outros","V30","Tabela do Sistema Petrus","V30_DESCRICAO","varchar(50)","NAO","",""
"Geral / Outros","V30","Tabela do Sistema Petrus","V30_SELECIONE","bit(1)","NAO","",""
"Geral / Outros","V30","Tabela do Sistema Petrus","V30_DATA_INCLUSAO","datetime(8)","NAO","",""
"Geral / Outros","V30","Tabela do Sistema Petrus","V30_DATA_ALTERACAO","datetime(8)","NAO","",""
"Geral / Outros","V30","Tabela do Sistema Petrus","V30_USUARIO_INCLUSAO","varchar(50)","NAO","",""
"Geral / Outros","V30","Tabela do Sistema Petrus","V30_USUARIO_ALTERACAO","varchar(50)","NAO","",""
"Geral / Outros","V30","Tabela do Sistema Petrus","V30_HORA_INICIO","datetime(8)","NAO","",""
"Geral / Outros","V30","Tabela do Sistema Petrus","V30_HORA_TERMINO","datetime(8)","NAO","",""
"Geral / Outros","V30","Tabela do Sistema Petrus","V30_DATA","datetime(8)","NAO","",""
"Geral / Outros","V30","Tabela do Sistema Petrus","V30_ATIVO","bit(1)","NAO","",""
"Geral / Outros","V31","Tabela do Sistema Petrus","V31_ID","int(4)","SIM","",""
"Geral / Outros","V31","Tabela do Sistema Petrus","S1_ID","int(4)","NAO","S1",""
"Geral / Outros","V31","Tabela do Sistema Petrus","V31_DESCRICAO","varchar(50)","NAO","",""
"Geral / Outros","V31","Tabela do Sistema Petrus","V31_SELECIONE","bit(1)","NAO","",""
"Geral / Outros","V31","Tabela do Sistema Petrus","V31_DATA_INCLUSAO","datetime(8)","NAO","",""
"Geral / Outros","V31","Tabela do Sistema Petrus","V31_DATA_ALTERACAO","datetime(8)","NAO","",""
"Geral / Outros","V31","Tabela do Sistema Petrus","V31_USUARIO_INCLUSAO","varchar(50)","NAO","",""
"Geral / Outros","V31","Tabela do Sistema Petrus","V31_USUARIO_ALTERACAO","varchar(50)","NAO","",""
"Geral / Outros","V31","Tabela do Sistema Petrus","V31_HORA_INICIO","datetime(8)","NAO","",""
"Geral / Outros","V31","Tabela do Sistema Petrus","V31_HORA_TERMINO","datetime(8)","NAO","",""
"Geral / Outros","V31","Tabela do Sistema Petrus","V31_DATA","datetime(8)","NAO","",""
"Geral / Outros","V31","Tabela do Sistema Petrus","V31_ATIVO","bit(1)","NAO","",""
"Geral / Outros","V31","Tabela do Sistema Petrus","V31_DIA","varchar(50)","NAO","",""
"Geral / Outros","V4","Tabela do Sistema Petrus","V4_ID","int(4)","SIM","",""
"Geral / Outros","V4","Tabela do Sistema Petrus","S1_ID","int(4)","NAO","S1",""
"Geral / Outros","V4","Tabela do Sistema Petrus","V4_DESCRICAO","varchar(50)","NAO","",""
"Geral / Outros","V4","Tabela do Sistema Petrus","V4_SELECIONE","bit(1)","NAO","",""
"Geral / Outros","V4","Tabela do Sistema Petrus","V4_DATA_INCLUSAO","datetime(8)","NAO","",""
"Geral / Outros","V4","Tabela do Sistema Petrus","V4_DATA_ALTERACAO","datetime(8)","NAO","",""
"Geral / Outros","V4","Tabela do Sistema Petrus","V4_USUARIO_INCLUSAO","varchar(50)","NAO","",""
"Geral / Outros","V4","Tabela do Sistema Petrus","V4_USUARIO_ALTERACAO","varchar(50)","NAO","",""
"Geral / Outros","V4","Tabela do Sistema Petrus","V1_ID","int(4)","NAO","V1",""
"Geral / Outros","V4","Tabela do Sistema Petrus","V17_ID","int(4)","NAO","V17",""
"Geral / Outros","V4","Tabela do Sistema Petrus","V4_CONCLUIDO","bit(1)","NAO","",""
"Geral / Outros","V8","Tabela do Sistema Petrus","V8_ID","int(4)","SIM","",""
"Geral / Outros","V8","Tabela do Sistema Petrus","S1_ID","int(4)","NAO","S1",""
"Geral / Outros","V8","Tabela do Sistema Petrus","V8_DESCRICAO","varchar(50)","NAO","",""
"Geral / Outros","V8","Tabela do Sistema Petrus","V8_SELECIONE","bit(1)","NAO","",""
"Geral / Outros","V8","Tabela do Sistema Petrus","V8_DATA_INCLUSAO","datetime(8)","NAO","",""
"Geral / Outros","V8","Tabela do Sistema Petrus","V8_DATA_ALTERACAO","datetime(8)","NAO","",""
"Geral / Outros","V8","Tabela do Sistema Petrus","V8_USUARIO_INCLUSAO","varchar(50)","NAO","",""
"Geral / Outros","V8","Tabela do Sistema Petrus","V8_USUARIO_ALTERACAO","varchar(50)","NAO","",""
"Geral / Outros","V8","Tabela do Sistema Petrus","V10_ID","int(4)","NAO","V10",""
"Geral / Outros","V8","Tabela do Sistema Petrus","V8_PROGRAMADO","bit(1)","NAO","",""
"Geral / Outros","V8","Tabela do Sistema Petrus","V8_ORDEM","int(4)","NAO","",""
"Geral / Outros","V9","Tabela do Sistema Petrus","V9_ID","int(4)","SIM","",""
"Geral / Outros","V9","Tabela do Sistema Petrus","S1_ID","int(4)","NAO","S1",""
"Geral / Outros","V9","Tabela do Sistema Petrus","V9_DESCRICAO","varchar(50)","NAO","",""
"Geral / Outros","V9","Tabela do Sistema Petrus","V9_SELECIONE","bit(1)","NAO","",""
"Geral / Outros","V9","Tabela do Sistema Petrus","V9_DATA_INCLUSAO","datetime(8)","NAO","",""
"Geral / Outros","V9","Tabela do Sistema Petrus","V9_DATA_ALTERACAO","datetime(8)","NAO","",""
"Geral / Outros","V9","Tabela do Sistema Petrus","V9_USUARIO_INCLUSAO","varchar(50)","NAO","",""
"Geral / Outros","V9","Tabela do Sistema Petrus","V9_USUARIO_ALTERACAO","varchar(50)","NAO","",""
"Geral / Outros","V9","Tabela do Sistema Petrus","V9_TIPO","varchar(50)","NAO","",""
"Geral / Outros","V9","Tabela do Sistema Petrus","V10_ID","int(4)","NAO","V10",""
"Geral / Outros","V9","Tabela do Sistema Petrus","V9_GRAVIDADE","varchar(20)","NAO","",""
"Geral / Outros","VX1","Tabela do Sistema Petrus","VX1_ID","int(4)","SIM","",""
"Geral / Outros","VX1","Tabela do Sistema Petrus","S1_ID","int(4)","NAO","S1",""
"Geral / Outros","VX1","Tabela do Sistema Petrus","VX1_SELECIONE","bit(1)","NAO","",""
"Geral / Outros","VX1","Tabela do Sistema Petrus","VX1_DATA_INCLUSAO","datetime(8)","NAO","",""
"Geral / Outros","VX1","Tabela do Sistema Petrus","VX1_DATA_ALTERACAO","datetime(8)","NAO","",""
"Geral / Outros","VX1","Tabela do Sistema Petrus","VX1_USUARIO_INCLUSAO","varchar(50)","NAO","",""
"Geral / Outros","VX1","Tabela do Sistema Petrus","VX1_USUARIO_ALTERACAO","varchar(50)","NAO","",""
"Geral / Outros","VX1","Tabela do Sistema Petrus","VX1_DATA_EMISSAO","datetime(8)","NAO","",""
"Geral / Outros","VX1","Tabela do Sistema Petrus","V19_ID","int(4)","NAO","V19",""
"Geral / Outros","VX1","Tabela do Sistema Petrus","V10_ID","int(4)","NAO","V10",""
"Geral / Outros","VX1","Tabela do Sistema Petrus","C4_ID","int(4)","NAO","C4",""
"Geral / Outros","VX1","Tabela do Sistema Petrus","VX1_TOTAL_PECAS_PRODUZIDAS","numeric(9)","NAO","",""
"Geral / Outros","VX1","Tabela do Sistema Petrus","VX1_OBS","varchar(-1)","NAO","",""
"Geral / Outros","VX1","Tabela do Sistema Petrus","C3_ID","int(4)","NAO","C3",""
"Geral / Outros","VX1","Tabela do Sistema Petrus","VX1_CONTADOR_INICIAL","int(4)","NAO","",""
"Geral / Outros","VX1","Tabela do Sistema Petrus","VX1_CONTADOR_FINAL","int(4)","NAO","",""
"Geral / Outros","VX1","Tabela do Sistema Petrus","VX1_CICLOS_REALIZADOS","numeric(9)","NAO","",""
"Geral / Outros","VX1","Tabela do Sistema Petrus","VX1_MATERIA_PRIMA_TRANSFORMADA","numeric(9)","NAO","",""
"Geral / Outros","VX1","Tabela do Sistema Petrus","VX1_META_INJECAO_HORA","numeric(9)","NAO","",""
"Geral / Outros","VX1","Tabela do Sistema Petrus","VX1_META_INJECAO_DIA","numeric(9)","NAO","",""
"Geral / Outros","VX1","Tabela do Sistema Petrus","VX1_CICLO_MEDIO_TRABALHADO","numeric(9)","NAO","",""
"Geral / Outros","VX1","Tabela do Sistema Petrus","VX1_TOTAL_PECAS_PERDIDAS","numeric(9)","NAO","",""
"Geral / Outros","VX1","Tabela do Sistema Petrus","VX1_TOTAL_PECAS_APROVEITADAS","numeric(9)","NAO","",""
"Geral / Outros","VX1","Tabela do Sistema Petrus","VX1_MATERIA_PRIMA_PERDIDA","numeric(9)","NAO","",""
"Geral / Outros","VX1","Tabela do Sistema Petrus","VX1_TEMPO_DISPONIVEL_MINUTO","numeric(9)","NAO","",""
"Geral / Outros","VX1","Tabela do Sistema Petrus","VX1_TEMPO_DISPONIVEL_HORA","numeric(9)","NAO","",""
"Geral / Outros","VX1","Tabela do Sistema Petrus","VX1_TOTAL_PARADAS_MINUTO","numeric(9)","NAO","",""
"Geral / Outros","VX1","Tabela do Sistema Petrus","VX1_TOTAL_PARADAS_HORA","numeric(9)","NAO","",""
"Geral / Outros","VX1","Tabela do Sistema Petrus","VX1_TOTAL_HORAS_TRABALHADAS","numeric(9)","NAO","",""
"Geral / Outros","VX1","Tabela do Sistema Petrus","VX1_PRODUTIVIDADE","numeric(9)","NAO","",""
"Geral / Outros","VX1","Tabela do Sistema Petrus","VX1_QUALIDADE","numeric(9)","NAO","",""
"Geral / Outros","VX1","Tabela do Sistema Petrus","VX1_DISPONIBILIDADE","numeric(9)","NAO","",""
"Geral / Outros","VX1","Tabela do Sistema Petrus","VX1_OEE","numeric(9)","NAO","",""
"Geral / Outros","VX1","Tabela do Sistema Petrus","V1_ID","int(4)","NAO","V1",""
"Geral / Outros","VX1","Tabela do Sistema Petrus","VX1_CICLO_PADRAO","numeric(9)","NAO","",""
"Geral / Outros","VX1","Tabela do Sistema Petrus","VX1_TEMPO_PARADO","varchar(50)","NAO","",""
"Geral / Outros","VX10","Tabela do Sistema Petrus","VX10_ID","int(4)","SIM","",""
"Geral / Outros","VX10","Tabela do Sistema Petrus","S1_ID","int(4)","NAO","S1",""
"Geral / Outros","VX10","Tabela do Sistema Petrus","VX10_TIPO","varchar(50)","NAO","",""
"Geral / Outros","VX10","Tabela do Sistema Petrus","VX10_SELECIONE","bit(1)","NAO","",""
"Geral / Outros","VX10","Tabela do Sistema Petrus","VX10_DATA_INCLUSAO","datetime(8)","NAO","",""
"Geral / Outros","VX10","Tabela do Sistema Petrus","VX10_DATA_ALTERACAO","datetime(8)","NAO","",""
"Geral / Outros","VX10","Tabela do Sistema Petrus","VX10_USUARIO_INCLUSAO","varchar(50)","NAO","",""
"Geral / Outros","VX10","Tabela do Sistema Petrus","VX10_USUARIO_ALTERACAO","varchar(50)","NAO","",""
"Geral / Outros","VX10","Tabela do Sistema Petrus","VX10_VALOR","numeric(9)","NAO","","Campo monetário"
"Geral / Outros","VX11","Tabela do Sistema Petrus","VX11_ID","int(4)","SIM","",""
"Geral / Outros","VX11","Tabela do Sistema Petrus","S1_ID","int(4)","NAO","S1",""
"Geral / Outros","VX11","Tabela do Sistema Petrus","VX11_SELECIONE","bit(1)","NAO","",""
"Geral / Outros","VX11","Tabela do Sistema Petrus","VX11_DATA_INCLUSAO","datetime(8)","NAO","",""
"Geral / Outros","VX11","Tabela do Sistema Petrus","VX11_DATA_ALTERACAO","datetime(8)","NAO","",""
"Geral / Outros","VX11","Tabela do Sistema Petrus","VX11_USUARIO_INCLUSAO","varchar(50)","NAO","",""
"Geral / Outros","VX11","Tabela do Sistema Petrus","VX11_USUARIO_ALTERACAO","varchar(50)","NAO","",""
"Geral / Outros","VX11","Tabela do Sistema Petrus","VX11_QUANTIDADE","numeric(9)","NAO","",""
"Geral / Outros","VX11","Tabela do Sistema Petrus","G6_ID","int(4)","NAO","G6",""
"Geral / Outros","VX11","Tabela do Sistema Petrus","VX11_DATA_EMISSAO","datetime(8)","NAO","",""
"Geral / Outros","VX11","Tabela do Sistema Petrus","VX11_DATA_ENTREGA","datetime(8)","NAO","",""
"Geral / Outros","VX12","Tabela do Sistema Petrus","VX12_ID","int(4)","SIM","",""
"Geral / Outros","VX12","Tabela do Sistema Petrus","S1_ID","int(4)","NAO","S1",""
"Geral / Outros","VX12","Tabela do Sistema Petrus","VX12_DESCRICAO","varchar(50)","NAO","",""
"Geral / Outros","VX12","Tabela do Sistema Petrus","VX12_SELECIONE","bit(1)","NAO","",""
"Geral / Outros","VX12","Tabela do Sistema Petrus","VX12_DATA_INCLUSAO","datetime(8)","NAO","",""
"Geral / Outros","VX12","Tabela do Sistema Petrus","VX12_DATA_ALTERACAO","datetime(8)","NAO","",""
"Geral / Outros","VX12","Tabela do Sistema Petrus","VX12_USUARIO_INCLUSAO","varchar(50)","NAO","",""
"Geral / Outros","VX12","Tabela do Sistema Petrus","VX12_USUARIO_ALTERACAO","varchar(50)","NAO","",""
"Geral / Outros","VX12","Tabela do Sistema Petrus","VX11_ID","int(4)","NAO","VX11",""
"Geral / Outros","VX12","Tabela do Sistema Petrus","V17_ID","int(4)","NAO","V17",""
"Geral / Outros","VX12","Tabela do Sistema Petrus","VX12_PECAS_HORAS","numeric(9)","NAO","",""
"Geral / Outros","VX12","Tabela do Sistema Petrus","VX12_HORAS_MAQUINA","numeric(9)","NAO","",""
"Geral / Outros","VX15","Tabela do Sistema Petrus","VX15_ID","int(4)","SIM","",""
"Geral / Outros","VX15","Tabela do Sistema Petrus","S1_ID","int(4)","NAO","S1",""
"Geral / Outros","VX15","Tabela do Sistema Petrus","VX15_DESCRICAO","varchar(300)","NAO","",""
"Geral / Outros","VX15","Tabela do Sistema Petrus","VX15_SELECIONE","bit(1)","NAO","",""
"Geral / Outros","VX15","Tabela do Sistema Petrus","VX15_DATA_INCLUSAO","datetime(8)","NAO","",""
"Geral / Outros","VX15","Tabela do Sistema Petrus","VX15_DATA_ALTERACAO","datetime(8)","NAO","",""
"Geral / Outros","VX15","Tabela do Sistema Petrus","VX15_USUARIO_INCLUSAO","varchar(50)","NAO","",""
"Geral / Outros","VX15","Tabela do Sistema Petrus","VX15_USUARIO_ALTERACAO","varchar(50)","NAO","",""
"Geral / Outros","VX15","Tabela do Sistema Petrus","G6_ID","int(4)","NAO","G6",""
"Geral / Outros","VX15","Tabela do Sistema Petrus","C3_ID","int(4)","NAO","C3",""
"Geral / Outros","VX5","Tabela do Sistema Petrus","VX5_ID","int(4)","SIM","",""
"Geral / Outros","VX5","Tabela do Sistema Petrus","S1_ID","int(4)","NAO","S1",""
"Geral / Outros","VX5","Tabela do Sistema Petrus","VX5_DESCRICAO","varchar(50)","NAO","",""
"Geral / Outros","VX5","Tabela do Sistema Petrus","VX5_SELECIONE","bit(1)","NAO","",""
"Geral / Outros","VX5","Tabela do Sistema Petrus","VX5_DATA_INCLUSAO","datetime(8)","NAO","",""
"Geral / Outros","VX5","Tabela do Sistema Petrus","VX5_DATA_ALTERACAO","datetime(8)","NAO","",""
"Geral / Outros","VX5","Tabela do Sistema Petrus","VX5_USUARIO_INCLUSAO","varchar(50)","NAO","",""
"Geral / Outros","VX5","Tabela do Sistema Petrus","VX5_USUARIO_ALTERACAO","varchar(50)","NAO","",""
"Geral / Outros","VX5","Tabela do Sistema Petrus","V8_ID","int(4)","NAO","V8",""
"Geral / Outros","VX5","Tabela do Sistema Petrus","VX5_TEMPO_PARADO_MINUTO","numeric(9)","NAO","",""
"Geral / Outros","VX5","Tabela do Sistema Petrus","VX1_ID","int(4)","NAO","VX1",""
"Geral / Outros","VX5","Tabela do Sistema Petrus","VX5_TEMPO_PARADO_HORA","numeric(9)","NAO","",""
"Geral / Outros","VX5","Tabela do Sistema Petrus","V21_ID","int(4)","NAO","V21",""
"Geral / Outros","VX7","Tabela do Sistema Petrus","VX7_ID","int(4)","SIM","",""
"Geral / Outros","VX7","Tabela do Sistema Petrus","S1_ID","int(4)","NAO","S1",""
"Geral / Outros","VX7","Tabela do Sistema Petrus","VX7_DESCRICAO","varchar(50)","NAO","",""
"Geral / Outros","VX7","Tabela do Sistema Petrus","VX7_SELECIONE","bit(1)","NAO","",""
"Geral / Outros","VX7","Tabela do Sistema Petrus","VX7_DATA_INCLUSAO","datetime(8)","NAO","",""
"Geral / Outros","VX7","Tabela do Sistema Petrus","VX7_DATA_ALTERACAO","datetime(8)","NAO","",""
"Geral / Outros","VX7","Tabela do Sistema Petrus","VX7_USUARIO_INCLUSAO","varchar(50)","NAO","",""
"Geral / Outros","VX7","Tabela do Sistema Petrus","VX7_USUARIO_ALTERACAO","varchar(50)","NAO","",""
"Geral / Outros","VX7","Tabela do Sistema Petrus","V9_ID","int(4)","NAO","V9",""
"Geral / Outros","VX7","Tabela do Sistema Petrus","VX7_TOTAL_PERDAS","numeric(9)","NAO","",""
"Geral / Outros","VX7","Tabela do Sistema Petrus","VX1_ID","int(4)","NAO","VX1",""
"Geral / Outros","VX7","Tabela do Sistema Petrus","V22_ID","int(4)","NAO","V22",""
"Geral / Outros","VX8","Tabela do Sistema Petrus","VX8_ID","int(4)","SIM","",""
"Geral / Outros","VX8","Tabela do Sistema Petrus","S1_ID","int(4)","NAO","S1",""
"Geral / Outros","VX8","Tabela do Sistema Petrus","VX8_DESCRICAO","varchar(50)","NAO","",""
"Geral / Outros","VX8","Tabela do Sistema Petrus","VX8_SELECIONE","bit(1)","NAO","",""
"Geral / Outros","VX8","Tabela do Sistema Petrus","VX8_DATA_INCLUSAO","datetime(8)","NAO","",""
"Geral / Outros","VX8","Tabela do Sistema Petrus","VX8_DATA_ALTERACAO","datetime(8)","NAO","",""
"Geral / Outros","VX8","Tabela do Sistema Petrus","VX8_USUARIO_INCLUSAO","varchar(50)","NAO","",""
"Geral / Outros","VX8","Tabela do Sistema Petrus","VX8_USUARIO_ALTERACAO","varchar(50)","NAO","",""
"Geral / Outros","VX8","Tabela do Sistema Petrus","C4_ID","int(4)","NAO","C4",""
"Geral / Outros","VX8","Tabela do Sistema Petrus","C3_ID","int(4)","NAO","C3",""
"Geral / Outros","VX9","Tabela do Sistema Petrus","VX9_ID","int(4)","SIM","",""
"Geral / Outros","VX9","Tabela do Sistema Petrus","S1_ID","int(4)","NAO","S1",""
"Geral / Outros","VX9","Tabela do Sistema Petrus","VX9_SELECIONE","bit(1)","NAO","",""
"Geral / Outros","VX9","Tabela do Sistema Petrus","VX9_DATA_INCLUSAO","datetime(8)","NAO","",""
"Geral / Outros","VX9","Tabela do Sistema Petrus","VX9_DATA_ALTERACAO","datetime(8)","NAO","",""
"Geral / Outros","VX9","Tabela do Sistema Petrus","VX9_USUARIO_INCLUSAO","varchar(50)","NAO","",""
"Geral / Outros","VX9","Tabela do Sistema Petrus","VX9_USUARIO_ALTERACAO","varchar(50)","NAO","",""
"Geral / Outros","VX9","Tabela do Sistema Petrus","V11_ID","int(4)","NAO","V11",""
"Geral / Outros","VX9","Tabela do Sistema Petrus","VX9_INICIO","datetime(8)","NAO","",""
"Geral / Outros","VX9","Tabela do Sistema Petrus","VX9_FIM","datetime(8)","NAO","",""
"Geral / Outros","VX9","Tabela do Sistema Petrus","VX9_TEMPO_DISPONIVEL_MINUTO","numeric(9)","NAO","",""
"Geral / Outros","VX9","Tabela do Sistema Petrus","VX1_ID","int(4)","NAO","VX1",""
"Geral / Outros","VX9","Tabela do Sistema Petrus","VX9_TEMPO_DISPONIVEL_HORA","numeric(9)","NAO","",""
"Geral / Outros","VX9","Tabela do Sistema Petrus","V23_ID","int(4)","NAO","V23",""
"Geral / Outros","VZ1","Tabela do Sistema Petrus","VZ1_ID","int(4)","SIM","",""
"Geral / Outros","VZ1","Tabela do Sistema Petrus","S1_ID","int(4)","NAO","S1",""
"Geral / Outros","VZ1","Tabela do Sistema Petrus","VZ1_SELECIONE","bit(1)","NAO","",""
"Geral / Outros","VZ1","Tabela do Sistema Petrus","VZ1_DATA_INCLUSAO","datetime(8)","NAO","",""
"Geral / Outros","VZ1","Tabela do Sistema Petrus","VZ1_DATA_ALTERACAO","datetime(8)","NAO","",""
"Geral / Outros","VZ1","Tabela do Sistema Petrus","VZ1_USUARIO_INCLUSAO","varchar(50)","NAO","",""
"Geral / Outros","VZ1","Tabela do Sistema Petrus","VZ1_USUARIO_ALTERACAO","varchar(50)","NAO","",""
"Geral / Outros","VZ1","Tabela do Sistema Petrus","C3_ID","int(4)","NAO","C3",""
"Geral / Outros","VZ1","Tabela do Sistema Petrus","C4_ID","int(4)","NAO","C4",""
"Geral / Outros","VZ1","Tabela do Sistema Petrus","VZ1_LOTE_PADRAO","int(4)","NAO","",""
"Geral / Outros","VZ1","Tabela do Sistema Petrus","VZ1_TEMPO_PADRAO","numeric(9)","NAO","",""
"Geral / Outros","VZ1","Tabela do Sistema Petrus","VZ1_QUANTIDADE_PADRAO","numeric(9)","NAO","",""
"Geral / Outros","VZ1","Tabela do Sistema Petrus","G6_ID","int(4)","NAO","G6",""
"Geral / Outros","VZ1","Tabela do Sistema Petrus","VZ1_DESCRICAO","varchar(300)","NAO","",""
"Geral / Outros","VZ2","Tabela do Sistema Petrus","VZ2_ID","int(4)","SIM","",""
"Geral / Outros","VZ2","Tabela do Sistema Petrus","S1_ID","int(4)","NAO","S1",""
"Geral / Outros","VZ2","Tabela do Sistema Petrus","VZ2_DESCRICAO","varchar(300)","NAO","",""
"Geral / Outros","VZ2","Tabela do Sistema Petrus","VZ2_SELECIONE","bit(1)","NAO","",""
"Geral / Outros","VZ2","Tabela do Sistema Petrus","VZ2_DATA_INCLUSAO","datetime(8)","NAO","",""
"Geral / Outros","VZ2","Tabela do Sistema Petrus","VZ2_DATA_ALTERACAO","datetime(8)","NAO","",""
"Geral / Outros","VZ2","Tabela do Sistema Petrus","VZ2_USUARIO_INCLUSAO","varchar(50)","NAO","",""
"Geral / Outros","VZ2","Tabela do Sistema Petrus","VZ2_USUARIO_ALTERACAO","varchar(50)","NAO","",""
"Geral / Outros","VZ2","Tabela do Sistema Petrus","VZ1_ID","int(4)","NAO","VZ1",""
"Geral / Outros","VZ2","Tabela do Sistema Petrus","G6_ID","int(4)","NAO","G6",""
"Geral / Outros","VZ2","Tabela do Sistema Petrus","G32_ID","numeric(9)","NAO","G32",""
"Geral / Outros","VZ2","Tabela do Sistema Petrus","VZ2_QUANTIDADE","numeric(9)","NAO","",""
"Geral / Outros","VZ2","Tabela do Sistema Petrus","VZ2_FATOR_DIVISOR","numeric(9)","NAO","",""
"Fiscal / Faturamento","X10","Tabela do Sistema Petrus","X10_ID","int(4)","SIM","",""
"Fiscal / Faturamento","X10","Tabela do Sistema Petrus","S1_ID","int(4)","NAO","S1",""
"Fiscal / Faturamento","X10","Tabela do Sistema Petrus","X10_NOME","varchar(50)","NAO","",""
"Fiscal / Faturamento","X10","Tabela do Sistema Petrus","X9_ID","int(4)","NAO","X9",""
"Fiscal / Faturamento","X10","Tabela do Sistema Petrus","X10_SELECIONE","bit(1)","NAO","",""
"Fiscal / Faturamento","X10","Tabela do Sistema Petrus","X10_DATA_INCLUSAO","datetime(8)","NAO","",""
"Fiscal / Faturamento","X10","Tabela do Sistema Petrus","X10_DATA_ALTERACAO","datetime(8)","NAO","",""
"Fiscal / Faturamento","X10","Tabela do Sistema Petrus","X10_USUARIO_INCLUSAO","varchar(50)","NAO","",""
"Fiscal / Faturamento","X10","Tabela do Sistema Petrus","X10_USUARIO_ALTERACAO","varchar(50)","NAO","",""
"Fiscal / Faturamento","X12","Tabela do Sistema Petrus","X12_ID","int(4)","SIM","",""
"Fiscal / Faturamento","X12","Tabela do Sistema Petrus","S1_ID","int(4)","NAO","S1",""
"Fiscal / Faturamento","X12","Tabela do Sistema Petrus","X12_NOME","varchar(50)","NAO","",""
"Fiscal / Faturamento","X12","Tabela do Sistema Petrus","X10_ID","int(4)","NAO","X10",""
"Fiscal / Faturamento","X12","Tabela do Sistema Petrus","X12_SELECIONE","bit(1)","NAO","",""
"Fiscal / Faturamento","X12","Tabela do Sistema Petrus","X12_DATA_INCLUSAO","datetime(8)","NAO","",""
"Fiscal / Faturamento","X12","Tabela do Sistema Petrus","X12_DATA_ALTERACAO","datetime(8)","NAO","",""
"Fiscal / Faturamento","X12","Tabela do Sistema Petrus","X12_USUARIO_INCLUSAO","varchar(50)","NAO","",""
"Fiscal / Faturamento","X12","Tabela do Sistema Petrus","X12_USUARIO_ALTERACAO","varchar(50)","NAO","",""
"Fiscal / Faturamento","X12","Tabela do Sistema Petrus","X12_SIGLA","varchar(2)","NAO","",""
"Estoque / Produtos","X13","Notas Fiscais de Saída (Cabeçalho)","X13_ID","int(4)","SIM","",""
"Estoque / Produtos","X13","Notas Fiscais de Saída (Cabeçalho)","S1_ID","int(4)","NAO","S1",""
"Estoque / Produtos","X13","Notas Fiscais de Saída (Cabeçalho)","X13_DESCRICAO","varchar(100)","NAO","",""
"Estoque / Produtos","X13","Notas Fiscais de Saída (Cabeçalho)","X13_TIPO","varchar(15)","NAO","",""
"Estoque / Produtos","X13","Notas Fiscais de Saída (Cabeçalho)","X13_SELECIONE","bit(1)","NAO","",""
"Estoque / Produtos","X13","Notas Fiscais de Saída (Cabeçalho)","X13_DATA_INCLUSAO","datetime(8)","NAO","",""
"Estoque / Produtos","X13","Notas Fiscais de Saída (Cabeçalho)","X13_DATA_ALTERACAO","datetime(8)","NAO","",""
"Estoque / Produtos","X13","Notas Fiscais de Saída (Cabeçalho)","X13_USUARIO_INCLUSAO","varchar(50)","NAO","",""
"Estoque / Produtos","X13","Notas Fiscais de Saída (Cabeçalho)","X13_USUARIO_ALTERACAO","varchar(50)","NAO","",""
"Estoque / Produtos","X13","Notas Fiscais de Saída (Cabeçalho)","X13_SERIE","int(4)","NAO","",""
"Estoque / Produtos","X13","Notas Fiscais de Saída (Cabeçalho)","X32_ID","int(4)","NAO","X32",""
"Estoque / Produtos","X13","Notas Fiscais de Saída (Cabeçalho)","X13_OBS","varchar(500)","NAO","",""
"Estoque / Produtos","X13","Notas Fiscais de Saída (Cabeçalho)","X13_LANCAR_ESTOQUE","bit(1)","NAO","","Controla quantidade física"
"Estoque / Produtos","X13","Notas Fiscais de Saída (Cabeçalho)","X13_CFOP_ICMS","varchar(5)","NAO","",""
"Estoque / Produtos","X13","Notas Fiscais de Saída (Cabeçalho)","X13_ALIQUOTA_ICMS","numeric(9)","NAO","",""
"Estoque / Produtos","X13","Notas Fiscais de Saída (Cabeçalho)","X13_ALIQUOTA_ICMS_FCP","numeric(9)","NAO","",""
"Estoque / Produtos","X13","Notas Fiscais de Saída (Cabeçalho)","X13_ALIQUOTA_IPI","numeric(9)","NAO","",""
"Estoque / Produtos","X13","Notas Fiscais de Saída (Cabeçalho)","X34_ID","int(4)","NAO","X34",""
"Estoque / Produtos","X13","Notas Fiscais de Saída (Cabeçalho)","X13_ALIQUOTA_PIS","numeric(9)","NAO","",""
"Estoque / Produtos","X13","Notas Fiscais de Saída (Cabeçalho)","X13_ALIQUOTA_COFINS","numeric(9)","NAO","",""
"Estoque / Produtos","X13","Notas Fiscais de Saída (Cabeçalho)","X13_MODALIDADE_BASE","varchar(50)","NAO","",""
"Estoque / Produtos","X13","Notas Fiscais de Saída (Cabeçalho)","X13_FINALIDADE","varchar(50)","NAO","",""
"Estoque / Produtos","X13","Notas Fiscais de Saída (Cabeçalho)","X13_ALIQUOTA_APLICAVEL_CREDITO","numeric(9)","NAO","",""
"Estoque / Produtos","X13","Notas Fiscais de Saída (Cabeçalho)","X13_MODALIDADE_BASE_ST","varchar(50)","NAO","",""
"Estoque / Produtos","X13","Notas Fiscais de Saída (Cabeçalho)","X13_ALIQUOTA_ICMS_ST","numeric(9)","NAO","",""
"Estoque / Produtos","X13","Notas Fiscais de Saída (Cabeçalho)","X13_ALIQUOTA_ICMS_ST_MVA","numeric(9)","NAO","",""
"Estoque / Produtos","X13","Notas Fiscais de Saída (Cabeçalho)","X13_ALIQUOTA_PIS_ST","numeric(9)","NAO","",""
"Estoque / Produtos","X13","Notas Fiscais de Saída (Cabeçalho)","X13_ALIQUOTA_COFINS_ST","numeric(9)","NAO","",""
"Estoque / Produtos","X13","Notas Fiscais de Saída (Cabeçalho)","X13_MOTIVO_DESONERACAO_ICMS","varchar(100)","NAO","",""
"Estoque / Produtos","X13","Notas Fiscais de Saída (Cabeçalho)","X13_CODIGO_BENEFICIO_FISCAL_UF","varchar(20)","NAO","",""
"Estoque / Produtos","X13","Notas Fiscais de Saída (Cabeçalho)","X13_ALIQUOTA_ICMS_DIFERIMENTO","numeric(9)","NAO","",""
"Estoque / Produtos","X13","Notas Fiscais de Saída (Cabeçalho)","X13_ALIQUOTA_ICMS_RBC","numeric(9)","NAO","",""
"Estoque / Produtos","X13","Notas Fiscais de Saída (Cabeçalho)","X13_ALIQUOTA_ICMS_ST_FCP","numeric(9)","NAO","",""
"Estoque / Produtos","X13","Notas Fiscais de Saída (Cabeçalho)","X13_ALIQUOTA_ICMS_EFETIVO","numeric(9)","NAO","",""
"Estoque / Produtos","X13","Notas Fiscais de Saída (Cabeçalho)","X13_PARTILHA_ICMS","bit(1)","NAO","",""
"Estoque / Produtos","X13","Notas Fiscais de Saída (Cabeçalho)","X13_ALIQUOTA_ICMS_ST_RETIDO","numeric(9)","NAO","",""
"Estoque / Produtos","X13","Notas Fiscais de Saída (Cabeçalho)","X13_ALIQUOTA_ICMS_PRESUMIDO","numeric(9)","NAO","",""
"Estoque / Produtos","X13","Notas Fiscais de Saída (Cabeçalho)","X13_FORMA_CALCULO_PARTILHA_ICMS","varchar(100)","NAO","",""
"Estoque / Produtos","X13","Notas Fiscais de Saída (Cabeçalho)","X13_REDUCAO_BASE_PARTILHA_ICMS","varchar(50)","NAO","",""
"Estoque / Produtos","X13","Notas Fiscais de Saída (Cabeçalho)","X13_DESTACAR_VALOR_PARTILHA_ICMS","varchar(50)","NAO","","Campo monetário"
"Estoque / Produtos","X13","Notas Fiscais de Saída (Cabeçalho)","X13_ALIQUOTA_ICMS_ST_FCP_RETIDO","numeric(9)","NAO","",""
"Estoque / Produtos","X13","Notas Fiscais de Saída (Cabeçalho)","X13_ALIQUOTA_ICMS_ST_RBC","numeric(9)","NAO","",""
"Estoque / Produtos","X13","Notas Fiscais de Saída (Cabeçalho)","X13_CST_ICMS","varchar(150)","NAO","",""
"Estoque / Produtos","X13","Notas Fiscais de Saída (Cabeçalho)","X13_CSOSN","varchar(150)","NAO","",""
"Estoque / Produtos","X13","Notas Fiscais de Saída (Cabeçalho)","X13_CST_IPI","varchar(150)","NAO","",""
"Estoque / Produtos","X13","Notas Fiscais de Saída (Cabeçalho)","X13_CST_PIS","varchar(150)","NAO","",""
"Estoque / Produtos","X13","Notas Fiscais de Saída (Cabeçalho)","X13_CST_COFINS","varchar(150)","NAO","",""
"Estoque / Produtos","X13","Notas Fiscais de Saída (Cabeçalho)","X13_ALIQUOTA_ICMS_RBC_EFETIVO","numeric(9)","NAO","",""
"Estoque / Produtos","X13","Notas Fiscais de Saída (Cabeçalho)","X13_LANCAR_CONTAS","bit(1)","NAO","",""
"Estoque / Produtos","X13","Notas Fiscais de Saída (Cabeçalho)","X13_STATUS","varchar(20)","NAO","","Máquina de estados (Aberto, Fechado, etc)"
"Estoque / Produtos","X13","Notas Fiscais de Saída (Cabeçalho)","X13_DATA_BLOQUEIO","datetime(8)","NAO","",""
"Estoque / Produtos","X13","Notas Fiscais de Saída (Cabeçalho)","X13_DATA_REATIVACAO","datetime(8)","NAO","",""
"Estoque / Produtos","X13","Notas Fiscais de Saída (Cabeçalho)","X13_DESCONTAR_ICMS_PIS_COFINS","bit(1)","NAO","",""
"Estoque / Produtos","X13","Notas Fiscais de Saída (Cabeçalho)","X13_EXIBIR_VALOR_IBPT","bit(1)","NAO","","Campo monetário"
"Estoque / Produtos","X13","Notas Fiscais de Saída (Cabeçalho)","X13_EXPORTACAO","bit(1)","NAO","",""
"Estoque / Produtos","X13","Notas Fiscais de Saída (Cabeçalho)","X13_COMPLEMENTO_TRIBUTO","bit(1)","NAO","",""
"Estoque / Produtos","X13","Notas Fiscais de Saída (Cabeçalho)","X13_SUFRAMA","bit(1)","NAO","",""
"Estoque / Produtos","X13","Notas Fiscais de Saída (Cabeçalho)","X13_MARCADOR","varchar(100)","NAO","",""
"Estoque / Produtos","X13","Notas Fiscais de Saída (Cabeçalho)","X13_SOMA_IPI_BASE_ICMS","bit(1)","NAO","",""
"Estoque / Produtos","X13","Notas Fiscais de Saída (Cabeçalho)","X13_ALIQUOTA_IS","numeric(9)","NAO","",""
"Estoque / Produtos","X13","Notas Fiscais de Saída (Cabeçalho)","X13_CST_IS","varchar(150)","NAO","",""
"Estoque / Produtos","X13","Notas Fiscais de Saída (Cabeçalho)","X13_ALIQUOTA_CBS","numeric(9)","NAO","",""
"Estoque / Produtos","X13","Notas Fiscais de Saída (Cabeçalho)","X13_CST_IBS_CBS","varchar(150)","NAO","",""
"Estoque / Produtos","X13","Notas Fiscais de Saída (Cabeçalho)","X13_ALIQUOTA_IBS_UF","numeric(9)","NAO","",""
"Estoque / Produtos","X13","Notas Fiscais de Saída (Cabeçalho)","X13_ALIQUOTA_IBS_MUN","numeric(9)","NAO","",""
"Estoque / Produtos","X13","Notas Fiscais de Saída (Cabeçalho)","X52_ID","int(4)","NAO","X52",""
"Estoque / Produtos","X13","Notas Fiscais de Saída (Cabeçalho)","X13_IBS_CBS","bit(1)","NAO","",""
"Estoque / Produtos","X13","Notas Fiscais de Saída (Cabeçalho)","X13_DESCONTAR_ICMS_PROPRIO","bit(1)","NAO","",""
"Estoque / Produtos","X13","Notas Fiscais de Saída (Cabeçalho)","X13_ALIQUOTA_CBS_REGULAR","numeric(9)","NAO","",""
"Estoque / Produtos","X13","Notas Fiscais de Saída (Cabeçalho)","X13_CST_IBS_CBS_REGULAR","varchar(150)","NAO","",""
"Estoque / Produtos","X13","Notas Fiscais de Saída (Cabeçalho)","X13_ALIQUOTA_IBS_UF_REGULAR","numeric(9)","NAO","",""
"Estoque / Produtos","X13","Notas Fiscais de Saída (Cabeçalho)","X13_ALIQUOTA_IBS_MUN_REGULAR","numeric(9)","NAO","",""
"Estoque / Produtos","X13","Notas Fiscais de Saída (Cabeçalho)","X52_ID_1","int(4)","NAO","",""
"Estoque / Produtos","X13","Notas Fiscais de Saída (Cabeçalho)","X13_CPF","bit(1)","NAO","",""
"Estoque / Produtos","X13","Notas Fiscais de Saída (Cabeçalho)","X13_TIPO_CREDITO","varchar(50)","NAO","",""
"Estoque / Produtos","X13","Notas Fiscais de Saída (Cabeçalho)","X13_TIPO_DEBITO","varchar(50)","NAO","",""
"Estoque / Produtos","X13","Notas Fiscais de Saída (Cabeçalho)","X13_CREDITO_SN","bit(1)","NAO","",""
"Estoque / Produtos","X13","Notas Fiscais de Saída (Cabeçalho)","X13_ALIQUOTA_DIFERIMENTO_IBS_UF","numeric(9)","NAO","",""
"Estoque / Produtos","X13","Notas Fiscais de Saída (Cabeçalho)","X13_ALIQUOTA_DIFERIMENTO_IBS_MUN","numeric(9)","NAO","",""
"Estoque / Produtos","X13","Notas Fiscais de Saída (Cabeçalho)","X13_ALIQUOTA_DIFERIMENTO_CBS","numeric(9)","NAO","",""
"Estoque / Produtos","X13","Notas Fiscais de Saída (Cabeçalho)","X13_ICMS_ISENTO","bit(1)","NAO","",""
"Fiscal / Faturamento","X17","Itens das Notas de Saída","X17_ID","int(4)","SIM","",""
"Fiscal / Faturamento","X17","Itens das Notas de Saída","S1_ID","int(4)","NAO","S1",""
"Fiscal / Faturamento","X17","Itens das Notas de Saída","X17_SELECIONE","bit(1)","NAO","",""
"Fiscal / Faturamento","X17","Itens das Notas de Saída","X17_DATA_INCLUSAO","datetime(8)","NAO","",""
"Fiscal / Faturamento","X17","Itens das Notas de Saída","X17_DATA_ALTERACAO","datetime(8)","NAO","",""
"Fiscal / Faturamento","X17","Itens das Notas de Saída","X17_USUARIO_INCLUSAO","varchar(50)","NAO","",""
"Fiscal / Faturamento","X17","Itens das Notas de Saída","X17_USUARIO_ALTERACAO","varchar(50)","NAO","",""
"Fiscal / Faturamento","X17","Itens das Notas de Saída","X13_ID","int(4)","NAO","X13",""
"Fiscal / Faturamento","X17","Itens das Notas de Saída","X17_DESTINO","varchar(2)","NAO","",""
"Fiscal / Faturamento","X17","Itens das Notas de Saída","X17_PRODUTO","varchar(50)","NAO","",""
"Fiscal / Faturamento","X17","Itens das Notas de Saída","X17_ORIGEM","varchar(150)","NAO","",""
"Fiscal / Faturamento","X17","Itens das Notas de Saída","X17_NCM","varchar(100)","NAO","",""
"Fiscal / Faturamento","X17","Itens das Notas de Saída","G6_ID","int(4)","NAO","G6",""
"Fiscal / Faturamento","X17","Itens das Notas de Saída","X17_ALIQUOTA_APLICAVEL_CREDITO","numeric(9)","NAO","",""
"Fiscal / Faturamento","X17","Itens das Notas de Saída","X17_ALIQUOTA_ICMS","numeric(9)","NAO","",""
"Fiscal / Faturamento","X17","Itens das Notas de Saída","X17_ALIQUOTA_ICMS_DIFERIMENTO","numeric(9)","NAO","",""
"Fiscal / Faturamento","X17","Itens das Notas de Saída","X17_ALIQUOTA_ICMS_EFETIVO","numeric(9)","NAO","",""
"Fiscal / Faturamento","X17","Itens das Notas de Saída","X17_ALIQUOTA_ICMS_FCP","numeric(9)","NAO","",""
"Fiscal / Faturamento","X17","Itens das Notas de Saída","X17_ALIQUOTA_ICMS_PRESUMIDO","numeric(9)","NAO","",""
"Fiscal / Faturamento","X17","Itens das Notas de Saída","X17_ALIQUOTA_ICMS_RBC","numeric(9)","NAO","",""
"Fiscal / Faturamento","X17","Itens das Notas de Saída","X17_CFOP_ICMS","varchar(5)","NAO","",""
"Fiscal / Faturamento","X17","Itens das Notas de Saída","X17_CODIGO_BENEFICIO_FISCAL_UF","varchar(20)","NAO","",""
"Fiscal / Faturamento","X17","Itens das Notas de Saída","X17_CSOSN","varchar(100)","NAO","",""
"Fiscal / Faturamento","X17","Itens das Notas de Saída","X17_CST_ICMS","varchar(150)","NAO","",""
"Fiscal / Faturamento","X17","Itens das Notas de Saída","X17_MODALIDADE_BASE","varchar(50)","NAO","",""
"Fiscal / Faturamento","X17","Itens das Notas de Saída","X17_MOTIVO_DESONERACAO_ICMS","varchar(100)","NAO","",""
"Fiscal / Faturamento","X17","Itens das Notas de Saída","X17_MODALIDADE_BASE_ST","varchar(50)","NAO","",""
"Fiscal / Faturamento","X17","Itens das Notas de Saída","X17_ALIQUOTA_ICMS_ST","numeric(9)","NAO","",""
"Fiscal / Faturamento","X17","Itens das Notas de Saída","X17_ALIQUOTA_ICMS_ST_MVA","numeric(9)","NAO","",""
"Fiscal / Faturamento","X17","Itens das Notas de Saída","X17_ALIQUOTA_PIS_ST","numeric(9)","NAO","",""
"Fiscal / Faturamento","X17","Itens das Notas de Saída","X17_ALIQUOTA_COFINS_ST","numeric(9)","NAO","",""
"Fiscal / Faturamento","X17","Itens das Notas de Saída","X17_ALIQUOTA_ICMS_ST_FCP","numeric(9)","NAO","",""
"Fiscal / Faturamento","X17","Itens das Notas de Saída","X17_ALIQUOTA_ICMS_ST_RBC","numeric(9)","NAO","",""
"Fiscal / Faturamento","X17","Itens das Notas de Saída","X17_ALIQUOTA_ICMS_RBC_EFETIVO","numeric(9)","NAO","",""
"Fiscal / Faturamento","X17","Itens das Notas de Saída","X17_ALIQUOTA_ICMS_ST_RETIDO","numeric(9)","NAO","",""
"Fiscal / Faturamento","X17","Itens das Notas de Saída","X17_ALIQUOTA_ICMS_ST_FCP_RETIDO","numeric(9)","NAO","",""
"Fiscal / Faturamento","X18","Tabela do Sistema Petrus","X18_ID","int(4)","SIM","",""
"Fiscal / Faturamento","X18","Tabela do Sistema Petrus","S1_ID","int(4)","NAO","S1",""
"Fiscal / Faturamento","X18","Tabela do Sistema Petrus","X18_SELECIONE","bit(1)","NAO","",""
"Fiscal / Faturamento","X18","Tabela do Sistema Petrus","X18_DATA_INCLUSAO","datetime(8)","NAO","",""
"Fiscal / Faturamento","X18","Tabela do Sistema Petrus","X18_DATA_ALTERACAO","datetime(8)","NAO","",""
"Fiscal / Faturamento","X18","Tabela do Sistema Petrus","X18_USUARIO_INCLUSAO","varchar(50)","NAO","",""
"Fiscal / Faturamento","X18","Tabela do Sistema Petrus","X18_USUARIO_ALTERACAO","varchar(50)","NAO","",""
"Fiscal / Faturamento","X18","Tabela do Sistema Petrus","X13_ID","int(4)","NAO","X13",""
"Fiscal / Faturamento","X18","Tabela do Sistema Petrus","X18_CST","varchar(150)","NAO","",""
"Fiscal / Faturamento","X18","Tabela do Sistema Petrus","X18_ALIQUOTA_IPI","numeric(9)","NAO","",""
"Fiscal / Faturamento","X18","Tabela do Sistema Petrus","X18_DESTINO","varchar(2)","NAO","",""
"Fiscal / Faturamento","X18","Tabela do Sistema Petrus","X18_PRODUTO","varchar(50)","NAO","",""
"Fiscal / Faturamento","X18","Tabela do Sistema Petrus","X18_ORIGEM","varchar(150)","NAO","",""
"Fiscal / Faturamento","X18","Tabela do Sistema Petrus","X18_NCM","varchar(100)","NAO","",""
"Fiscal / Faturamento","X18","Tabela do Sistema Petrus","X18_ENQ_IPI","int(4)","NAO","",""
"Fiscal / Faturamento","X18","Tabela do Sistema Petrus","G6_ID","int(4)","NAO","G6",""
"Fiscal / Faturamento","X19","Tabela do Sistema Petrus","X19_ID","int(4)","SIM","",""
"Fiscal / Faturamento","X19","Tabela do Sistema Petrus","S1_ID","int(4)","NAO","S1",""
"Fiscal / Faturamento","X19","Tabela do Sistema Petrus","X19_SELECIONE","bit(1)","NAO","",""
"Fiscal / Faturamento","X19","Tabela do Sistema Petrus","X19_DATA_INCLUSAO","datetime(8)","NAO","",""
"Fiscal / Faturamento","X19","Tabela do Sistema Petrus","X19_DATA_ALTERACAO","datetime(8)","NAO","",""
"Fiscal / Faturamento","X19","Tabela do Sistema Petrus","X19_USUARIO_INCLUSAO","varchar(50)","NAO","",""
"Fiscal / Faturamento","X19","Tabela do Sistema Petrus","X19_USUARIO_ALTERACAO","varchar(50)","NAO","",""
"Fiscal / Faturamento","X19","Tabela do Sistema Petrus","X13_ID","int(4)","NAO","X13",""
"Fiscal / Faturamento","X19","Tabela do Sistema Petrus","X19_CST","varchar(150)","NAO","",""
"Fiscal / Faturamento","X19","Tabela do Sistema Petrus","X19_ALIQUOTA_PIS","numeric(9)","NAO","",""
"Fiscal / Faturamento","X19","Tabela do Sistema Petrus","X19_DESTINO","varchar(2)","NAO","",""
"Fiscal / Faturamento","X19","Tabela do Sistema Petrus","X19_PRODUTO","varchar(50)","NAO","",""
"Fiscal / Faturamento","X19","Tabela do Sistema Petrus","X19_ORIGEM","varchar(150)","NAO","",""
"Fiscal / Faturamento","X19","Tabela do Sistema Petrus","X19_NCM","varchar(100)","NAO","",""
"Fiscal / Faturamento","X19","Tabela do Sistema Petrus","G6_ID","int(4)","NAO","G6",""
"Fiscal / Faturamento","X20","Tabela do Sistema Petrus","X20_ID","int(4)","SIM","",""
"Fiscal / Faturamento","X20","Tabela do Sistema Petrus","S1_ID","int(4)","NAO","S1",""
"Fiscal / Faturamento","X20","Tabela do Sistema Petrus","X20_SELECIONE","bit(1)","NAO","",""
"Fiscal / Faturamento","X20","Tabela do Sistema Petrus","X20_DATA_INCLUSAO","datetime(8)","NAO","",""
"Fiscal / Faturamento","X20","Tabela do Sistema Petrus","X20_DATA_ALTERACAO","datetime(8)","NAO","",""
"Fiscal / Faturamento","X20","Tabela do Sistema Petrus","X20_USUARIO_INCLUSAO","varchar(50)","NAO","",""
"Fiscal / Faturamento","X20","Tabela do Sistema Petrus","X20_USUARIO_ALTERACAO","varchar(50)","NAO","",""
"Fiscal / Faturamento","X20","Tabela do Sistema Petrus","X13_ID","int(4)","NAO","X13",""
"Fiscal / Faturamento","X20","Tabela do Sistema Petrus","X20_CST","varchar(150)","NAO","",""
"Fiscal / Faturamento","X20","Tabela do Sistema Petrus","X20_ALIQUOTA_COFINS","numeric(9)","NAO","",""
"Fiscal / Faturamento","X20","Tabela do Sistema Petrus","X20_DESTINO","varchar(2)","NAO","",""
"Fiscal / Faturamento","X20","Tabela do Sistema Petrus","X20_PRODUTO","varchar(50)","NAO","",""
"Fiscal / Faturamento","X20","Tabela do Sistema Petrus","X20_ORIGEM","varchar(150)","NAO","",""
"Fiscal / Faturamento","X20","Tabela do Sistema Petrus","X20_NCM","varchar(100)","NAO","",""
"Fiscal / Faturamento","X20","Tabela do Sistema Petrus","G6_ID","int(4)","NAO","G6",""
"Fiscal / Faturamento","X25","Tabela do Sistema Petrus","X25_ID","int(4)","SIM","",""
"Fiscal / Faturamento","X25","Tabela do Sistema Petrus","S1_ID","int(4)","NAO","S1",""
"Fiscal / Faturamento","X25","Tabela do Sistema Petrus","X25_DESCRICAO","varchar(100)","NAO","",""
"Fiscal / Faturamento","X25","Tabela do Sistema Petrus","X25_SELECIONE","bit(1)","NAO","",""
"Fiscal / Faturamento","X25","Tabela do Sistema Petrus","X25_DATA_INCLUSAO","datetime(8)","NAO","",""
"Fiscal / Faturamento","X25","Tabela do Sistema Petrus","X25_DATA_ALTERACAO","datetime(8)","NAO","",""
"Fiscal / Faturamento","X25","Tabela do Sistema Petrus","X25_USUARIO_INCLUSAO","varchar(50)","NAO","",""
"Fiscal / Faturamento","X25","Tabela do Sistema Petrus","X25_USUARIO_ALTERACAO","varchar(50)","NAO","",""
"Fiscal / Faturamento","X26","Tabela do Sistema Petrus","X26_ID","int(4)","SIM","",""
"Fiscal / Faturamento","X26","Tabela do Sistema Petrus","S1_ID","int(4)","NAO","S1",""
"Fiscal / Faturamento","X26","Tabela do Sistema Petrus","X26_DESCRICAO","varchar(100)","NAO","",""
"Fiscal / Faturamento","X26","Tabela do Sistema Petrus","X26_SELECIONE","bit(1)","NAO","",""
"Fiscal / Faturamento","X26","Tabela do Sistema Petrus","X26_DATA_INCLUSAO","datetime(8)","NAO","",""
"Fiscal / Faturamento","X26","Tabela do Sistema Petrus","X26_DATA_ALTERACAO","datetime(8)","NAO","",""
"Fiscal / Faturamento","X26","Tabela do Sistema Petrus","X26_USUARIO_INCLUSAO","varchar(50)","NAO","",""
"Fiscal / Faturamento","X26","Tabela do Sistema Petrus","X26_USUARIO_ALTERACAO","varchar(50)","NAO","",""
"Fiscal / Faturamento","X3","Tabela do Sistema Petrus","X3_ID","int(4)","SIM","",""
"Fiscal / Faturamento","X3","Tabela do Sistema Petrus","S1_ID","int(4)","NAO","S1",""
"Fiscal / Faturamento","X3","Tabela do Sistema Petrus","X3_DESCRICAO","varchar(300)","NAO","",""
"Fiscal / Faturamento","X3","Tabela do Sistema Petrus","X3_SELECIONE","bit(1)","NAO","",""
"Fiscal / Faturamento","X3","Tabela do Sistema Petrus","X3_DATA_INCLUSAO","datetime(8)","NAO","",""
"Fiscal / Faturamento","X3","Tabela do Sistema Petrus","X3_DATA_ALTERACAO","datetime(8)","NAO","",""
"Fiscal / Faturamento","X3","Tabela do Sistema Petrus","X3_USUARIO_INCLUSAO","varchar(50)","NAO","",""
"Fiscal / Faturamento","X3","Tabela do Sistema Petrus","X3_USUARIO_ALTERACAO","varchar(50)","NAO","",""
"Fiscal / Faturamento","X32","Tabela do Sistema Petrus","X32_ID","int(4)","SIM","",""
"Fiscal / Faturamento","X32","Tabela do Sistema Petrus","S1_ID","int(4)","NAO","S1",""
"Fiscal / Faturamento","X32","Tabela do Sistema Petrus","X32_SELECIONE","bit(1)","NAO","",""
"Fiscal / Faturamento","X32","Tabela do Sistema Petrus","X32_DATA_INCLUSAO","datetime(8)","NAO","",""
"Fiscal / Faturamento","X32","Tabela do Sistema Petrus","X32_DATA_ALTERACAO","datetime(8)","NAO","",""
"Fiscal / Faturamento","X32","Tabela do Sistema Petrus","X32_USUARIO_INCLUSAO","varchar(50)","NAO","",""
"Fiscal / Faturamento","X32","Tabela do Sistema Petrus","X32_USUARIO_ALTERACAO","varchar(50)","NAO","",""
"Fiscal / Faturamento","X32","Tabela do Sistema Petrus","X32_DESCRICAO","varchar(150)","NAO","",""
"Fiscal / Faturamento","X33","Tabela do Sistema Petrus","X33_ID","int(4)","SIM","",""
"Fiscal / Faturamento","X33","Tabela do Sistema Petrus","S1_ID","int(4)","NAO","S1",""
"Fiscal / Faturamento","X33","Tabela do Sistema Petrus","X33_SELECIONE","bit(1)","NAO","",""
"Fiscal / Faturamento","X33","Tabela do Sistema Petrus","X33_DATA_INCLUSAO","datetime(8)","NAO","",""
"Fiscal / Faturamento","X33","Tabela do Sistema Petrus","X33_DATA_ALTERACAO","datetime(8)","NAO","",""
"Fiscal / Faturamento","X33","Tabela do Sistema Petrus","X33_USUARIO_INCLUSAO","varchar(50)","NAO","",""
"Fiscal / Faturamento","X33","Tabela do Sistema Petrus","X33_USUARIO_ALTERACAO","varchar(50)","NAO","",""
"Fiscal / Faturamento","X33","Tabela do Sistema Petrus","X33_ALIQUOTA_ICMS_INTERESTADUAL","numeric(9)","NAO","",""
"Fiscal / Faturamento","X33","Tabela do Sistema Petrus","X33_ALIQUOTA_ICMS_INTERNA","numeric(9)","NAO","",""
"Fiscal / Faturamento","X33","Tabela do Sistema Petrus","X33_ALIQUOTA_ICMS_FCP","numeric(9)","NAO","",""
"Fiscal / Faturamento","X33","Tabela do Sistema Petrus","X12_ID","int(4)","NAO","X12",""
"Fiscal / Faturamento","X34","Tabela do Sistema Petrus","X34_ID","int(4)","SIM","",""
"Fiscal / Faturamento","X34","Tabela do Sistema Petrus","S1_ID","int(4)","NAO","S1",""
"Fiscal / Faturamento","X34","Tabela do Sistema Petrus","X34_DESCRICAO","varchar(500)","NAO","",""
"Fiscal / Faturamento","X34","Tabela do Sistema Petrus","X34_SELECIONE","bit(1)","NAO","",""
"Fiscal / Faturamento","X34","Tabela do Sistema Petrus","X34_DATA_INCLUSAO","datetime(8)","NAO","",""
"Fiscal / Faturamento","X34","Tabela do Sistema Petrus","X34_DATA_ALTERACAO","datetime(8)","NAO","",""
"Fiscal / Faturamento","X34","Tabela do Sistema Petrus","X34_USUARIO_INCLUSAO","varchar(50)","NAO","",""
"Fiscal / Faturamento","X34","Tabela do Sistema Petrus","X34_USUARIO_ALTERACAO","varchar(50)","NAO","",""
"Fiscal / Faturamento","X35","Tabela do Sistema Petrus","X35_ID","int(4)","SIM","",""
"Fiscal / Faturamento","X35","Tabela do Sistema Petrus","S1_ID","int(4)","NAO","S1",""
"Fiscal / Faturamento","X35","Tabela do Sistema Petrus","X35_DESCRICAO","varchar(50)","NAO","",""
"Fiscal / Faturamento","X35","Tabela do Sistema Petrus","X35_TIPO_FATURAMENTO","varchar(15)","NAO","",""
"Fiscal / Faturamento","X35","Tabela do Sistema Petrus","X35_SELECIONE","bit(1)","NAO","",""
"Fiscal / Faturamento","X35","Tabela do Sistema Petrus","X35_DATA_INCLUSAO","datetime(8)","NAO","",""
"Fiscal / Faturamento","X35","Tabela do Sistema Petrus","X35_DATA_ALTERACAO","datetime(8)","NAO","",""
"Fiscal / Faturamento","X35","Tabela do Sistema Petrus","X35_USUARIO_INCLUSAO","varchar(50)","NAO","",""
"Fiscal / Faturamento","X35","Tabela do Sistema Petrus","X35_USUARIO_ALTERACAO","varchar(50)","NAO","",""
"Fiscal / Faturamento","X35","Tabela do Sistema Petrus","X13_ID","int(4)","NAO","X13",""
"Fiscal / Faturamento","X4","Tabela do Sistema Petrus","X4_ID","int(4)","SIM","",""
"Fiscal / Faturamento","X4","Tabela do Sistema Petrus","S1_ID","int(4)","NAO","S1",""
"Fiscal / Faturamento","X4","Tabela do Sistema Petrus","X4_NOME","varchar(50)","NAO","",""
"Fiscal / Faturamento","X4","Tabela do Sistema Petrus","X9_ID","int(4)","NAO","X9",""
"Fiscal / Faturamento","X4","Tabela do Sistema Petrus","X10_ID","int(4)","NAO","X10",""
"Fiscal / Faturamento","X4","Tabela do Sistema Petrus","X12_ID","int(4)","NAO","X12",""
"Fiscal / Faturamento","X4","Tabela do Sistema Petrus","X4_SELECIONE","bit(1)","NAO","",""
"Fiscal / Faturamento","X4","Tabela do Sistema Petrus","X4_DATA_INCLUSAO","datetime(8)","NAO","",""
"Fiscal / Faturamento","X4","Tabela do Sistema Petrus","X4_DATA_ALTERACAO","datetime(8)","NAO","",""
"Fiscal / Faturamento","X4","Tabela do Sistema Petrus","X4_USUARIO_INCLUSAO","varchar(50)","NAO","",""
"Fiscal / Faturamento","X4","Tabela do Sistema Petrus","X4_USUARIO_ALTERACAO","varchar(50)","NAO","",""
"Fiscal / Faturamento","X4","Tabela do Sistema Petrus","X44_ID","int(4)","NAO","X44",""
"Fiscal / Faturamento","X40","Tabela do Sistema Petrus","X40_ID","int(4)","SIM","",""
"Fiscal / Faturamento","X40","Tabela do Sistema Petrus","S1_ID","int(4)","NAO","S1",""
"Fiscal / Faturamento","X40","Tabela do Sistema Petrus","X40_DESCRICAO","varchar(300)","NAO","",""
"Fiscal / Faturamento","X40","Tabela do Sistema Petrus","X40_SELECIONE","bit(1)","NAO","",""
"Fiscal / Faturamento","X40","Tabela do Sistema Petrus","X40_DATA_INCLUSAO","datetime(8)","NAO","",""
"Fiscal / Faturamento","X40","Tabela do Sistema Petrus","X40_DATA_ALTERACAO","datetime(8)","NAO","",""
"Fiscal / Faturamento","X40","Tabela do Sistema Petrus","X40_USUARIO_INCLUSAO","varchar(50)","NAO","",""
"Fiscal / Faturamento","X40","Tabela do Sistema Petrus","X40_USUARIO_ALTERACAO","varchar(50)","NAO","",""
"Fiscal / Faturamento","X41","Tabela do Sistema Petrus","X41_ID","int(4)","SIM","",""
"Fiscal / Faturamento","X41","Tabela do Sistema Petrus","S1_ID","int(4)","NAO","S1",""
"Fiscal / Faturamento","X41","Tabela do Sistema Petrus","X41_DESCRICAO","varchar(300)","NAO","",""
"Fiscal / Faturamento","X41","Tabela do Sistema Petrus","X41_SELECIONE","bit(1)","NAO","",""
"Fiscal / Faturamento","X41","Tabela do Sistema Petrus","X41_DATA_INCLUSAO","datetime(8)","NAO","",""
"Fiscal / Faturamento","X41","Tabela do Sistema Petrus","X41_DATA_ALTERACAO","datetime(8)","NAO","",""
"Fiscal / Faturamento","X41","Tabela do Sistema Petrus","X41_USUARIO_INCLUSAO","varchar(50)","NAO","",""
"Fiscal / Faturamento","X41","Tabela do Sistema Petrus","X41_USUARIO_ALTERACAO","varchar(50)","NAO","",""
"Fiscal / Faturamento","X42","Tabela do Sistema Petrus","X42_ID","int(4)","SIM","",""
"Fiscal / Faturamento","X42","Tabela do Sistema Petrus","S1_ID","int(4)","NAO","S1",""
"Fiscal / Faturamento","X42","Tabela do Sistema Petrus","X42_DESCRICAO","varchar(300)","NAO","",""
"Fiscal / Faturamento","X42","Tabela do Sistema Petrus","X42_SELECIONE","bit(1)","NAO","",""
"Fiscal / Faturamento","X42","Tabela do Sistema Petrus","X42_DATA_INCLUSAO","datetime(8)","NAO","",""
"Fiscal / Faturamento","X42","Tabela do Sistema Petrus","X42_DATA_ALTERACAO","datetime(8)","NAO","",""
"Fiscal / Faturamento","X42","Tabela do Sistema Petrus","X42_USUARIO_INCLUSAO","varchar(50)","NAO","",""
"Fiscal / Faturamento","X42","Tabela do Sistema Petrus","X42_USUARIO_ALTERACAO","varchar(50)","NAO","",""
"Fiscal / Faturamento","X44","Tabela do Sistema Petrus","X44_ID","int(4)","SIM","",""
"Fiscal / Faturamento","X44","Tabela do Sistema Petrus","S1_ID","int(4)","NAO","S1",""
"Fiscal / Faturamento","X44","Tabela do Sistema Petrus","X44_NOME","varchar(50)","NAO","",""
"Fiscal / Faturamento","X44","Tabela do Sistema Petrus","X10_ID","int(4)","NAO","X10",""
"Fiscal / Faturamento","X44","Tabela do Sistema Petrus","X44_SELECIONE","bit(1)","NAO","",""
"Fiscal / Faturamento","X44","Tabela do Sistema Petrus","X44_DATA_INCLUSAO","datetime(8)","NAO","",""
"Fiscal / Faturamento","X44","Tabela do Sistema Petrus","X44_DATA_ALTERACAO","datetime(8)","NAO","",""
"Fiscal / Faturamento","X44","Tabela do Sistema Petrus","X44_USUARIO_INCLUSAO","varchar(50)","NAO","",""
"Fiscal / Faturamento","X44","Tabela do Sistema Petrus","X44_USUARIO_ALTERACAO","varchar(50)","NAO","",""
"Fiscal / Faturamento","X45","Tabela do Sistema Petrus","X45_ID","int(4)","SIM","",""
"Fiscal / Faturamento","X45","Tabela do Sistema Petrus","S1_ID","int(4)","NAO","S1",""
"Fiscal / Faturamento","X45","Tabela do Sistema Petrus","X45_DESCRICAO","varchar(50)","NAO","",""
"Fiscal / Faturamento","X45","Tabela do Sistema Petrus","X45_SELECIONE","bit(1)","NAO","",""
"Fiscal / Faturamento","X45","Tabela do Sistema Petrus","X45_DATA_INCLUSAO","datetime(8)","NAO","",""
"Fiscal / Faturamento","X45","Tabela do Sistema Petrus","X45_DATA_ALTERACAO","datetime(8)","NAO","",""
"Fiscal / Faturamento","X45","Tabela do Sistema Petrus","X45_USUARIO_INCLUSAO","varchar(50)","NAO","",""
"Fiscal / Faturamento","X45","Tabela do Sistema Petrus","X45_USUARIO_ALTERACAO","varchar(50)","NAO","",""
"Fiscal / Faturamento","X50","Tabela do Sistema Petrus","X50_ID","int(4)","SIM","",""
"Fiscal / Faturamento","X50","Tabela do Sistema Petrus","S1_ID","int(4)","NAO","S1",""
"Fiscal / Faturamento","X50","Tabela do Sistema Petrus","X50_SELECIONE","bit(1)","NAO","",""
"Fiscal / Faturamento","X50","Tabela do Sistema Petrus","X50_DATA_INCLUSAO","datetime(8)","NAO","",""
"Fiscal / Faturamento","X50","Tabela do Sistema Petrus","X50_DATA_ALTERACAO","datetime(8)","NAO","",""
"Fiscal / Faturamento","X50","Tabela do Sistema Petrus","X50_USUARIO_INCLUSAO","varchar(50)","NAO","",""
"Fiscal / Faturamento","X50","Tabela do Sistema Petrus","X50_USUARIO_ALTERACAO","varchar(50)","NAO","",""
"Fiscal / Faturamento","X50","Tabela do Sistema Petrus","X13_ID","int(4)","NAO","X13",""
"Fiscal / Faturamento","X50","Tabela do Sistema Petrus","X50_CST","varchar(150)","NAO","",""
"Fiscal / Faturamento","X50","Tabela do Sistema Petrus","X50_ALIQUOTA_IS","numeric(9)","NAO","",""
"Fiscal / Faturamento","X50","Tabela do Sistema Petrus","X50_DESTINO","varchar(2)","NAO","",""
"Fiscal / Faturamento","X50","Tabela do Sistema Petrus","X50_PRODUTO","varchar(50)","NAO","",""
"Fiscal / Faturamento","X50","Tabela do Sistema Petrus","X50_ORIGEM","varchar(150)","NAO","",""
"Fiscal / Faturamento","X50","Tabela do Sistema Petrus","X50_NCM","varchar(100)","NAO","",""
"Fiscal / Faturamento","X50","Tabela do Sistema Petrus","G6_ID","int(4)","NAO","G6",""
"Fiscal / Faturamento","X51","Tabela do Sistema Petrus","X51_ID","int(4)","SIM","",""
"Fiscal / Faturamento","X51","Tabela do Sistema Petrus","S1_ID","int(4)","NAO","S1",""
"Fiscal / Faturamento","X51","Tabela do Sistema Petrus","X51_SELECIONE","bit(1)","NAO","",""
"Fiscal / Faturamento","X51","Tabela do Sistema Petrus","X51_DATA_INCLUSAO","datetime(8)","NAO","",""
"Fiscal / Faturamento","X51","Tabela do Sistema Petrus","X51_DATA_ALTERACAO","datetime(8)","NAO","",""
"Fiscal / Faturamento","X51","Tabela do Sistema Petrus","X51_USUARIO_INCLUSAO","varchar(50)","NAO","",""
"Fiscal / Faturamento","X51","Tabela do Sistema Petrus","X51_USUARIO_ALTERACAO","varchar(50)","NAO","",""
"Fiscal / Faturamento","X51","Tabela do Sistema Petrus","X13_ID","int(4)","NAO","X13",""
"Fiscal / Faturamento","X51","Tabela do Sistema Petrus","X51_CST","varchar(150)","NAO","",""
"Fiscal / Faturamento","X51","Tabela do Sistema Petrus","X51_ALIQUOTA_CBS","numeric(9)","NAO","",""
"Fiscal / Faturamento","X51","Tabela do Sistema Petrus","X51_DESTINO","varchar(2)","NAO","",""
"Fiscal / Faturamento","X51","Tabela do Sistema Petrus","X51_PRODUTO","varchar(50)","NAO","",""
"Fiscal / Faturamento","X51","Tabela do Sistema Petrus","X51_ORIGEM","varchar(150)","NAO","",""
"Fiscal / Faturamento","X51","Tabela do Sistema Petrus","X51_NCM","varchar(100)","NAO","",""
"Fiscal / Faturamento","X51","Tabela do Sistema Petrus","G6_ID","int(4)","NAO","G6",""
"Fiscal / Faturamento","X51","Tabela do Sistema Petrus","X51_ALIQUOTA_IBS_UF","numeric(9)","NAO","",""
"Fiscal / Faturamento","X51","Tabela do Sistema Petrus","X51_ALIQUOTA_IBS_MUN","numeric(9)","NAO","",""
"Fiscal / Faturamento","X51","Tabela do Sistema Petrus","X52_ID","int(4)","NAO","X52",""
"Fiscal / Faturamento","X51","Tabela do Sistema Petrus","X51_CODIGO_BENEFICIO_FISCAL_UF","varchar(20)","NAO","",""
"Fiscal / Faturamento","X52","Tabela do Sistema Petrus","X52_ID","int(4)","SIM","",""
"Fiscal / Faturamento","X52","Tabela do Sistema Petrus","S1_ID","int(4)","NAO","S1",""
"Fiscal / Faturamento","X52","Tabela do Sistema Petrus","X52_DESCRICAO","varchar(50)","NAO","",""
"Fiscal / Faturamento","X52","Tabela do Sistema Petrus","X52_SELECIONE","bit(1)","NAO","",""
"Fiscal / Faturamento","X52","Tabela do Sistema Petrus","X52_DATA_INCLUSAO","datetime(8)","NAO","",""
"Fiscal / Faturamento","X52","Tabela do Sistema Petrus","X52_DATA_ALTERACAO","datetime(8)","NAO","",""
"Fiscal / Faturamento","X52","Tabela do Sistema Petrus","X52_USUARIO_INCLUSAO","varchar(50)","NAO","",""
"Fiscal / Faturamento","X52","Tabela do Sistema Petrus","X52_USUARIO_ALTERACAO","varchar(50)","NAO","",""
"Fiscal / Faturamento","X52","Tabela do Sistema Petrus","X52_ALIQUOTA_REDUCAO_CBS","numeric(9)","NAO","",""
"Fiscal / Faturamento","X52","Tabela do Sistema Petrus","X52_ALIQUOTA_REDUCAO_IBS_MUNICIPAL","numeric(9)","NAO","",""
"Fiscal / Faturamento","X52","Tabela do Sistema Petrus","X52_CODIGO","varchar(50)","NAO","",""
"Fiscal / Faturamento","X52","Tabela do Sistema Petrus","X52_CST","varchar(50)","NAO","",""
"Fiscal / Faturamento","X52","Tabela do Sistema Petrus","X52_ALIQUOTA_REDUCAO_IBS_ESTADUAL","numeric(9)","NAO","",""
"Fiscal / Faturamento","X52","Tabela do Sistema Petrus","X52_OBS","varchar(-1)","NAO","",""
"Fiscal / Faturamento","X53","Tabela do Sistema Petrus","X53_ID","int(4)","SIM","",""
"Fiscal / Faturamento","X53","Tabela do Sistema Petrus","S1_ID","int(4)","NAO","S1",""
"Fiscal / Faturamento","X53","Tabela do Sistema Petrus","X53_SIGLA","varchar(50)","NAO","",""
"Fiscal / Faturamento","X53","Tabela do Sistema Petrus","X53_SELECIONE","bit(1)","NAO","",""
"Fiscal / Faturamento","X53","Tabela do Sistema Petrus","X53_DATA_INCLUSAO","datetime(8)","NAO","",""
"Fiscal / Faturamento","X53","Tabela do Sistema Petrus","X53_DATA_ALTERACAO","datetime(8)","NAO","",""
"Fiscal / Faturamento","X53","Tabela do Sistema Petrus","X53_USUARIO_INCLUSAO","varchar(50)","NAO","",""
"Fiscal / Faturamento","X53","Tabela do Sistema Petrus","X53_USUARIO_ALTERACAO","varchar(50)","NAO","",""
"Fiscal / Faturamento","X53","Tabela do Sistema Petrus","X13_ID","int(4)","NAO","X13",""
"Fiscal / Faturamento","X53","Tabela do Sistema Petrus","S1_ID_1","int(4)","NAO","",""
"Fiscal / Faturamento","X6","Tabela do Sistema Petrus","X6_ID","int(4)","SIM","",""
"Fiscal / Faturamento","X6","Tabela do Sistema Petrus","S1_ID","int(4)","NAO","S1",""
"Fiscal / Faturamento","X6","Tabela do Sistema Petrus","X6_DESCRICAO","varchar(300)","NAO","",""
"Fiscal / Faturamento","X6","Tabela do Sistema Petrus","X6_SELECIONE","bit(1)","NAO","",""
"Fiscal / Faturamento","X6","Tabela do Sistema Petrus","X6_DATA_INCLUSAO","datetime(8)","NAO","",""
"Fiscal / Faturamento","X6","Tabela do Sistema Petrus","X6_DATA_ALTERACAO","datetime(8)","NAO","",""
"Fiscal / Faturamento","X6","Tabela do Sistema Petrus","X6_USUARIO_INCLUSAO","varchar(50)","NAO","",""
"Fiscal / Faturamento","X6","Tabela do Sistema Petrus","X6_USUARIO_ALTERACAO","varchar(50)","NAO","",""
"Fiscal / Faturamento","X6","Tabela do Sistema Petrus","X6_COD_SETOR","int(4)","NAO","",""
"Fiscal / Faturamento","X6","Tabela do Sistema Petrus","X6_SETOR","varchar(150)","NAO","",""
"Fiscal / Faturamento","X7","Tabela do Sistema Petrus","X7_ID","int(4)","SIM","",""
"Fiscal / Faturamento","X7","Tabela do Sistema Petrus","S1_ID","int(4)","NAO","S1",""
"Fiscal / Faturamento","X7","Tabela do Sistema Petrus","X7_NOME","varchar(50)","NAO","",""
"Fiscal / Faturamento","X7","Tabela do Sistema Petrus","X7_SELECIONE","bit(1)","NAO","",""
"Fiscal / Faturamento","X7","Tabela do Sistema Petrus","X7_DATA_INCLUSAO","datetime(8)","NAO","",""
"Fiscal / Faturamento","X7","Tabela do Sistema Petrus","X7_DATA_ALTERACAO","datetime(8)","NAO","",""
"Fiscal / Faturamento","X7","Tabela do Sistema Petrus","X7_USUARIO_INCLUSAO","varchar(50)","NAO","",""
"Fiscal / Faturamento","X7","Tabela do Sistema Petrus","X7_USUARIO_ALTERACAO","varchar(50)","NAO","",""
"Fiscal / Faturamento","X8","Tabela do Sistema Petrus","X8_ID","int(4)","SIM","",""
"Fiscal / Faturamento","X8","Tabela do Sistema Petrus","S1_ID","int(4)","NAO","S1",""
"Fiscal / Faturamento","X8","Tabela do Sistema Petrus","X8_SELECIONE","bit(1)","NAO","",""
"Fiscal / Faturamento","X8","Tabela do Sistema Petrus","X8_DATA_INCLUSAO","datetime(8)","NAO","",""
"Fiscal / Faturamento","X8","Tabela do Sistema Petrus","X8_DATA_ALTERACAO","datetime(8)","NAO","",""
"Fiscal / Faturamento","X8","Tabela do Sistema Petrus","X8_USUARIO_INCLUSAO","varchar(50)","NAO","",""
"Fiscal / Faturamento","X8","Tabela do Sistema Petrus","X8_USUARIO_ALTERACAO","varchar(50)","NAO","",""
"Fiscal / Faturamento","X8","Tabela do Sistema Petrus","X8_DESCRICAO","varchar(-1)","NAO","",""
"Fiscal / Faturamento","X8","Tabela do Sistema Petrus","X8_DATA_INICIO","datetime(8)","NAO","",""
"Fiscal / Faturamento","X8","Tabela do Sistema Petrus","X8_DATA_FIM","datetime(8)","NAO","",""
"Fiscal / Faturamento","X8","Tabela do Sistema Petrus","X8_TIPO_ATO","varchar(50)","NAO","",""
"Fiscal / Faturamento","X8","Tabela do Sistema Petrus","X8_NUMERO_ATO","int(4)","NAO","",""
"Fiscal / Faturamento","X8","Tabela do Sistema Petrus","X8_ANO_ATO","int(4)","NAO","",""
"Fiscal / Faturamento","X8","Tabela do Sistema Petrus","X8_PERCENTUAL_ESTADUAL","numeric(9)","NAO","",""
"Fiscal / Faturamento","X8","Tabela do Sistema Petrus","X8_PERCENTUAL_FEDERAL","numeric(9)","NAO","",""
"Fiscal / Faturamento","X8","Tabela do Sistema Petrus","X8_PERCENTUAL_FEDERAL_IMPORTADOS","numeric(9)","NAO","",""
"Fiscal / Faturamento","X8","Tabela do Sistema Petrus","X8_PERCENTUAL_MUNICIPAL","numeric(9)","NAO","",""
"Fiscal / Faturamento","X9","Tabela do Sistema Petrus","X9_ID","int(4)","SIM","",""
"Fiscal / Faturamento","X9","Tabela do Sistema Petrus","S1_ID","int(4)","NAO","S1",""
"Fiscal / Faturamento","X9","Tabela do Sistema Petrus","X9_NOME","varchar(50)","NAO","",""
"Fiscal / Faturamento","X9","Tabela do Sistema Petrus","X9_SELECIONE","bit(1)","NAO","",""
"Fiscal / Faturamento","X9","Tabela do Sistema Petrus","X9_DATA_INCLUSAO","datetime(8)","NAO","",""
"Fiscal / Faturamento","X9","Tabela do Sistema Petrus","X9_DATA_ALTERACAO","datetime(8)","NAO","",""
"Fiscal / Faturamento","X9","Tabela do Sistema Petrus","X9_USUARIO_INCLUSAO","varchar(50)","NAO","",""
"Fiscal / Faturamento","X9","Tabela do Sistema Petrus","X9_USUARIO_ALTERACAO","varchar(50)","NAO","",""
"Fiscal / Faturamento","X9","Tabela do Sistema Petrus","X9_SIGLA","varchar(10)","NAO","",""